gen,description,ret,max_dd,nav,trades,wins,losses,wr,sharpe,pf,status
0,Gen 0: النواة المعتمدة السابقة v127.2,1070.3653559693344,27.03947220871062,4681.461423877337,1554,828,726,53.28185328185329,1.9186674811863564,2.682001484947577,BASELINE
1,Gen 1: وقف P1 = 1.8 ATR,1070.3653559693344,27.03947220871062,4681.461423877337,1554,828,726,53.28185328185329,1.9186674811863564,2.682001484947577,MUTATED
2,Gen 2: وقف P1 = 1.817 ATR,1070.3653559693344,27.03947220871062,4681.461423877337,1554,828,726,53.28185328185329,1.9186674811863564,2.682001484947577,MUTATED
3,Gen 3: وقف P1 = 1.833 ATR,1070.3653559693344,27.03947220871062,4681.461423877337,1554,828,726,53.28185328185329,1.9186674811863564,2.682001484947577,MUTATED
4,Gen 4: وقف P1 = 1.85 ATR,1070.3653559693344,27.03947220871062,4681.461423877337,1554,828,726,53.28185328185329,1.9186674811863564,2.682001484947577,MUTATED
5,Gen 5: وقف P1 = 1.867 ATR,1070.3653559693344,27.03947220871062,4681.461423877337,1554,828,726,53.28185328185329,1.9186674811863564,2.682001484947577,MUTATED
6,Gen 6: وقف P1 = 1.883 ATR,1070.3653559693344,27.03947220871062,4681.461423877337,1554,828,726,53.28185328185329,1.9186674811863564,2.682001484947577,MUTATED
7,Gen 7: وقف P1 = 1.9 ATR,1070.3653559693344,27.03947220871062,4681.461423877337,1554,828,726,53.28185328185329,1.9186674811863564,2.682001484947577,MUTATED
8,Gen 8: وقف P1 = 1.917 ATR,1070.3653559693344,27.03947220871062,4681.461423877337,1554,828,726,53.28185328185329,1.9186674811863564,2.682001484947577,MUTATED
9,Gen 9: وقف P1 = 1.933 ATR,1070.3653559693344,27.03947220871062,4681.461423877337,1554,828,726,53.28185328185329,1.9186674811863564,2.682001484947577,MUTATED
10,Gen 10: وقف P1 = 1.95 ATR,1070.3653559693344,27.03947220871062,4681.461423877337,1554,828,726,53.28185328185329,1.9186674811863564,2.682001484947577,MUTATED
11,Gen 11: T1 في P1 = 5.0 ATR (20%),1070.3653559693344,27.03947220871062,4681.461423877337,1554,828,726,53.28185328185329,1.9186674811863564,2.682001484947577,MUTATED
12,Gen 12: T1 في P1 = 5.09 ATR (20%),1070.3653559693344,27.03947220871062,4681.461423877337,1554,828,726,53.28185328185329,1.9186674811863564,2.682001484947577,MUTATED
13,Gen 13: T1 في P1 = 5.18 ATR (20%),1070.3653559693344,27.03947220871062,4681.461423877337,1554,828,726,53.28185328185329,1.9186674811863564,2.682001484947577,MUTATED
14,Gen 14: T1 في P1 = 5.27 ATR (20%),1070.3653559693344,27.03947220871062,4681.461423877337,1554,828,726,53.28185328185329,1.9186674811863564,2.682001484947577,MUTATED
15,Gen 15: T1 في P1 = 5.36 ATR (20%),1070.3653559693344,27.03947220871062,4681.461423877337,1554,828,726,53.28185328185329,1.9186674811863564,2.682001484947577,MUTATED
16,Gen 16: T1 في P1 = 5.44 ATR (20%),1070.3653559693344,27.03947220871062,4681.461423877337,1554,828,726,53.28185328185329,1.9186674811863564,2.682001484947577,MUTATED
17,Gen 17: T1 في P1 = 5.53 ATR (20%),1070.3653559693344,27.03947220871062,4681.461423877337,1554,828,726,53.28185328185329,1.9186674811863564,2.682001484947577,MUTATED
18,Gen 18: T1 في P1 = 5.62 ATR (20%),1070.3653559693344,27.03947220871062,4681.461423877337,1554,828,726,53.28185328185329,1.9186674811863564,2.682001484947577,MUTATED
19,Gen 19: T1 في P1 = 5.71 ATR (20%),1070.3653559693344,27.03947220871062,4681.461423877337,1554,828,726,53.28185328185329,1.9186674811863564,2.682001484947577,MUTATED
20,Gen 20: T1 في P1 = 5.8 ATR (20%),1070.3653559693344,27.03947220871062,4681.461423877337,1554,828,726,53.28185328185329,1.9186674811863564,2.682001484947577,MUTATED
21,Gen 21: T1 في S2 = 3.8 ATR (15%),1061.4368099505523,27.06316420120441,4645.74723980221,1506,819,687,54.38247011952191,1.9074679151020115,2.716458396110903,ADOPTED
22,Gen 22: T1 في S2 = 3.89 ATR (15%),1063.89867134845,27.05784875426685,4655.5946853938,1531,827,704,54.01698236446767,1.9101473784219265,2.708051926607959,ADOPTED
23,Gen 23: T1 في S2 = 3.98 ATR (15%),1063.89867134845,27.05784875426685,4655.5946853938,1531,827,704,54.01698236446767,1.9101473784219265,2.708051926607959,MUTATED
24,Gen 24: T1 في S2 = 4.07 ATR (15%),1063.89867134845,27.05784875426685,4655.5946853938,1531,827,704,54.01698236446767,1.9101473784219265,2.708051926607959,MUTATED
25,Gen 25: T1 في S2 = 4.16 ATR (15%),1065.4185380367128,27.041849289452053,4661.674152146851,1532,817,715,53.3289817232376,1.913128064448854,2.6951675532275368,ADOPTED
26,Gen 26: T1 في S2 = 4.24 ATR (15%),1068.852521887978,27.03709337296839,4675.4100875519125,1551,823,728,53.06254029658285,1.91725451877622,2.682309904994092,ADOPTED
27,Gen 27: T1 في S2 = 4.33 ATR (15%),1068.8529117693968,27.031734570792626,4675.411647077587,1551,822,729,52.9980657640232,1.917299176000472,2.6821524627334874,ADOPTED
28,Gen 28: T1 في S2 = 4.42 ATR (15%),1074.242151061898,27.026366867928047,4696.968604247592,1539,814,725,52.89148797920728,1.9218065890596707,2.677292393927315,ADOPTED
29,Gen 29: T1 في S2 = 4.51 ATR (15%),1074.4513482600096,27.02099025328616,4697.805393040038,1537,812,725,52.83018867924528,1.9220597839933704,2.6768958375038374,ADOPTED
30,Gen 30: T1 في S2 = 4.6 ATR (15%),1069.5909604609158,27.16789295522916,4678.363841843663,1521,803,718,52.79421433267587,1.9148764534751288,2.6907547561377765,ADOPTED
31,Gen 31: الوقف المتحرك P1 = 0.02,1071.634860963842,27.16789295522916,4686.539443855368,1521,803,718,52.79421433267587,1.915818221699721,2.692284571658849,ADOPTED
32,Gen 32: الوقف المتحرك P1 = 0.0211,1071.634860963842,27.16789295522916,4686.539443855368,1521,803,718,52.79421433267587,1.915818221699721,2.692284571658849,MUTATED
33,Gen 33: الوقف المتحرك P1 = 0.0222,1071.634860963842,27.16789295522916,4686.539443855368,1521,803,718,52.79421433267587,1.915818221699721,2.692284571658849,MUTATED
34,Gen 34: الوقف المتحرك P1 = 0.0233,1071.634860963842,27.16789295522916,4686.539443855368,1521,803,718,52.79421433267587,1.915818221699721,2.692284571658849,MUTATED
35,Gen 35: الوقف المتحرك P1 = 0.0244,1071.634860963842,27.16789295522916,4686.539443855368,1521,803,718,52.79421433267587,1.915818221699721,2.692284571658849,MUTATED
36,Gen 36: الوقف المتحرك P1 = 0.0256,1071.634860963842,27.16789295522916,4686.539443855368,1521,803,718,52.79421433267587,1.915818221699721,2.692284571658849,MUTATED
37,Gen 37: الوقف المتحرك P1 = 0.0267,1071.634860963842,27.16789295522916,4686.539443855368,1521,803,718,52.79421433267587,1.915818221699721,2.692284571658849,MUTATED
38,Gen 38: الوقف المتحرك P1 = 0.0278,1071.634860963842,27.16789295522916,4686.539443855368,1521,803,718,52.79421433267587,1.915818221699721,2.692284571658849,MUTATED
39,Gen 39: الوقف المتحرك P1 = 0.0289,1071.634860963842,27.16789295522916,4686.539443855368,1521,803,718,52.79421433267587,1.915818221699721,2.692284571658849,MUTATED
40,Gen 40: الوقف المتحرك P1 = 0.03,1071.634860963842,27.16789295522916,4686.539443855368,1521,803,718,52.79421433267587,1.915818221699721,2.692284571658849,MUTATED
41,Gen 41: كابح الهبوط P1 = 8 شمعة,1071.634860963842,27.16789295522916,4686.539443855368,1521,803,718,52.79421433267587,1.915818221699721,2.692284571658849,MUTATED
42,Gen 42: كابح الهبوط P1 = 9 شمعة,1071.634860963842,27.16789295522916,4686.539443855368,1521,803,718,52.79421433267587,1.915818221699721,2.692284571658849,MUTATED
43,Gen 43: كابح الهبوط P1 = 10 شمعة,1071.634860963842,27.16789295522916,4686.539443855368,1521,803,718,52.79421433267587,1.915818221699721,2.692284571658849,MUTATED
44,Gen 44: كابح الهبوط P1 = 11 شمعة,1071.634860963842,27.16789295522916,4686.539443855368,1521,803,718,52.79421433267587,1.915818221699721,2.692284571658849,MUTATED
45,Gen 45: كابح الهبوط P1 = 12 شمعة,1071.634860963842,27.16789295522916,4686.539443855368,1521,803,718,52.79421433267587,1.915818221699721,2.692284571658849,MUTATED
46,Gen 46: كابح الهبوط P1 = 13 شمعة,1071.634860963842,27.16789295522916,4686.539443855368,1521,803,718,52.79421433267587,1.915818221699721,2.692284571658849,MUTATED
47,Gen 47: كابح الهبوط P1 = 14 شمعة,1071.634860963842,27.16789295522916,4686.539443855368,1521,803,718,52.79421433267587,1.915818221699721,2.692284571658849,MUTATED
48,Gen 48: كابح الهبوط P1 = 15 شمعة,1071.634860963842,27.16789295522916,4686.539443855368,1521,803,718,52.79421433267587,1.915818221699721,2.692284571658849,MUTATED
49,Gen 49: كابح الهبوط P1 = 16 شمعة,1071.634860963842,27.16789295522916,4686.539443855368,1521,803,718,52.79421433267587,1.915818221699721,2.692284571658849,MUTATED
50,Gen 50: كابح الهبوط P1 = 17 شمعة,1071.634860963842,27.16789295522916,4686.539443855368,1521,803,718,52.79421433267587,1.915818221699721,2.692284571658849,MUTATED
51,Gen 51: مخاطرة P1 = 3.2%,1071.634860963842,27.16789295522916,4686.539443855368,1521,803,718,52.79421433267587,1.915818221699721,2.692284571658849,MUTATED
52,Gen 52: مخاطرة P1 = 3.3%,1071.634860963842,27.16789295522916,4686.539443855368,1521,803,718,52.79421433267587,1.915818221699721,2.692284571658849,MUTATED
53,Gen 53: مخاطرة P1 = 3.4%,1071.634860963842,27.16789295522916,4686.539443855368,1521,803,718,52.79421433267587,1.915818221699721,2.692284571658849,MUTATED
54,Gen 54: مخاطرة P1 = 3.5%,1071.634860963842,27.16789295522916,4686.539443855368,1521,803,718,52.79421433267587,1.915818221699721,2.692284571658849,MUTATED
55,Gen 55: مخاطرة P1 = 3.6%,1071.634860963842,27.16789295522916,4686.539443855368,1521,803,718,52.79421433267587,1.915818221699721,2.692284571658849,MUTATED
56,Gen 56: مخاطرة P1 = 3.8%,1071.634860963842,27.16789295522916,4686.539443855368,1521,803,718,52.79421433267587,1.915818221699721,2.692284571658849,MUTATED
57,Gen 57: مخاطرة P1 = 3.9%,1071.634860963842,27.16789295522916,4686.539443855368,1521,803,718,52.79421433267587,1.915818221699721,2.692284571658849,MUTATED
58,Gen 58: مخاطرة P1 = 4.0%,1071.634860963842,27.16789295522916,4686.539443855368,1521,803,718,52.79421433267587,1.915818221699721,2.692284571658849,MUTATED
59,Gen 59: مخاطرة P1 = 4.1%,1071.634860963842,27.16789295522916,4686.539443855368,1521,803,718,52.79421433267587,1.915818221699721,2.692284571658849,MUTATED
60,Gen 60: مخاطرة P1 = 4.2%,1071.634860963842,27.16789295522916,4686.539443855368,1521,803,718,52.79421433267587,1.915818221699721,2.692284571658849,MUTATED
61,"Gen 61: ميزانيات [np.float64(75.0), np.float64(12.5), np.float64(12.5)]",1071.634860963842,27.16789295522916,4686.539443855368,1521,803,718,52.79421433267587,1.915818221699721,2.692284571658849,MUTATED
62,"Gen 62: ميزانيات [np.float64(75.77777777777777), np.float64(12.1), np.float64(12.1)]",1071.634860963842,27.16789295522916,4686.539443855368,1521,803,718,52.79421433267587,1.915818221699721,2.692284571658849,MUTATED
63,"Gen 63: ميزانيات [np.float64(76.55555555555556), np.float64(11.7), np.float64(11.7)]",1071.634860963842,27.16789295522916,4686.539443855368,1521,803,718,52.79421433267587,1.915818221699721,2.692284571658849,MUTATED
64,"Gen 64: ميزانيات [np.float64(77.33333333333333), np.float64(11.3), np.float64(11.4)]",1071.634860963842,27.16789295522916,4686.539443855368,1521,803,718,52.79421433267587,1.915818221699721,2.692284571658849,MUTATED
65,"Gen 65: ميزانيات [np.float64(78.11111111111111), np.float64(10.9), np.float64(11.0)]",1071.634860963842,27.16789295522916,4686.539443855368,1521,803,718,52.79421433267587,1.915818221699721,2.692284571658849,MUTATED
66,"Gen 66: ميزانيات [np.float64(78.88888888888889), np.float64(10.6), np.float64(10.5)]",1071.634860963842,27.16789295522916,4686.539443855368,1521,803,718,52.79421433267587,1.915818221699721,2.692284571658849,MUTATED
67,"Gen 67: ميزانيات [np.float64(79.66666666666667), np.float64(10.2), np.float64(10.1)]",1071.634860963842,27.16789295522916,4686.539443855368,1521,803,718,52.79421433267587,1.915818221699721,2.692284571658849,MUTATED
68,"Gen 68: ميزانيات [np.float64(80.44444444444444), np.float64(9.8), np.float64(9.8)]",1071.634860963842,27.16789295522916,4686.539443855368,1521,803,718,52.79421433267587,1.915818221699721,2.692284571658849,MUTATED
69,"Gen 69: ميزانيات [np.float64(81.22222222222223), np.float64(9.4), np.float64(9.4)]",1071.634860963842,27.16789295522916,4686.539443855368,1521,803,718,52.79421433267587,1.915818221699721,2.692284571658849,MUTATED
70,"Gen 70: ميزانيات [np.float64(82.0), np.float64(9.0), np.float64(9.0)]",1071.634860963842,27.16789295522916,4686.539443855368,1521,803,718,52.79421433267587,1.915818221699721,2.692284571658849,MUTATED
71,Gen 71: تصعيد P1 = 3.2 ATR (10%),1071.634860963842,27.16789295522916,4686.539443855368,1521,803,718,52.79421433267587,1.915818221699721,2.692284571658849,MUTATED
72,Gen 72: تصعيد P1 = 3.31 ATR (10%),1071.634860963842,27.16789295522916,4686.539443855368,1521,803,718,52.79421433267587,1.915818221699721,2.692284571658849,MUTATED
73,Gen 73: تصعيد P1 = 3.42 ATR (10%),1071.634860963842,27.16789295522916,4686.539443855368,1521,803,718,52.79421433267587,1.915818221699721,2.692284571658849,MUTATED
74,Gen 74: تصعيد P1 = 3.53 ATR (10%),1071.634860963842,27.16789295522916,4686.539443855368,1521,803,718,52.79421433267587,1.915818221699721,2.692284571658849,MUTATED
75,Gen 75: تصعيد P1 = 3.64 ATR (10%),1071.634860963842,27.16789295522916,4686.539443855368,1521,803,718,52.79421433267587,1.915818221699721,2.692284571658849,MUTATED
76,Gen 76: تصعيد P1 = 3.76 ATR (10%),1071.634860963842,27.16789295522916,4686.539443855368,1521,803,718,52.79421433267587,1.915818221699721,2.692284571658849,MUTATED
77,Gen 77: تصعيد P1 = 3.87 ATR (10%),1071.634860963842,27.16789295522916,4686.539443855368,1521,803,718,52.79421433267587,1.915818221699721,2.692284571658849,MUTATED
78,Gen 78: تصعيد P1 = 3.98 ATR (10%),1071.634860963842,27.16789295522916,4686.539443855368,1521,803,718,52.79421433267587,1.915818221699721,2.692284571658849,MUTATED
79,Gen 79: تصعيد P1 = 4.09 ATR (10%),1071.634860963842,27.16789295522916,4686.539443855368,1521,803,718,52.79421433267587,1.915818221699721,2.692284571658849,MUTATED
80,Gen 80: تصعيد P1 = 4.2 ATR (10%),1071.634860963842,27.16789295522916,4686.539443855368,1521,803,718,52.79421433267587,1.915818221699721,2.692284571658849,MUTATED
81,Gen 81: بوابة RS في P1 = 0.06,1071.634860963842,27.16789295522916,4686.539443855368,1521,803,718,52.79421433267587,1.915818221699721,2.692284571658849,MUTATED
82,Gen 82: بوابة RS في P1 = 0.071,1071.634860963842,27.16789295522916,4686.539443855368,1521,803,718,52.79421433267587,1.915818221699721,2.692284571658849,MUTATED
83,Gen 83: بوابة RS في P1 = 0.082,1071.634860963842,27.16789295522916,4686.539443855368,1521,803,718,52.79421433267587,1.915818221699721,2.692284571658849,MUTATED
84,Gen 84: بوابة RS في P1 = 0.093,1071.634860963842,27.16789295522916,4686.539443855368,1521,803,718,52.79421433267587,1.915818221699721,2.692284571658849,MUTATED
85,Gen 85: بوابة RS في P1 = 0.104,1071.634860963842,27.16789295522916,4686.539443855368,1521,803,718,52.79421433267587,1.915818221699721,2.692284571658849,MUTATED
86,Gen 86: بوابة RS في P1 = 0.116,1071.634860963842,27.16789295522916,4686.539443855368,1521,803,718,52.79421433267587,1.915818221699721,2.692284571658849,MUTATED
87,Gen 87: بوابة RS في P1 = 0.127,1071.634860963842,27.16789295522916,4686.539443855368,1521,803,718,52.79421433267587,1.915818221699721,2.692284571658849,MUTATED
88,Gen 88: بوابة RS في P1 = 0.138,1071.634860963842,27.16789295522916,4686.539443855368,1521,803,718,52.79421433267587,1.915818221699721,2.692284571658849,MUTATED
89,Gen 89: بوابة RS في P1 = 0.149,1071.634860963842,27.16789295522916,4686.539443855368,1521,803,718,52.79421433267587,1.915818221699721,2.692284571658849,MUTATED
90,Gen 90: بوابة RS في P1 = 0.16,1071.634860963842,27.16789295522916,4686.539443855368,1521,803,718,52.79421433267587,1.915818221699721,2.692284571658849,MUTATED
91,Gen 91: خروج RSI في P1 = 80.0,1071.634860963842,27.16789295522916,4686.539443855368,1521,803,718,52.79421433267587,1.915818221699721,2.692284571658849,MUTATED
92,Gen 92: خروج RSI في P1 = 81.1,1071.634860963842,27.16789295522916,4686.539443855368,1521,803,718,52.79421433267587,1.915818221699721,2.692284571658849,MUTATED
93,Gen 93: خروج RSI في P1 = 82.2,1071.634860963842,27.16789295522916,4686.539443855368,1521,803,718,52.79421433267587,1.915818221699721,2.692284571658849,MUTATED
94,Gen 94: خروج RSI في P1 = 83.3,1071.634860963842,27.16789295522916,4686.539443855368,1521,803,718,52.79421433267587,1.915818221699721,2.692284571658849,MUTATED
95,Gen 95: خروج RSI في P1 = 84.4,1071.634860963842,27.16789295522916,4686.539443855368,1521,803,718,52.79421433267587,1.915818221699721,2.692284571658849,MUTATED
96,Gen 96: خروج RSI في P1 = 85.6,1071.634860963842,27.16789295522916,4686.539443855368,1521,803,718,52.79421433267587,1.915818221699721,2.692284571658849,MUTATED
97,Gen 97: خروج RSI في P1 = 86.7,1071.634860963842,27.16789295522916,4686.539443855368,1521,803,718,52.79421433267587,1.915818221699721,2.692284571658849,MUTATED
98,Gen 98: خروج RSI في P1 = 87.8,1071.634860963842,27.16789295522916,4686.539443855368,1521,803,718,52.79421433267587,1.915818221699721,2.692284571658849,MUTATED
99,Gen 99: خروج RSI في P1 = 88.9,1071.634860963842,27.16789295522916,4686.539443855368,1521,803,718,52.79421433267587,1.915818221699721,2.692284571658849,MUTATED
100,Gen 100: خروج RSI في P1 = 90.0,1071.634860963842,27.16789295522916,4686.539443855368,1521,803,718,52.79421433267587,1.915818221699721,2.692284571658849,MUTATED
101,Gen 101: تمديد RSI في P1 = 85.0,1071.634860963842,27.16789295522916,4686.539443855368,1521,803,718,52.79421433267587,1.915818221699721,2.692284571658849,MUTATED
102,Gen 102: تمديد RSI في P1 = 86.0,1071.634860963842,27.16789295522916,4686.539443855368,1521,803,718,52.79421433267587,1.915818221699721,2.692284571658849,MUTATED
103,Gen 103: تمديد RSI في P1 = 87.0,1071.634860963842,27.16789295522916,4686.539443855368,1521,803,718,52.79421433267587,1.915818221699721,2.692284571658849,MUTATED
104,Gen 104: تمديد RSI في P1 = 88.0,1071.634860963842,27.16789295522916,4686.539443855368,1521,803,718,52.79421433267587,1.915818221699721,2.692284571658849,MUTATED
105,Gen 105: تمديد RSI في P1 = 89.0,1071.634860963842,27.16789295522916,4686.539443855368,1521,803,718,52.79421433267587,1.915818221699721,2.692284571658849,MUTATED
106,Gen 106: تمديد RSI في P1 = 90.0,1071.634860963842,27.16789295522916,4686.539443855368,1521,803,718,52.79421433267587,1.915818221699721,2.692284571658849,MUTATED
107,Gen 107: تمديد RSI في P1 = 91.0,1071.634860963842,27.16789295522916,4686.539443855368,1521,803,718,52.79421433267587,1.915818221699721,2.692284571658849,MUTATED
108,Gen 108: تمديد RSI في P1 = 92.0,1071.634860963842,27.16789295522916,4686.539443855368,1521,803,718,52.79421433267587,1.915818221699721,2.692284571658849,MUTATED
109,Gen 109: تمديد RSI في P1 = 93.0,1071.634860963842,27.16789295522916,4686.539443855368,1521,803,718,52.79421433267587,1.915818221699721,2.692284571658849,MUTATED
110,Gen 110: تمديد RSI في P1 = 94.0,1071.634860963842,27.16789295522916,4686.539443855368,1521,803,718,52.79421433267587,1.915818221699721,2.692284571658849,MUTATED
111,Gen 111: تعميق T1 في P1 = 5.4 ATR (18%),1080.2660591526208,27.306206253787725,4721.064236610483,1521,803,718,52.79421433267587,1.9154435749317804,2.705063792427607,ADOPTED
112,Gen 112: تعميق T1 في P1 = 5.51 ATR (18%),1086.1425427722072,27.305610392188,4744.570171088829,1521,803,718,52.79421433267587,1.917964203097681,2.708423942216845,ADOPTED
113,Gen 113: تعميق T1 في P1 = 5.62 ATR (18%),1086.1425427722072,27.305610392188,4744.570171088829,1521,803,718,52.79421433267587,1.917964203097681,2.708423942216845,MUTATED
114,Gen 114: تعميق T1 في P1 = 5.73 ATR (18%),1086.1425427722072,27.305610392188,4744.570171088829,1521,803,718,52.79421433267587,1.917964203097681,2.708423942216845,MUTATED
115,Gen 115: تعميق T1 في P1 = 5.84 ATR (18%),1086.1425427722072,27.305610392188,4744.570171088829,1521,803,718,52.79421433267587,1.917964203097681,2.708423942216845,MUTATED
116,Gen 116: تعميق T1 في P1 = 5.96 ATR (18%),1086.1425427722072,27.305610392188,4744.570171088829,1521,803,718,52.79421433267587,1.917964203097681,2.708423942216845,MUTATED
117,Gen 117: تعميق T1 في P1 = 6.07 ATR (18%),1086.1425427722072,27.305610392188,4744.570171088829,1521,803,718,52.79421433267587,1.917964203097681,2.708423942216845,MUTATED
118,Gen 118: تعميق T1 في P1 = 6.18 ATR (18%),1086.1425427722072,27.305610392188,4744.570171088829,1521,803,718,52.79421433267587,1.917964203097681,2.708423942216845,MUTATED
119,Gen 119: تعميق T1 في P1 = 6.29 ATR (18%),1086.1425427722072,27.305610392188,4744.570171088829,1521,803,718,52.79421433267587,1.917964203097681,2.708423942216845,MUTATED
120,Gen 120: تعميق T1 في P1 = 6.4 ATR (18%),1086.1425427722072,27.305610392188,4744.570171088829,1521,803,718,52.79421433267587,1.917964203097681,2.708423942216845,MUTATED
121,Gen 121: جني T2 في P1 = 7.5 ATR (15%),1086.1425427722072,27.305610392188,4744.570171088829,1521,803,718,52.79421433267587,1.917964203097681,2.708423942216845,MUTATED
122,Gen 122: جني T2 في P1 = 7.89 ATR (15%),1086.1425427722072,27.305610392188,4744.570171088829,1521,803,718,52.79421433267587,1.917964203097681,2.708423942216845,MUTATED
123,Gen 123: جني T2 في P1 = 8.28 ATR (15%),1086.1425427722072,27.305610392188,4744.570171088829,1521,803,718,52.79421433267587,1.917964203097681,2.708423942216845,MUTATED
124,Gen 124: جني T2 في P1 = 8.67 ATR (15%),1086.1425427722072,27.305610392188,4744.570171088829,1521,803,718,52.79421433267587,1.917964203097681,2.708423942216845,MUTATED
125,Gen 125: جني T2 في P1 = 9.06 ATR (15%),1086.1425427722072,27.305610392188,4744.570171088829,1521,803,718,52.79421433267587,1.917964203097681,2.708423942216845,MUTATED
126,Gen 126: جني T2 في P1 = 9.44 ATR (15%),1086.1425427722072,27.305610392188,4744.570171088829,1521,803,718,52.79421433267587,1.917964203097681,2.708423942216845,MUTATED
127,Gen 127: جني T2 في P1 = 9.83 ATR (15%),1086.1425427722072,27.305610392188,4744.570171088829,1521,803,718,52.79421433267587,1.917964203097681,2.708423942216845,MUTATED
128,Gen 128: جني T2 في P1 = 10.22 ATR (15%),1086.1425427722072,27.305610392188,4744.570171088829,1521,803,718,52.79421433267587,1.917964203097681,2.708423942216845,MUTATED
129,Gen 129: جني T2 في P1 = 10.61 ATR (15%),1086.1425427722072,27.305610392188,4744.570171088829,1521,803,718,52.79421433267587,1.917964203097681,2.708423942216845,MUTATED
130,Gen 130: جني T2 في P1 = 11.0 ATR (15%),1086.1425427722072,27.305610392188,4744.570171088829,1521,803,718,52.79421433267587,1.917964203097681,2.708423942216845,MUTATED
131,Gen 131: زيادة مخاطرة P1 = 3.60%,1086.1425427722072,27.305610392188,4744.570171088829,1521,803,718,52.79421433267587,1.917964203097681,2.708423942216845,MUTATED
132,Gen 132: زيادة مخاطرة P1 = 3.67%,1086.1425427722072,27.305610392188,4744.570171088829,1521,803,718,52.79421433267587,1.917964203097681,2.708423942216845,MUTATED
133,Gen 133: زيادة مخاطرة P1 = 3.73%,1086.1425427722072,27.305610392188,4744.570171088829,1521,803,718,52.79421433267587,1.917964203097681,2.708423942216845,MUTATED
134,Gen 134: زيادة مخاطرة P1 = 3.80%,1086.1425427722072,27.305610392188,4744.570171088829,1521,803,718,52.79421433267587,1.917964203097681,2.708423942216845,MUTATED
135,Gen 135: زيادة مخاطرة P1 = 3.87%,1086.1425427722072,27.305610392188,4744.570171088829,1521,803,718,52.79421433267587,1.917964203097681,2.708423942216845,MUTATED
136,Gen 136: زيادة مخاطرة P1 = 3.93%,1086.1425427722072,27.305610392188,4744.570171088829,1521,803,718,52.79421433267587,1.917964203097681,2.708423942216845,MUTATED
137,Gen 137: زيادة مخاطرة P1 = 4.00%,1086.1425427722072,27.305610392188,4744.570171088829,1521,803,718,52.79421433267587,1.917964203097681,2.708423942216845,MUTATED
138,Gen 138: زيادة مخاطرة P1 = 4.07%,1086.1425427722072,27.305610392188,4744.570171088829,1521,803,718,52.79421433267587,1.917964203097681,2.708423942216845,MUTATED
139,Gen 139: زيادة مخاطرة P1 = 4.13%,1086.1425427722072,27.305610392188,4744.570171088829,1521,803,718,52.79421433267587,1.917964203097681,2.708423942216845,MUTATED
140,Gen 140: زيادة مخاطرة P1 = 4.20%,1086.1425427722072,27.305610392188,4744.570171088829,1521,803,718,52.79421433267587,1.917964203097681,2.708423942216845,MUTATED
141,Gen 141: تعميق T1 في S2 = 4.2 ATR (15%),1086.9169382806258,27.177259210987952,4747.667753122503,1554,828,726,53.28185328185329,1.9217461932187208,2.6995350041036734,ADOPTED
142,Gen 142: تعميق T1 في S2 = 4.31 ATR (15%),1086.9169382806258,27.177259210987952,4747.667753122503,1554,828,726,53.28185328185329,1.9217461932187208,2.6995350041036734,MUTATED
143,Gen 143: تعميق T1 في S2 = 4.42 ATR (15%),1090.7937333731895,27.16415473726473,4763.174933492758,1539,814,725,52.89148797920728,1.924839715063121,2.6948007074669182,ADOPTED
144,Gen 144: تعميق T1 في S2 = 4.53 ATR (15%),1091.0676615832515,27.15758255001549,4764.270646333007,1537,812,725,52.83018867924528,1.9251647725507053,2.6942795330655587,ADOPTED
145,Gen 145: تعميق T1 في S2 = 4.64 ATR (15%),1091.0676615832515,27.15758255001549,4764.270646333007,1537,812,725,52.83018867924528,1.9251647725507053,2.6942795330655587,MUTATED
146,Gen 146: تعميق T1 في S2 = 4.76 ATR (15%),1091.0676615832515,27.15758255001549,4764.270646333007,1537,812,725,52.83018867924528,1.9251647725507053,2.6942795330655587,MUTATED
147,Gen 147: تعميق T1 في S2 = 4.87 ATR (15%),1091.0676615832515,27.15758255001549,4764.270646333007,1537,812,725,52.83018867924528,1.9251647725507053,2.6942795330655587,MUTATED
148,Gen 148: تعميق T1 في S2 = 4.98 ATR (15%),1091.0676615832515,27.15758255001549,4764.270646333007,1537,812,725,52.83018867924528,1.9251647725507053,2.6942795330655587,MUTATED
149,Gen 149: تعميق T1 في S2 = 5.09 ATR (15%),1091.0676615832515,27.15758255001549,4764.270646333007,1537,812,725,52.83018867924528,1.9251647725507053,2.6942795330655587,MUTATED
150,Gen 150: تعميق T1 في S2 = 5.2 ATR (15%),1091.0676615832515,27.15758255001549,4764.270646333007,1537,812,725,52.83018867924528,1.9251647725507053,2.6942795330655587,MUTATED
151,Gen 151: تعميق T1 في P2 = 3.8 ATR (25%),1091.0676615832515,27.15758255001549,4764.270646333007,1537,812,725,52.83018867924528,1.9251647725507053,2.6942795330655587,MUTATED
152,Gen 152: تعميق T1 في P2 = 3.91 ATR (25%),1091.985520655354,27.15322891165875,4767.942082621416,1538,816,722,53.05591677503251,1.9257966983759225,2.6959987042403264,ADOPTED
153,Gen 153: تعميق T1 في P2 = 4.02 ATR (25%),1091.985520655354,27.15322891165875,4767.942082621416,1538,816,722,53.05591677503251,1.9257966983759225,2.6959987042403264,MUTATED
154,Gen 154: تعميق T1 في P2 = 4.13 ATR (25%),1091.985520655354,27.15322891165875,4767.942082621416,1538,816,722,53.05591677503251,1.9257966983759225,2.6959987042403264,MUTATED
155,Gen 155: تعميق T1 في P2 = 4.24 ATR (25%),1091.9883178151667,27.17763150109068,4767.953271260667,1527,801,726,52.455795677799614,1.925410658331261,2.6960818195847858,ADOPTED
156,Gen 156: تعميق T1 في P2 = 4.36 ATR (25%),1092.558913949341,27.1520822710363,4770.235655797365,1526,799,727,52.35910878112713,1.9258818902181856,2.6958885021175942,ADOPTED
157,Gen 157: تعميق T1 في P2 = 4.47 ATR (25%),1092.558913949341,27.1520822710363,4770.235655797365,1526,799,727,52.35910878112713,1.9258818902181856,2.6958885021175942,MUTATED
158,Gen 158: تعميق T1 في P2 = 4.58 ATR (25%),1092.558913949341,27.1520822710363,4770.235655797365,1526,799,727,52.35910878112713,1.9258818902181856,2.6958885021175942,MUTATED
159,Gen 159: تعميق T1 في P2 = 4.69 ATR (25%),1092.558913949341,27.1520822710363,4770.235655797365,1526,799,727,52.35910878112713,1.9258818902181856,2.6958885021175942,MUTATED
160,Gen 160: تعميق T1 في P2 = 4.8 ATR (25%),1092.558913949341,27.1520822710363,4770.235655797365,1526,799,727,52.35910878112713,1.9258818902181856,2.6958885021175942,MUTATED
161,Gen 161: تعميق T1 في P3 = 4.8 ATR (15%),1091.7630519544364,27.04819750361513,4767.0522078177455,1530,808,722,52.81045751633987,1.9255695040933944,2.70129926217563,ADOPTED
162,Gen 162: تعميق T1 في P3 = 4.93 ATR (15%),1093.3266663598367,27.026583086889605,4773.306665439347,1525,803,722,52.65573770491804,1.92824695182741,2.6955747744360803,ADOPTED
163,Gen 163: تعميق T1 في P3 = 5.07 ATR (15%),1093.66191249666,27.00465632416085,4774.64764998664,1525,802,723,52.59016393442623,1.9292628614317329,2.692235520958482,ADOPTED
164,Gen 164: تعميق T1 في P3 = 5.2 ATR (15%),1093.66191249666,27.00465632416085,4774.64764998664,1525,802,723,52.59016393442623,1.9292628614317329,2.692235520958482,MUTATED
165,Gen 165: تعميق T1 في P3 = 5.33 ATR (15%),1093.66191249666,27.00465632416085,4774.64764998664,1525,802,723,52.59016393442623,1.9292628614317329,2.692235520958482,MUTATED
166,Gen 166: تعميق T1 في P3 = 5.47 ATR (15%),1093.66191249666,27.00465632416085,4774.64764998664,1525,802,723,52.59016393442623,1.9292628614317329,2.692235520958482,MUTATED
167,Gen 167: تعميق T1 في P3 = 5.6 ATR (15%),1093.66191249666,27.00465632416085,4774.64764998664,1525,802,723,52.59016393442623,1.9292628614317329,2.692235520958482,MUTATED
168,Gen 168: تعميق T1 في P3 = 5.73 ATR (15%),1093.66191249666,27.00465632416085,4774.64764998664,1525,802,723,52.59016393442623,1.9292628614317329,2.692235520958482,MUTATED
169,Gen 169: تعميق T1 في P3 = 5.87 ATR (15%),1093.66191249666,27.00465632416085,4774.64764998664,1525,802,723,52.59016393442623,1.9292628614317329,2.692235520958482,MUTATED
170,Gen 170: تعميق T1 في P3 = 6.0 ATR (15%),1093.66191249666,27.00465632416085,4774.64764998664,1525,802,723,52.59016393442623,1.9292628614317329,2.692235520958482,MUTATED
171,"Gen 171: تركيز الميزانيات [np.float64(80.0), np.float64(10.0), np.float64(10.0)]",1093.66191249666,27.00465632416085,4774.64764998664,1525,802,723,52.59016393442623,1.9292628614317329,2.692235520958482,MUTATED
172,"Gen 172: تركيز الميزانيات [np.float64(80.66666666666667), np.float64(9.7), np.float64(9.6)]",1101.707925945906,27.127539729624004,4806.831703783624,1524,802,722,52.6246719160105,1.9308568038709484,2.7029071799485265,ADOPTED
173,"Gen 173: تركيز الميزانيات [np.float64(81.33333333333333), np.float64(9.3), np.float64(9.4)]",1109.8175908904727,27.282634773735182,4839.270363561891,1523,802,721,52.65922521339461,1.931886585341864,2.711956499989346,ADOPTED
174,"Gen 174: تركيز الميزانيات [np.float64(82.0), np.float64(9.0), np.float64(9.0)]",1117.5434432726715,27.44506832385637,4870.173773090686,1522,802,720,52.693823915900126,1.932808502022391,2.7228483106903494,ADOPTED
175,"Gen 175: تركيز الميزانيات [np.float64(82.66666666666667), np.float64(8.7), np.float64(8.6)]",1117.5434432726715,27.44506832385637,4870.173773090686,1522,802,720,52.693823915900126,1.932808502022391,2.7228483106903494,MUTATED
176,"Gen 176: تركيز الميزانيات [np.float64(83.33333333333333), np.float64(8.3), np.float64(8.4)]",1117.5434432726715,27.44506832385637,4870.173773090686,1522,802,720,52.693823915900126,1.932808502022391,2.7228483106903494,MUTATED
177,"Gen 177: تركيز الميزانيات [np.float64(84.0), np.float64(8.0), np.float64(8.0)]",1117.5434432726715,27.44506832385637,4870.173773090686,1522,802,720,52.693823915900126,1.932808502022391,2.7228483106903494,MUTATED
178,"Gen 178: تركيز الميزانيات [np.float64(84.66666666666667), np.float64(7.7), np.float64(7.6)]",1117.5434432726715,27.44506832385637,4870.173773090686,1522,802,720,52.693823915900126,1.932808502022391,2.7228483106903494,MUTATED
179,"Gen 179: تركيز الميزانيات [np.float64(85.33333333333333), np.float64(7.3), np.float64(7.4)]",1117.5434432726715,27.44506832385637,4870.173773090686,1522,802,720,52.693823915900126,1.932808502022391,2.7228483106903494,MUTATED
180,"Gen 180: تركيز الميزانيات [np.float64(86.0), np.float64(7.0), np.float64(7.0)]",1117.5434432726715,27.44506832385637,4870.173773090686,1522,802,720,52.693823915900126,1.932808502022391,2.7228483106903494,MUTATED
181,Gen 181: تصعيد الأرباح P1 = 3.4 ATR (12%),1117.5434432726715,27.44506832385637,4870.173773090686,1522,802,720,52.693823915900126,1.932808502022391,2.7228483106903494,MUTATED
182,Gen 182: تصعيد الأرباح P1 = 3.51 ATR (12%),1117.5434432726715,27.44506832385637,4870.173773090686,1522,802,720,52.693823915900126,1.932808502022391,2.7228483106903494,MUTATED
183,Gen 183: تصعيد الأرباح P1 = 3.62 ATR (12%),1117.5434432726715,27.44506832385637,4870.173773090686,1522,802,720,52.693823915900126,1.932808502022391,2.7228483106903494,MUTATED
184,Gen 184: تصعيد الأرباح P1 = 3.73 ATR (12%),1117.5434432726715,27.44506832385637,4870.173773090686,1522,802,720,52.693823915900126,1.932808502022391,2.7228483106903494,MUTATED
185,Gen 185: تصعيد الأرباح P1 = 3.84 ATR (12%),1117.5434432726715,27.44506832385637,4870.173773090686,1522,802,720,52.693823915900126,1.932808502022391,2.7228483106903494,MUTATED
186,Gen 186: تصعيد الأرباح P1 = 3.96 ATR (12%),1117.5434432726715,27.44506832385637,4870.173773090686,1522,802,720,52.693823915900126,1.932808502022391,2.7228483106903494,MUTATED
187,Gen 187: تصعيد الأرباح P1 = 4.07 ATR (12%),1117.5434432726715,27.44506832385637,4870.173773090686,1522,802,720,52.693823915900126,1.932808502022391,2.7228483106903494,MUTATED
188,Gen 188: تصعيد الأرباح P1 = 4.18 ATR (12%),1130.8484916233876,27.13591041811483,4923.393966493551,1512,801,711,52.97619047619048,1.97472887882826,2.77888249013837,ADOPTED
189,Gen 189: تصعيد الأرباح P1 = 4.29 ATR (12%),1145.2386707857238,26.71127182716383,4980.954683142895,1509,799,710,52.948972829688536,1.9887657498243831,2.801278054812036,ADOPTED
190,Gen 190: تصعيد الأرباح P1 = 4.4 ATR (12%),1144.2768918818429,26.71501975203112,4977.107567527371,1506,798,708,52.98804780876494,1.9940947433992904,2.8139117426469253,ADOPTED
191,Gen 191: ضبط الوقف النهائي P1 = 1.85 ATR,1144.2768918818429,26.71501975203112,4977.107567527371,1506,798,708,52.98804780876494,1.9940947433992904,2.8139117426469253,MUTATED
192,Gen 192: ضبط الوقف النهائي P1 = 1.861 ATR,1144.2768918818429,26.71501975203112,4977.107567527371,1506,798,708,52.98804780876494,1.9940947433992904,2.8139117426469253,MUTATED
193,Gen 193: ضبط الوقف النهائي P1 = 1.872 ATR,1144.2768918818429,26.71501975203112,4977.107567527371,1506,798,708,52.98804780876494,1.9940947433992904,2.8139117426469253,MUTATED
194,Gen 194: ضبط الوقف النهائي P1 = 1.883 ATR,1144.2768918818429,26.71501975203112,4977.107567527371,1506,798,708,52.98804780876494,1.9940947433992904,2.8139117426469253,MUTATED
195,Gen 195: ضبط الوقف النهائي P1 = 1.894 ATR,1144.2768918818429,26.71501975203112,4977.107567527371,1506,798,708,52.98804780876494,1.9940947433992904,2.8139117426469253,MUTATED
196,Gen 196: ضبط الوقف النهائي P1 = 1.906 ATR,1144.2768918818429,26.71501975203112,4977.107567527371,1506,798,708,52.98804780876494,1.9940947433992904,2.8139117426469253,MUTATED
197,Gen 197: ضبط الوقف النهائي P1 = 1.917 ATR,1144.2768918818429,26.71501975203112,4977.107567527371,1506,798,708,52.98804780876494,1.9940947433992904,2.8139117426469253,MUTATED
198,Gen 198: ضبط الوقف النهائي P1 = 1.928 ATR,1144.2768918818429,26.71501975203112,4977.107567527371,1506,798,708,52.98804780876494,1.9940947433992904,2.8139117426469253,MUTATED
199,Gen 199: ضبط الوقف النهائي P1 = 1.939 ATR,1144.2768918818429,26.71501975203112,4977.107567527371,1506,798,708,52.98804780876494,1.9940947433992904,2.8139117426469253,MUTATED
200,Gen 200: ضبط الوقف النهائي P1 = 1.95 ATR,1144.2768918818429,26.71501975203112,4977.107567527371,1506,798,708,52.98804780876494,1.9940947433992904,2.8139117426469253,MUTATED
201,Gen 201: ضبط نسبة حجز T1 في P1 = 15.0%,1168.658339768751,26.93013788253173,5074.633359075004,1506,798,708,52.98804780876494,1.997459419959733,2.8383909916116323,ADOPTED
202,Gen 202: ضبط نسبة حجز T1 في P1 = 16.1%,1168.658339768751,26.93013788253173,5074.633359075004,1506,798,708,52.98804780876494,1.997459419959733,2.8383909916116323,MUTATED
203,Gen 203: ضبط نسبة حجز T1 في P1 = 17.2%,1168.658339768751,26.93013788253173,5074.633359075004,1506,798,708,52.98804780876494,1.997459419959733,2.8383909916116323,MUTATED
204,Gen 204: ضبط نسبة حجز T1 في P1 = 18.3%,1168.658339768751,26.93013788253173,5074.633359075004,1506,798,708,52.98804780876494,1.997459419959733,2.8383909916116323,MUTATED
205,Gen 205: ضبط نسبة حجز T1 في P1 = 19.4%,1168.658339768751,26.93013788253173,5074.633359075004,1506,798,708,52.98804780876494,1.997459419959733,2.8383909916116323,MUTATED
206,Gen 206: ضبط نسبة حجز T1 في P1 = 20.6%,1168.658339768751,26.93013788253173,5074.633359075004,1506,798,708,52.98804780876494,1.997459419959733,2.8383909916116323,MUTATED
207,Gen 207: ضبط نسبة حجز T1 في P1 = 21.7%,1168.658339768751,26.93013788253173,5074.633359075004,1506,798,708,52.98804780876494,1.997459419959733,2.8383909916116323,MUTATED
208,Gen 208: ضبط نسبة حجز T1 في P1 = 22.8%,1168.658339768751,26.93013788253173,5074.633359075004,1506,798,708,52.98804780876494,1.997459419959733,2.8383909916116323,MUTATED
209,Gen 209: ضبط نسبة حجز T1 في P1 = 23.9%,1168.658339768751,26.93013788253173,5074.633359075004,1506,798,708,52.98804780876494,1.997459419959733,2.8383909916116323,MUTATED
210,Gen 210: ضبط نسبة حجز T1 في P1 = 25.0%,1168.658339768751,26.93013788253173,5074.633359075004,1506,798,708,52.98804780876494,1.997459419959733,2.8383909916116323,MUTATED
211,Gen 211: مضاعف التعافي rec_boost = 1.2,1168.658339768751,26.93013788253173,5074.633359075004,1506,798,708,52.98804780876494,1.997459419959733,2.8383909916116323,MUTATED
212,Gen 212: مضاعف التعافي rec_boost = 1.23,1168.658339768751,26.93013788253173,5074.633359075004,1506,798,708,52.98804780876494,1.997459419959733,2.8383909916116323,MUTATED
213,Gen 213: مضاعف التعافي rec_boost = 1.26,1168.658339768751,26.93013788253173,5074.633359075004,1506,798,708,52.98804780876494,1.997459419959733,2.8383909916116323,MUTATED
214,Gen 214: مضاعف التعافي rec_boost = 1.28,1168.658339768751,26.93013788253173,5074.633359075004,1506,798,708,52.98804780876494,1.997459419959733,2.8383909916116323,MUTATED
215,Gen 215: مضاعف التعافي rec_boost = 1.31,1169.7624264403294,26.93013788253173,5079.049705761317,1506,798,708,52.98804780876494,1.9974544618428085,2.8379270728792503,ADOPTED
216,Gen 216: مضاعف التعافي rec_boost = 1.34,1173.070444066262,26.93013788253173,5092.281776265048,1506,798,708,52.98804780876494,1.9974100969958453,2.836522241498645,ADOPTED
217,Gen 217: مضاعف التعافي rec_boost = 1.37,1176.3720622338649,26.93013788253173,5105.48824893546,1506,798,708,52.98804780876494,1.9973218023123696,2.8350979618472154,ADOPTED
218,Gen 218: مضاعف التعافي rec_boost = 1.39,1178.5887570974282,26.93013788253173,5114.355028389713,1505,797,708,52.95681063122923,1.9972432759180203,2.834145157944637,ADOPTED
219,Gen 219: مضاعف التعافي rec_boost = 1.42,1181.750418302854,26.93013788253173,5127.001673211416,1505,797,708,52.95681063122923,1.99701217819998,2.8326286969022694,ADOPTED
220,Gen 220: مضاعف التعافي rec_boost = 1.45,1181.9179217086005,26.93013788253173,5127.671686834401,1505,797,708,52.95681063122923,1.9956384601664332,2.8290554174914715,ADOPTED
221,Gen 221: شمعات التعافي rec_bars = 72,1188.5323522131391,26.93013788253173,5154.129408852557,1505,797,708,52.95681063122923,2.0016094897340477,2.847085482220751,ADOPTED
222,Gen 222: شمعات التعافي rec_bars = 77,1188.5323522131391,26.93013788253173,5154.129408852557,1505,797,708,52.95681063122923,2.0016094897340477,2.847085482220751,MUTATED
223,Gen 223: شمعات التعافي rec_bars = 82,1188.5323522131391,26.93013788253173,5154.129408852557,1505,797,708,52.95681063122923,2.0016094897340477,2.847085482220751,MUTATED
224,Gen 224: شمعات التعافي rec_bars = 88,1188.5323522131391,26.93013788253173,5154.129408852557,1505,797,708,52.95681063122923,2.0016094897340477,2.847085482220751,MUTATED
225,Gen 225: شمعات التعافي rec_bars = 93,1188.5323522131391,26.93013788253173,5154.129408852557,1505,797,708,52.95681063122923,2.0016094897340477,2.847085482220751,MUTATED
226,Gen 226: شمعات التعافي rec_bars = 98,1188.5323522131391,26.93013788253173,5154.129408852557,1505,797,708,52.95681063122923,2.0016094897340477,2.847085482220751,MUTATED
227,Gen 227: شمعات التعافي rec_bars = 104,1213.602565814444,26.93013788253173,5254.410263257776,1505,797,708,52.95681063122923,2.0023572672818046,2.842589200722355,ADOPTED
228,Gen 228: شمعات التعافي rec_bars = 109,1213.602565814444,26.93013788253173,5254.410263257776,1505,797,708,52.95681063122923,2.0023572672818046,2.842589200722355,MUTATED
229,Gen 229: شمعات التعافي rec_bars = 114,1213.602565814444,26.93013788253173,5254.410263257776,1505,797,708,52.95681063122923,2.0023572672818046,2.842589200722355,MUTATED
230,Gen 230: شمعات التعافي rec_bars = 120,1213.602565814444,26.93013788253173,5254.410263257776,1505,797,708,52.95681063122923,2.0023572672818046,2.842589200722355,MUTATED
231,Gen 231: فلتر القوة النسبية rs_rank_gate = 0.08,1213.602565814444,26.93013788253173,5254.410263257776,1505,797,708,52.95681063122923,2.0023572672818046,2.842589200722355,MUTATED
232,Gen 232: فلتر القوة النسبية rs_rank_gate = 0.091,1213.602565814444,26.93013788253173,5254.410263257776,1505,797,708,52.95681063122923,2.0023572672818046,2.842589200722355,MUTATED
233,Gen 233: فلتر القوة النسبية rs_rank_gate = 0.102,1213.602565814444,26.93013788253173,5254.410263257776,1505,797,708,52.95681063122923,2.0023572672818046,2.842589200722355,MUTATED
234,Gen 234: فلتر القوة النسبية rs_rank_gate = 0.113,1213.602565814444,26.93013788253173,5254.410263257776,1505,797,708,52.95681063122923,2.0023572672818046,2.842589200722355,MUTATED
235,Gen 235: فلتر القوة النسبية rs_rank_gate = 0.124,1213.602565814444,26.93013788253173,5254.410263257776,1505,797,708,52.95681063122923,2.0023572672818046,2.842589200722355,MUTATED
236,Gen 236: فلتر القوة النسبية rs_rank_gate = 0.136,1213.602565814444,26.93013788253173,5254.410263257776,1505,797,708,52.95681063122923,2.0023572672818046,2.842589200722355,MUTATED
237,Gen 237: فلتر القوة النسبية rs_rank_gate = 0.147,1213.602565814444,26.93013788253173,5254.410263257776,1505,797,708,52.95681063122923,2.0023572672818046,2.842589200722355,MUTATED
238,Gen 238: فلتر القوة النسبية rs_rank_gate = 0.158,1213.602565814444,26.93013788253173,5254.410263257776,1505,797,708,52.95681063122923,2.0023572672818046,2.842589200722355,MUTATED
239,Gen 239: فلتر القوة النسبية rs_rank_gate = 0.169,1213.602565814444,26.93013788253173,5254.410263257776,1505,797,708,52.95681063122923,2.0023572672818046,2.842589200722355,MUTATED
240,Gen 240: فلتر القوة النسبية rs_rank_gate = 0.18,1213.602565814444,26.93013788253173,5254.410263257776,1505,797,708,52.95681063122923,2.0023572672818046,2.842589200722355,MUTATED
241,Gen 241: قفل T2 في P1 = 9.5 ATR (10%),1213.602565814444,26.93013788253173,5254.410263257776,1505,797,708,52.95681063122923,2.0023572672818046,2.842589200722355,MUTATED
242,Gen 242: قفل T2 في P1 = 9.78 ATR (10%),1213.602565814444,26.93013788253173,5254.410263257776,1505,797,708,52.95681063122923,2.0023572672818046,2.842589200722355,MUTATED
243,Gen 243: قفل T2 في P1 = 10.06 ATR (10%),1227.453542615511,26.93013788253173,5309.814170462044,1536,827,709,53.841145833333336,2.011760408062656,2.8437452913115826,ADOPTED
244,Gen 244: قفل T2 في P1 = 10.33 ATR (10%),1227.453542615511,26.93013788253173,5309.814170462044,1536,827,709,53.841145833333336,2.011760408062656,2.8437452913115826,MUTATED
245,Gen 245: قفل T2 في P1 = 10.61 ATR (10%),1227.453542615511,26.93013788253173,5309.814170462044,1536,827,709,53.841145833333336,2.011760408062656,2.8437452913115826,MUTATED
246,Gen 246: قفل T2 في P1 = 10.89 ATR (10%),1227.453542615511,26.93013788253173,5309.814170462044,1536,827,709,53.841145833333336,2.011760408062656,2.8437452913115826,MUTATED
247,Gen 247: قفل T2 في P1 = 11.17 ATR (10%),1227.453542615511,26.93013788253173,5309.814170462044,1536,827,709,53.841145833333336,2.011760408062656,2.8437452913115826,MUTATED
248,Gen 248: قفل T2 في P1 = 11.44 ATR (10%),1227.453542615511,26.93013788253173,5309.814170462044,1536,827,709,53.841145833333336,2.011760408062656,2.8437452913115826,MUTATED
249,Gen 249: قفل T2 في P1 = 11.72 ATR (10%),1227.453542615511,26.93013788253173,5309.814170462044,1536,827,709,53.841145833333336,2.011760408062656,2.8437452913115826,MUTATED
250,Gen 250: قفل T2 في P1 = 12.0 ATR (10%),1227.453542615511,26.93013788253173,5309.814170462044,1536,827,709,53.841145833333336,2.011760408062656,2.8437452913115826,MUTATED
251,Gen 251: عتبة التلاقي P2 = 0.2,1227.453542615511,26.93013788253173,5309.814170462044,1536,827,709,53.841145833333336,2.011760408062656,2.8437452913115826,MUTATED
252,Gen 252: عتبة التلاقي P2 = 0.211,1228.421372740587,26.93013788253173,5313.685490962348,1547,835,712,53.97543632837751,2.0151109641875355,2.835934999009162,ADOPTED
253,Gen 253: عتبة التلاقي P2 = 0.222,1228.421372740587,26.93013788253173,5313.685490962348,1547,835,712,53.97543632837751,2.0151109641875355,2.835934999009162,MUTATED
254,Gen 254: عتبة التلاقي P2 = 0.233,1228.421372740587,26.93013788253173,5313.685490962348,1547,835,712,53.97543632837751,2.0151109641875355,2.835934999009162,MUTATED
255,Gen 255: عتبة التلاقي P2 = 0.244,1228.421372740587,26.93013788253173,5313.685490962348,1547,835,712,53.97543632837751,2.0151109641875355,2.835934999009162,MUTATED
256,Gen 256: عتبة التلاقي P2 = 0.256,1228.421372740587,26.93013788253173,5313.685490962348,1547,835,712,53.97543632837751,2.0151109641875355,2.835934999009162,MUTATED
257,Gen 257: عتبة التلاقي P2 = 0.267,1228.421372740587,26.93013788253173,5313.685490962348,1547,835,712,53.97543632837751,2.0151109641875355,2.835934999009162,MUTATED
258,Gen 258: عتبة التلاقي P2 = 0.278,1228.421372740587,26.93013788253173,5313.685490962348,1547,835,712,53.97543632837751,2.0151109641875355,2.835934999009162,MUTATED
259,Gen 259: عتبة التلاقي P2 = 0.289,1228.421372740587,26.93013788253173,5313.685490962348,1547,835,712,53.97543632837751,2.0151109641875355,2.835934999009162,MUTATED
260,Gen 260: عتبة التلاقي P2 = 0.3,1228.421372740587,26.93013788253173,5313.685490962348,1547,835,712,53.97543632837751,2.0151109641875355,2.835934999009162,MUTATED
261,Gen 261: ترايلينغ S2 = 1.1 ATR,1232.948045978554,26.9131230126446,5331.792183914216,1552,839,713,54.05927835051546,2.0193227279439983,2.828289159413538,ADOPTED
262,Gen 262: ترايلينغ S2 = 1.14 ATR,1232.948045978554,26.9131230126446,5331.792183914216,1552,839,713,54.05927835051546,2.0193227279439983,2.828289159413538,MUTATED
263,Gen 263: ترايلينغ S2 = 1.19 ATR,1232.948045978554,26.9131230126446,5331.792183914216,1552,839,713,54.05927835051546,2.0193227279439983,2.828289159413538,MUTATED
264,Gen 264: ترايلينغ S2 = 1.23 ATR,1232.948045978554,26.9131230126446,5331.792183914216,1552,839,713,54.05927835051546,2.0193227279439983,2.828289159413538,MUTATED
265,Gen 265: ترايلينغ S2 = 1.28 ATR,1232.948045978554,26.9131230126446,5331.792183914216,1552,839,713,54.05927835051546,2.0193227279439983,2.828289159413538,MUTATED
266,Gen 266: ترايلينغ S2 = 1.32 ATR,1232.948045978554,26.9131230126446,5331.792183914216,1552,839,713,54.05927835051546,2.0193227279439983,2.828289159413538,MUTATED
267,Gen 267: ترايلينغ S2 = 1.37 ATR,1232.948045978554,26.9131230126446,5331.792183914216,1552,839,713,54.05927835051546,2.0193227279439983,2.828289159413538,MUTATED
268,Gen 268: ترايلينغ S2 = 1.41 ATR,1232.948045978554,26.9131230126446,5331.792183914216,1552,839,713,54.05927835051546,2.0193227279439983,2.828289159413538,MUTATED
269,Gen 269: ترايلينغ S2 = 1.46 ATR,1232.948045978554,26.9131230126446,5331.792183914216,1552,839,713,54.05927835051546,2.0193227279439983,2.828289159413538,MUTATED
270,Gen 270: ترايلينغ S2 = 1.5 ATR,1232.948045978554,26.9131230126446,5331.792183914216,1552,839,713,54.05927835051546,2.0193227279439983,2.828289159413538,MUTATED
271,"Gen 271: موازنة ميزانيات [np.float64(81.0), np.float64(9.5), np.float64(9.5)]",1232.948045978554,26.9131230126446,5331.792183914216,1552,839,713,54.05927835051546,2.0193227279439983,2.828289159413538,MUTATED
272,"Gen 272: موازنة ميزانيات [np.float64(81.38888888888889), np.float64(9.31), np.float64(9.3)]",1232.948045978554,26.9131230126446,5331.792183914216,1552,839,713,54.05927835051546,2.0193227279439983,2.828289159413538,MUTATED
273,"Gen 273: موازنة ميزانيات [np.float64(81.77777777777777), np.float64(9.11), np.float64(9.11)]",1232.948045978554,26.9131230126446,5331.792183914216,1552,839,713,54.05927835051546,2.0193227279439983,2.828289159413538,MUTATED
274,"Gen 274: موازنة ميزانيات [np.float64(82.16666666666667), np.float64(8.92), np.float64(8.91)]",1235.1575003704058,26.95035203114511,5340.630001481623,1552,839,713,54.05927835051546,2.019625638145488,2.831079413236521,ADOPTED
275,"Gen 275: موازنة ميزانيات [np.float64(82.55555555555556), np.float64(8.72), np.float64(8.72)]",1241.895176408247,27.031856851699303,5367.580705632988,1556,842,714,54.11311053984576,2.024081393138503,2.828327160004069,ADOPTED
276,"Gen 276: موازنة ميزانيات [np.float64(82.94444444444444), np.float64(8.53), np.float64(8.53)]",1247.162437668051,27.112875070234185,5388.649750672204,1555,842,713,54.14790996784566,2.025097759364947,2.834504033987202,ADOPTED
277,"Gen 277: موازنة ميزانيات [np.float64(83.33333333333333), np.float64(8.33), np.float64(8.34)]",1252.4259323546669,27.180100234534617,5409.703729418667,1554,842,712,54.18275418275418,2.0257870644375378,2.840800956381527,ADOPTED
278,"Gen 278: موازنة ميزانيات [np.float64(83.72222222222223), np.float64(8.14), np.float64(8.14)]",1257.443223879443,27.264247915479224,5429.772895517772,1552,842,710,54.25257731958762,2.0261866072516463,2.8473179145302128,ADOPTED
279,"Gen 279: موازنة ميزانيات [np.float64(84.11111111111111), np.float64(7.94), np.float64(7.95)]",1262.7711135646416,27.281228434731556,5451.084454258566,1551,842,709,54.28755641521599,2.027381856311262,2.8533789495129023,ADOPTED
280,"Gen 280: موازنة ميزانيات [np.float64(84.5), np.float64(7.75), np.float64(7.75)]",1268.0459958573526,27.366812927651324,5472.183983429411,1550,842,708,54.32258064516129,2.028263340763204,2.8593283288813205,ADOPTED
281,Gen 281: تصعيد P1 = 4.2 ATR (10%),1268.0459958573526,27.366812927651324,5472.183983429411,1550,842,708,54.32258064516129,2.028263340763204,2.8593283288813205,MUTATED
282,Gen 282: تصعيد P1 = 4.29 ATR (10%),1268.0459958573526,27.366812927651324,5472.183983429411,1550,842,708,54.32258064516129,2.028263340763204,2.8593283288813205,MUTATED
283,Gen 283: تصعيد P1 = 4.38 ATR (10%),1268.0459958573526,27.366812927651324,5472.183983429411,1550,842,708,54.32258064516129,2.028263340763204,2.8593283288813205,MUTATED
284,Gen 284: تصعيد P1 = 4.47 ATR (10%),1268.0459958573526,27.366812927651324,5472.183983429411,1550,842,708,54.32258064516129,2.028263340763204,2.8593283288813205,MUTATED
285,Gen 285: تصعيد P1 = 4.56 ATR (10%),1268.0459958573526,27.366812927651324,5472.183983429411,1550,842,708,54.32258064516129,2.028263340763204,2.8593283288813205,MUTATED
286,Gen 286: تصعيد P1 = 4.64 ATR (10%),1268.0459958573526,27.366812927651324,5472.183983429411,1550,842,708,54.32258064516129,2.028263340763204,2.8593283288813205,MUTATED
287,Gen 287: تصعيد P1 = 4.73 ATR (10%),1268.0459958573526,27.366812927651324,5472.183983429411,1550,842,708,54.32258064516129,2.028263340763204,2.8593283288813205,MUTATED
288,Gen 288: تصعيد P1 = 4.82 ATR (10%),1268.0459958573526,27.366812927651324,5472.183983429411,1550,842,708,54.32258064516129,2.028263340763204,2.8593283288813205,MUTATED
289,Gen 289: تصعيد P1 = 4.91 ATR (10%),1268.0459958573526,27.366812927651324,5472.183983429411,1550,842,708,54.32258064516129,2.028263340763204,2.8593283288813205,MUTATED
290,Gen 290: تصعيد P1 = 5.0 ATR (10%),1268.0459958573526,27.366812927651324,5472.183983429411,1550,842,708,54.32258064516129,2.028263340763204,2.8593283288813205,MUTATED
291,Gen 291: ضبط الوقف P1 = 1.88 ATR,1268.0459958573526,27.366812927651324,5472.183983429411,1550,842,708,54.32258064516129,2.028263340763204,2.8593283288813205,MUTATED
292,Gen 292: ضبط الوقف P1 = 1.887 ATR,1268.0459958573526,27.366812927651324,5472.183983429411,1550,842,708,54.32258064516129,2.028263340763204,2.8593283288813205,MUTATED
293,Gen 293: ضبط الوقف P1 = 1.893 ATR,1268.0459958573526,27.366812927651324,5472.183983429411,1550,842,708,54.32258064516129,2.028263340763204,2.8593283288813205,MUTATED
294,Gen 294: ضبط الوقف P1 = 1.9 ATR,1268.0459958573526,27.366812927651324,5472.183983429411,1550,842,708,54.32258064516129,2.028263340763204,2.8593283288813205,MUTATED
295,Gen 295: ضبط الوقف P1 = 1.907 ATR,1268.0459958573526,27.366812927651324,5472.183983429411,1550,842,708,54.32258064516129,2.028263340763204,2.8593283288813205,MUTATED
296,Gen 296: ضبط الوقف P1 = 1.913 ATR,1268.0459958573526,27.366812927651324,5472.183983429411,1550,842,708,54.32258064516129,2.028263340763204,2.8593283288813205,MUTATED
297,Gen 297: ضبط الوقف P1 = 1.92 ATR,1268.0459958573526,27.366812927651324,5472.183983429411,1550,842,708,54.32258064516129,2.028263340763204,2.8593283288813205,MUTATED
298,Gen 298: ضبط الوقف P1 = 1.927 ATR,1268.0459958573526,27.366812927651324,5472.183983429411,1550,842,708,54.32258064516129,2.028263340763204,2.8593283288813205,MUTATED
299,Gen 299: ضبط الوقف P1 = 1.933 ATR,1268.0459958573526,27.366812927651324,5472.183983429411,1550,842,708,54.32258064516129,2.028263340763204,2.8593283288813205,MUTATED
300,Gen 300: ضبط الوقف P1 = 1.94 ATR,1268.0459958573526,27.366812927651324,5472.183983429411,1550,842,708,54.32258064516129,2.028263340763204,2.8593283288813205,MUTATED
301,Gen 301: موازنة ميزانيات [84.92/6.56/8.52],1273.7031385122439,27.178346019134146,5494.8125540489755,1550,842,708,54.32258064516129,2.0301156579718325,2.860473085549687,ADOPTED
302,Gen 302: موازنة ميزانيات [83.83/7.06/9.11],1273.7031385122439,27.178346019134146,5494.8125540489755,1550,842,708,54.32258064516129,2.0301156579718325,2.860473085549687,MUTATED
303,Gen 303: موازنة ميزانيات [85.21/8.19/6.6],1273.7031385122439,27.178346019134146,5494.8125540489755,1550,842,708,54.32258064516129,2.0301156579718325,2.860473085549687,MUTATED
304,Gen 304: موازنة ميزانيات [85.68/6.72/7.6],1282.2165720490405,27.47125296397484,5528.866288196162,1549,839,710,54.163976759199485,2.0275893759757806,2.8817656966144205,ADOPTED
305,Gen 305: موازنة ميزانيات [84.27/6.57/9.16],1282.2165720490405,27.47125296397484,5528.866288196162,1549,839,710,54.163976759199485,2.0275893759757806,2.8817656966144205,MUTATED
306,Gen 306: موازنة ميزانيات [83.66/7.76/8.58],1282.2165720490405,27.47125296397484,5528.866288196162,1549,839,710,54.163976759199485,2.0275893759757806,2.8817656966144205,MUTATED
307,Gen 307: موازنة ميزانيات [83.08/7.0/9.92],1282.2165720490405,27.47125296397484,5528.866288196162,1549,839,710,54.163976759199485,2.0275893759757806,2.8817656966144205,MUTATED
308,Gen 308: موازنة ميزانيات [84.95/7.86/7.19],1282.2165720490405,27.47125296397484,5528.866288196162,1549,839,710,54.163976759199485,2.0275893759757806,2.8817656966144205,MUTATED
309,Gen 309: موازنة ميزانيات [83.66/7.97/8.37],1282.2165720490405,27.47125296397484,5528.866288196162,1549,839,710,54.163976759199485,2.0275893759757806,2.8817656966144205,MUTATED
310,Gen 310: موازنة ميزانيات [85.43/6.52/8.05],1282.2165720490405,27.47125296397484,5528.866288196162,1549,839,710,54.163976759199485,2.0275893759757806,2.8817656966144205,MUTATED
311,Gen 311: موازنة ميزانيات [85.42/8.25/6.33],1282.2165720490405,27.47125296397484,5528.866288196162,1549,839,710,54.163976759199485,2.0275893759757806,2.8817656966144205,MUTATED
312,Gen 312: موازنة ميزانيات [84.02/6.89/9.09],1282.2165720490405,27.47125296397484,5528.866288196162,1549,839,710,54.163976759199485,2.0275893759757806,2.8817656966144205,MUTATED
313,Gen 313: موازنة ميزانيات [85.87/7.34/6.79],1282.2165720490405,27.47125296397484,5528.866288196162,1549,839,710,54.163976759199485,2.0275893759757806,2.8817656966144205,MUTATED
314,Gen 314: موازنة ميزانيات [83.28/6.74/9.98],1282.2165720490405,27.47125296397484,5528.866288196162,1549,839,710,54.163976759199485,2.0275893759757806,2.8817656966144205,MUTATED
315,Gen 315: موازنة ميزانيات [85.54/8.01/6.45],1282.2165720490405,27.47125296397484,5528.866288196162,1549,839,710,54.163976759199485,2.0275893759757806,2.8817656966144205,MUTATED
316,Gen 316: موازنة ميزانيات [85.42/8.32/6.26],1282.2165720490405,27.47125296397484,5528.866288196162,1549,839,710,54.163976759199485,2.0275893759757806,2.8817656966144205,MUTATED
317,Gen 317: موازنة ميزانيات [84.61/8.93/6.46],1282.2165720490405,27.47125296397484,5528.866288196162,1549,839,710,54.163976759199485,2.0275893759757806,2.8817656966144205,MUTATED
318,Gen 318: موازنة ميزانيات [84.14/7.88/7.98],1282.2165720490405,27.47125296397484,5528.866288196162,1549,839,710,54.163976759199485,2.0275893759757806,2.8817656966144205,MUTATED
319,Gen 319: موازنة ميزانيات [85.49/8.05/6.46],1282.2165720490405,27.47125296397484,5528.866288196162,1549,839,710,54.163976759199485,2.0275893759757806,2.8817656966144205,MUTATED
320,Gen 320: موازنة ميزانيات [85.59/7.94/6.47],1282.2165720490405,27.47125296397484,5528.866288196162,1549,839,710,54.163976759199485,2.0275893759757806,2.8817656966144205,MUTATED
321,Gen 321: موازنة ميزانيات [85.11/6.61/8.28],1282.2165720490405,27.47125296397484,5528.866288196162,1549,839,710,54.163976759199485,2.0275893759757806,2.8817656966144205,MUTATED
322,Gen 322: موازنة ميزانيات [83.68/7.22/9.1],1282.2165720490405,27.47125296397484,5528.866288196162,1549,839,710,54.163976759199485,2.0275893759757806,2.8817656966144205,MUTATED
323,Gen 323: موازنة ميزانيات [83.24/7.08/9.68],1282.2165720490405,27.47125296397484,5528.866288196162,1549,839,710,54.163976759199485,2.0275893759757806,2.8817656966144205,MUTATED
324,Gen 324: موازنة ميزانيات [83.3/7.19/9.51],1282.2165720490405,27.47125296397484,5528.866288196162,1549,839,710,54.163976759199485,2.0275893759757806,2.8817656966144205,MUTATED
325,Gen 325: موازنة ميزانيات [84.91/7.41/7.68],1282.2165720490405,27.47125296397484,5528.866288196162,1549,839,710,54.163976759199485,2.0275893759757806,2.8817656966144205,MUTATED
326,Gen 326: موازنة ميزانيات [84.11/7.02/8.87],1282.2165720490405,27.47125296397484,5528.866288196162,1549,839,710,54.163976759199485,2.0275893759757806,2.8817656966144205,MUTATED
327,Gen 327: موازنة ميزانيات [83.8/8.84/7.36],1282.2165720490405,27.47125296397484,5528.866288196162,1549,839,710,54.163976759199485,2.0275893759757806,2.8817656966144205,MUTATED
328,Gen 328: موازنة ميزانيات [84.94/8.02/7.04],1282.2165720490405,27.47125296397484,5528.866288196162,1549,839,710,54.163976759199485,2.0275893759757806,2.8817656966144205,MUTATED
329,Gen 329: موازنة ميزانيات [83.51/8.32/8.17],1282.2165720490405,27.47125296397484,5528.866288196162,1549,839,710,54.163976759199485,2.0275893759757806,2.8817656966144205,MUTATED
330,Gen 330: موازنة ميزانيات [83.49/7.45/9.06],1282.2165720490405,27.47125296397484,5528.866288196162,1549,839,710,54.163976759199485,2.0275893759757806,2.8817656966144205,MUTATED
331,Gen 331: موازنة ميزانيات [85.97/8.1/5.93],1282.2165720490405,27.47125296397484,5528.866288196162,1549,839,710,54.163976759199485,2.0275893759757806,2.8817656966144205,MUTATED
332,Gen 332: موازنة ميزانيات [84.67/8.21/7.12],1282.2165720490405,27.47125296397484,5528.866288196162,1549,839,710,54.163976759199485,2.0275893759757806,2.8817656966144205,MUTATED
333,Gen 333: موازنة ميزانيات [85.53/8.44/6.03],1282.2165720490405,27.47125296397484,5528.866288196162,1549,839,710,54.163976759199485,2.0275893759757806,2.8817656966144205,MUTATED
334,Gen 334: موازنة ميزانيات [83.69/6.58/9.73],1282.2165720490405,27.47125296397484,5528.866288196162,1549,839,710,54.163976759199485,2.0275893759757806,2.8817656966144205,MUTATED
335,Gen 335: موازنة ميزانيات [83.95/7.17/8.88],1282.2165720490405,27.47125296397484,5528.866288196162,1549,839,710,54.163976759199485,2.0275893759757806,2.8817656966144205,MUTATED
336,Gen 336: موازنة ميزانيات [83.63/8.86/7.51],1282.2165720490405,27.47125296397484,5528.866288196162,1549,839,710,54.163976759199485,2.0275893759757806,2.8817656966144205,MUTATED
337,Gen 337: موازنة ميزانيات [85.63/7.29/7.08],1282.2165720490405,27.47125296397484,5528.866288196162,1549,839,710,54.163976759199485,2.0275893759757806,2.8817656966144205,MUTATED
338,Gen 338: موازنة ميزانيات [84.97/7.49/7.54],1282.2165720490405,27.47125296397484,5528.866288196162,1549,839,710,54.163976759199485,2.0275893759757806,2.8817656966144205,MUTATED
339,Gen 339: موازنة ميزانيات [85.74/7.65/6.61],1282.2165720490405,27.47125296397484,5528.866288196162,1549,839,710,54.163976759199485,2.0275893759757806,2.8817656966144205,MUTATED
340,Gen 340: موازنة ميزانيات [83.79/7.12/9.09],1282.2165720490405,27.47125296397484,5528.866288196162,1549,839,710,54.163976759199485,2.0275893759757806,2.8817656966144205,MUTATED
341,Gen 341: موازنة ميزانيات [84.68/7.16/8.16],1282.2165720490405,27.47125296397484,5528.866288196162,1549,839,710,54.163976759199485,2.0275893759757806,2.8817656966144205,MUTATED
342,Gen 342: موازنة ميزانيات [84.75/8.74/6.51],1282.2165720490405,27.47125296397484,5528.866288196162,1549,839,710,54.163976759199485,2.0275893759757806,2.8817656966144205,MUTATED
343,Gen 343: موازنة ميزانيات [84.2/7.05/8.75],1282.2165720490405,27.47125296397484,5528.866288196162,1549,839,710,54.163976759199485,2.0275893759757806,2.8817656966144205,MUTATED
344,Gen 344: موازنة ميزانيات [85.99/7.77/6.24],1282.2165720490405,27.47125296397484,5528.866288196162,1549,839,710,54.163976759199485,2.0275893759757806,2.8817656966144205,MUTATED
345,Gen 345: موازنة ميزانيات [83.27/6.62/10.11],1282.2165720490405,27.47125296397484,5528.866288196162,1549,839,710,54.163976759199485,2.0275893759757806,2.8817656966144205,MUTATED
346,Gen 346: موازنة ميزانيات [83.33/8.07/8.6],1282.2165720490405,27.47125296397484,5528.866288196162,1549,839,710,54.163976759199485,2.0275893759757806,2.8817656966144205,MUTATED
347,Gen 347: موازنة ميزانيات [85.38/7.56/7.06],1282.2165720490405,27.47125296397484,5528.866288196162,1549,839,710,54.163976759199485,2.0275893759757806,2.8817656966144205,MUTATED
348,Gen 348: موازنة ميزانيات [83.19/7.45/9.36],1282.2165720490405,27.47125296397484,5528.866288196162,1549,839,710,54.163976759199485,2.0275893759757806,2.8817656966144205,MUTATED
349,Gen 349: موازنة ميزانيات [85.99/7.82/6.19],1282.2165720490405,27.47125296397484,5528.866288196162,1549,839,710,54.163976759199485,2.0275893759757806,2.8817656966144205,MUTATED
350,Gen 350: موازنة ميزانيات [85.91/8.65/5.44],1282.2165720490405,27.47125296397484,5528.866288196162,1549,839,710,54.163976759199485,2.0275893759757806,2.8817656966144205,MUTATED
351,Gen 351: موازنة ميزانيات [83.03/8.3/8.67],1282.2165720490405,27.47125296397484,5528.866288196162,1549,839,710,54.163976759199485,2.0275893759757806,2.8817656966144205,MUTATED
352,Gen 352: موازنة ميزانيات [85.05/7.84/7.11],1282.2165720490405,27.47125296397484,5528.866288196162,1549,839,710,54.163976759199485,2.0275893759757806,2.8817656966144205,MUTATED
353,Gen 353: موازنة ميزانيات [83.8/8.1/8.1],1282.2165720490405,27.47125296397484,5528.866288196162,1549,839,710,54.163976759199485,2.0275893759757806,2.8817656966144205,MUTATED
354,Gen 354: موازنة ميزانيات [83.33/7.59/9.08],1282.2165720490405,27.47125296397484,5528.866288196162,1549,839,710,54.163976759199485,2.0275893759757806,2.8817656966144205,MUTATED
355,Gen 355: موازنة ميزانيات [84.36/8.88/6.76],1282.2165720490405,27.47125296397484,5528.866288196162,1549,839,710,54.163976759199485,2.0275893759757806,2.8817656966144205,MUTATED
356,Gen 356: موازنة ميزانيات [85.63/7.16/7.21],1282.2165720490405,27.47125296397484,5528.866288196162,1549,839,710,54.163976759199485,2.0275893759757806,2.8817656966144205,MUTATED
357,Gen 357: موازنة ميزانيات [84.5/6.95/8.55],1282.2165720490405,27.47125296397484,5528.866288196162,1549,839,710,54.163976759199485,2.0275893759757806,2.8817656966144205,MUTATED
358,Gen 358: موازنة ميزانيات [85.74/8.68/5.58],1282.2165720490405,27.47125296397484,5528.866288196162,1549,839,710,54.163976759199485,2.0275893759757806,2.8817656966144205,MUTATED
359,Gen 359: موازنة ميزانيات [83.9/8.1/8.0],1282.2165720490405,27.47125296397484,5528.866288196162,1549,839,710,54.163976759199485,2.0275893759757806,2.8817656966144205,MUTATED
360,Gen 360: موازنة ميزانيات [84.83/6.88/8.29],1282.2165720490405,27.47125296397484,5528.866288196162,1549,839,710,54.163976759199485,2.0275893759757806,2.8817656966144205,MUTATED
361,Gen 361: موازنة ميزانيات [85.29/7.85/6.86],1282.2165720490405,27.47125296397484,5528.866288196162,1549,839,710,54.163976759199485,2.0275893759757806,2.8817656966144205,MUTATED
362,Gen 362: موازنة ميزانيات [85.34/7.83/6.83],1282.2165720490405,27.47125296397484,5528.866288196162,1549,839,710,54.163976759199485,2.0275893759757806,2.8817656966144205,MUTATED
363,Gen 363: موازنة ميزانيات [83.0/7.31/9.69],1282.2165720490405,27.47125296397484,5528.866288196162,1549,839,710,54.163976759199485,2.0275893759757806,2.8817656966144205,MUTATED
364,Gen 364: موازنة ميزانيات [83.06/8.82/8.12],1282.2165720490405,27.47125296397484,5528.866288196162,1549,839,710,54.163976759199485,2.0275893759757806,2.8817656966144205,MUTATED
365,Gen 365: موازنة ميزانيات [85.64/8.58/5.78],1282.2165720490405,27.47125296397484,5528.866288196162,1549,839,710,54.163976759199485,2.0275893759757806,2.8817656966144205,MUTATED
366,Gen 366: موازنة ميزانيات [83.92/6.64/9.44],1282.2165720490405,27.47125296397484,5528.866288196162,1549,839,710,54.163976759199485,2.0275893759757806,2.8817656966144205,MUTATED
367,Gen 367: موازنة ميزانيات [85.63/8.87/5.5],1282.2165720490405,27.47125296397484,5528.866288196162,1549,839,710,54.163976759199485,2.0275893759757806,2.8817656966144205,MUTATED
368,Gen 368: موازنة ميزانيات [83.26/7.71/9.03],1282.2165720490405,27.47125296397484,5528.866288196162,1549,839,710,54.163976759199485,2.0275893759757806,2.8817656966144205,MUTATED
369,Gen 369: موازنة ميزانيات [83.21/8.4/8.39],1282.2165720490405,27.47125296397484,5528.866288196162,1549,839,710,54.163976759199485,2.0275893759757806,2.8817656966144205,MUTATED
370,Gen 370: موازنة ميزانيات [85.3/6.82/7.88],1282.2165720490405,27.47125296397484,5528.866288196162,1549,839,710,54.163976759199485,2.0275893759757806,2.8817656966144205,MUTATED
371,Gen 371: موازنة ميزانيات [84.43/7.87/7.7],1282.2165720490405,27.47125296397484,5528.866288196162,1549,839,710,54.163976759199485,2.0275893759757806,2.8817656966144205,MUTATED
372,Gen 372: موازنة ميزانيات [83.8/8.68/7.52],1282.2165720490405,27.47125296397484,5528.866288196162,1549,839,710,54.163976759199485,2.0275893759757806,2.8817656966144205,MUTATED
373,Gen 373: موازنة ميزانيات [84.27/7.03/8.7],1282.2165720490405,27.47125296397484,5528.866288196162,1549,839,710,54.163976759199485,2.0275893759757806,2.8817656966144205,MUTATED
374,Gen 374: موازنة ميزانيات [84.62/8.32/7.06],1282.2165720490405,27.47125296397484,5528.866288196162,1549,839,710,54.163976759199485,2.0275893759757806,2.8817656966144205,MUTATED
375,Gen 375: موازنة ميزانيات [83.6/7.28/9.12],1282.2165720490405,27.47125296397484,5528.866288196162,1549,839,710,54.163976759199485,2.0275893759757806,2.8817656966144205,MUTATED
376,Gen 376: موازنة ميزانيات [85.99/8.12/5.89],1282.2165720490405,27.47125296397484,5528.866288196162,1549,839,710,54.163976759199485,2.0275893759757806,2.8817656966144205,MUTATED
377,Gen 377: موازنة ميزانيات [84.31/7.79/7.9],1282.2165720490405,27.47125296397484,5528.866288196162,1549,839,710,54.163976759199485,2.0275893759757806,2.8817656966144205,MUTATED
378,Gen 378: موازنة ميزانيات [83.36/7.06/9.58],1282.2165720490405,27.47125296397484,5528.866288196162,1549,839,710,54.163976759199485,2.0275893759757806,2.8817656966144205,MUTATED
379,Gen 379: موازنة ميزانيات [84.01/7.97/8.02],1282.2165720490405,27.47125296397484,5528.866288196162,1549,839,710,54.163976759199485,2.0275893759757806,2.8817656966144205,MUTATED
380,Gen 380: موازنة ميزانيات [83.69/7.05/9.26],1282.2165720490405,27.47125296397484,5528.866288196162,1549,839,710,54.163976759199485,2.0275893759757806,2.8817656966144205,MUTATED
381,Gen 381: موازنة ميزانيات [83.21/8.08/8.71],1282.2165720490405,27.47125296397484,5528.866288196162,1549,839,710,54.163976759199485,2.0275893759757806,2.8817656966144205,MUTATED
382,Gen 382: موازنة ميزانيات [83.69/8.76/7.55],1282.2165720490405,27.47125296397484,5528.866288196162,1549,839,710,54.163976759199485,2.0275893759757806,2.8817656966144205,MUTATED
383,Gen 383: موازنة ميزانيات [85.58/6.68/7.74],1282.2165720490405,27.47125296397484,5528.866288196162,1549,839,710,54.163976759199485,2.0275893759757806,2.8817656966144205,MUTATED
384,Gen 384: موازنة ميزانيات [83.71/8.17/8.12],1282.2165720490405,27.47125296397484,5528.866288196162,1549,839,710,54.163976759199485,2.0275893759757806,2.8817656966144205,MUTATED
385,Gen 385: موازنة ميزانيات [83.64/6.83/9.53],1282.2165720490405,27.47125296397484,5528.866288196162,1549,839,710,54.163976759199485,2.0275893759757806,2.8817656966144205,MUTATED
386,Gen 386: موازنة ميزانيات [85.81/7.93/6.26],1282.2165720490405,27.47125296397484,5528.866288196162,1549,839,710,54.163976759199485,2.0275893759757806,2.8817656966144205,MUTATED
387,Gen 387: موازنة ميزانيات [84.42/8.46/7.12],1282.2165720490405,27.47125296397484,5528.866288196162,1549,839,710,54.163976759199485,2.0275893759757806,2.8817656966144205,MUTATED
388,Gen 388: موازنة ميزانيات [85.42/6.98/7.6],1282.2165720490405,27.47125296397484,5528.866288196162,1549,839,710,54.163976759199485,2.0275893759757806,2.8817656966144205,MUTATED
389,Gen 389: موازنة ميزانيات [83.29/7.58/9.13],1282.2165720490405,27.47125296397484,5528.866288196162,1549,839,710,54.163976759199485,2.0275893759757806,2.8817656966144205,MUTATED
390,Gen 390: موازنة ميزانيات [84.27/7.67/8.06],1282.2165720490405,27.47125296397484,5528.866288196162,1549,839,710,54.163976759199485,2.0275893759757806,2.8817656966144205,MUTATED
391,Gen 391: موازنة ميزانيات [85.19/8.18/6.63],1282.2165720490405,27.47125296397484,5528.866288196162,1549,839,710,54.163976759199485,2.0275893759757806,2.8817656966144205,MUTATED
392,Gen 392: موازنة ميزانيات [85.95/6.75/7.3],1282.2165720490405,27.47125296397484,5528.866288196162,1549,839,710,54.163976759199485,2.0275893759757806,2.8817656966144205,MUTATED
393,Gen 393: موازنة ميزانيات [84.21/7.35/8.44],1282.2165720490405,27.47125296397484,5528.866288196162,1549,839,710,54.163976759199485,2.0275893759757806,2.8817656966144205,MUTATED
394,Gen 394: موازنة ميزانيات [85.59/7.12/7.29],1282.2165720490405,27.47125296397484,5528.866288196162,1549,839,710,54.163976759199485,2.0275893759757806,2.8817656966144205,MUTATED
395,Gen 395: موازنة ميزانيات [83.57/7.62/8.81],1282.2165720490405,27.47125296397484,5528.866288196162,1549,839,710,54.163976759199485,2.0275893759757806,2.8817656966144205,MUTATED
396,Gen 396: موازنة ميزانيات [84.27/7.2/8.53],1282.2165720490405,27.47125296397484,5528.866288196162,1549,839,710,54.163976759199485,2.0275893759757806,2.8817656966144205,MUTATED
397,Gen 397: موازنة ميزانيات [83.75/8.81/7.44],1282.2165720490405,27.47125296397484,5528.866288196162,1549,839,710,54.163976759199485,2.0275893759757806,2.8817656966144205,MUTATED
398,Gen 398: موازنة ميزانيات [84.33/8.65/7.02],1282.2165720490405,27.47125296397484,5528.866288196162,1549,839,710,54.163976759199485,2.0275893759757806,2.8817656966144205,MUTATED
399,Gen 399: موازنة ميزانيات [84.65/6.63/8.72],1282.2165720490405,27.47125296397484,5528.866288196162,1549,839,710,54.163976759199485,2.0275893759757806,2.8817656966144205,MUTATED
400,Gen 400: موازنة ميزانيات [86.0/8.59/5.41],1282.2165720490405,27.47125296397484,5528.866288196162,1549,839,710,54.163976759199485,2.0275893759757806,2.8817656966144205,MUTATED
401,Gen 401: تعميق T1 في P1 = 5.74 ATR (19.6%),1282.2165720490405,27.47125296397484,5528.866288196162,1549,839,710,54.163976759199485,2.0275893759757806,2.8817656966144205,MUTATED
402,Gen 402: تعميق T1 في P1 = 5.7 ATR (15.0%),1282.2165720490405,27.47125296397484,5528.866288196162,1549,839,710,54.163976759199485,2.0275893759757806,2.8817656966144205,MUTATED
403,Gen 403: تعميق T1 في P1 = 5.57 ATR (15.3%),1282.2165720490405,27.47125296397484,5528.866288196162,1549,839,710,54.163976759199485,2.0275893759757806,2.8817656966144205,MUTATED
404,Gen 404: تعميق T1 في P1 = 5.54 ATR (14.4%),1284.0317238730402,27.496419267555716,5536.126895492161,1550,840,710,54.19354838709678,2.0257592029451197,2.8857047088042327,ADOPTED
405,Gen 405: تعميق T1 في P1 = 5.53 ATR (19.9%),1284.0317238730402,27.496419267555716,5536.126895492161,1550,840,710,54.19354838709678,2.0257592029451197,2.8857047088042327,MUTATED
406,Gen 406: تعميق T1 في P1 = 5.49 ATR (18.7%),1284.0317238730402,27.496419267555716,5536.126895492161,1550,840,710,54.19354838709678,2.0257592029451197,2.8857047088042327,MUTATED
407,Gen 407: تعميق T1 في P1 = 5.56 ATR (16.5%),1284.0317238730402,27.496419267555716,5536.126895492161,1550,840,710,54.19354838709678,2.0257592029451197,2.8857047088042327,MUTATED
408,Gen 408: تعميق T1 في P1 = 5.74 ATR (20.0%),1284.0317238730402,27.496419267555716,5536.126895492161,1550,840,710,54.19354838709678,2.0257592029451197,2.8857047088042327,MUTATED
409,Gen 409: تعميق T1 في P1 = 5.59 ATR (18.3%),1284.0317238730402,27.496419267555716,5536.126895492161,1550,840,710,54.19354838709678,2.0257592029451197,2.8857047088042327,MUTATED
410,Gen 410: تعميق T1 في P1 = 5.45 ATR (15.8%),1284.0317238730402,27.496419267555716,5536.126895492161,1550,840,710,54.19354838709678,2.0257592029451197,2.8857047088042327,MUTATED
411,Gen 411: تعميق T1 في P1 = 5.74 ATR (17.5%),1284.0317238730402,27.496419267555716,5536.126895492161,1550,840,710,54.19354838709678,2.0257592029451197,2.8857047088042327,MUTATED
412,Gen 412: تعميق T1 في P1 = 5.59 ATR (18.5%),1284.0317238730402,27.496419267555716,5536.126895492161,1550,840,710,54.19354838709678,2.0257592029451197,2.8857047088042327,MUTATED
413,Gen 413: تعميق T1 في P1 = 5.42 ATR (17.5%),1284.0317238730402,27.496419267555716,5536.126895492161,1550,840,710,54.19354838709678,2.0257592029451197,2.8857047088042327,MUTATED
414,Gen 414: تعميق T1 في P1 = 5.58 ATR (19.1%),1284.0317238730402,27.496419267555716,5536.126895492161,1550,840,710,54.19354838709678,2.0257592029451197,2.8857047088042327,MUTATED
415,Gen 415: تعميق T1 في P1 = 5.46 ATR (19.8%),1284.0317238730402,27.496419267555716,5536.126895492161,1550,840,710,54.19354838709678,2.0257592029451197,2.8857047088042327,MUTATED
416,Gen 416: تعميق T1 في P1 = 5.43 ATR (15.1%),1284.0317238730402,27.496419267555716,5536.126895492161,1550,840,710,54.19354838709678,2.0257592029451197,2.8857047088042327,MUTATED
417,Gen 417: تعميق T1 في P1 = 5.61 ATR (18.1%),1284.0317238730402,27.496419267555716,5536.126895492161,1550,840,710,54.19354838709678,2.0257592029451197,2.8857047088042327,MUTATED
418,Gen 418: تعميق T1 في P1 = 5.48 ATR (14.7%),1284.0317238730402,27.496419267555716,5536.126895492161,1550,840,710,54.19354838709678,2.0257592029451197,2.8857047088042327,MUTATED
419,Gen 419: تعميق T1 في P1 = 5.71 ATR (15.5%),1284.0317238730402,27.496419267555716,5536.126895492161,1550,840,710,54.19354838709678,2.0257592029451197,2.8857047088042327,MUTATED
420,Gen 420: تعميق T1 في P1 = 5.61 ATR (17.7%),1284.0317238730402,27.496419267555716,5536.126895492161,1550,840,710,54.19354838709678,2.0257592029451197,2.8857047088042327,MUTATED
421,Gen 421: تعميق T1 في P1 = 5.55 ATR (17.5%),1284.0317238730402,27.496419267555716,5536.126895492161,1550,840,710,54.19354838709678,2.0257592029451197,2.8857047088042327,MUTATED
422,Gen 422: تعميق T1 في P1 = 5.58 ATR (19.6%),1284.0317238730402,27.496419267555716,5536.126895492161,1550,840,710,54.19354838709678,2.0257592029451197,2.8857047088042327,MUTATED
423,Gen 423: تعميق T1 في P1 = 5.47 ATR (18.3%),1284.0317238730402,27.496419267555716,5536.126895492161,1550,840,710,54.19354838709678,2.0257592029451197,2.8857047088042327,MUTATED
424,Gen 424: تعميق T1 في P1 = 5.48 ATR (16.4%),1284.0317238730402,27.496419267555716,5536.126895492161,1550,840,710,54.19354838709678,2.0257592029451197,2.8857047088042327,MUTATED
425,Gen 425: تعميق T1 في P1 = 5.64 ATR (15.8%),1284.0317238730402,27.496419267555716,5536.126895492161,1550,840,710,54.19354838709678,2.0257592029451197,2.8857047088042327,MUTATED
426,Gen 426: تعميق T1 في P1 = 5.51 ATR (18.5%),1284.0317238730402,27.496419267555716,5536.126895492161,1550,840,710,54.19354838709678,2.0257592029451197,2.8857047088042327,MUTATED
427,Gen 427: تعميق T1 في P1 = 5.43 ATR (16.7%),1284.0317238730402,27.496419267555716,5536.126895492161,1550,840,710,54.19354838709678,2.0257592029451197,2.8857047088042327,MUTATED
428,Gen 428: تعميق T1 في P1 = 5.75 ATR (20.0%),1284.0317238730402,27.496419267555716,5536.126895492161,1550,840,710,54.19354838709678,2.0257592029451197,2.8857047088042327,MUTATED
429,Gen 429: تعميق T1 في P1 = 5.43 ATR (15.3%),1284.0317238730402,27.496419267555716,5536.126895492161,1550,840,710,54.19354838709678,2.0257592029451197,2.8857047088042327,MUTATED
430,Gen 430: تعميق T1 في P1 = 5.49 ATR (19.6%),1284.0317238730402,27.496419267555716,5536.126895492161,1550,840,710,54.19354838709678,2.0257592029451197,2.8857047088042327,MUTATED
431,Gen 431: تعميق T1 في P1 = 5.71 ATR (19.3%),1284.0317238730402,27.496419267555716,5536.126895492161,1550,840,710,54.19354838709678,2.0257592029451197,2.8857047088042327,MUTATED
432,Gen 432: تعميق T1 في P1 = 5.53 ATR (14.9%),1284.0317238730402,27.496419267555716,5536.126895492161,1550,840,710,54.19354838709678,2.0257592029451197,2.8857047088042327,MUTATED
433,Gen 433: تعميق T1 في P1 = 5.69 ATR (18.2%),1284.0317238730402,27.496419267555716,5536.126895492161,1550,840,710,54.19354838709678,2.0257592029451197,2.8857047088042327,MUTATED
434,Gen 434: تعميق T1 في P1 = 5.61 ATR (19.9%),1284.0317238730402,27.496419267555716,5536.126895492161,1550,840,710,54.19354838709678,2.0257592029451197,2.8857047088042327,MUTATED
435,Gen 435: تعميق T1 في P1 = 5.63 ATR (14.0%),1284.0317238730402,27.496419267555716,5536.126895492161,1550,840,710,54.19354838709678,2.0257592029451197,2.8857047088042327,MUTATED
436,Gen 436: تعميق T1 في P1 = 5.69 ATR (15.8%),1284.0317238730402,27.496419267555716,5536.126895492161,1550,840,710,54.19354838709678,2.0257592029451197,2.8857047088042327,MUTATED
437,Gen 437: تعميق T1 في P1 = 5.63 ATR (19.6%),1284.0317238730402,27.496419267555716,5536.126895492161,1550,840,710,54.19354838709678,2.0257592029451197,2.8857047088042327,MUTATED
438,Gen 438: تعميق T1 في P1 = 5.45 ATR (14.7%),1284.0317238730402,27.496419267555716,5536.126895492161,1550,840,710,54.19354838709678,2.0257592029451197,2.8857047088042327,MUTATED
439,Gen 439: تعميق T1 في P1 = 5.44 ATR (17.3%),1284.0317238730402,27.496419267555716,5536.126895492161,1550,840,710,54.19354838709678,2.0257592029451197,2.8857047088042327,MUTATED
440,Gen 440: تعميق T1 في P1 = 5.5 ATR (17.6%),1284.0317238730402,27.496419267555716,5536.126895492161,1550,840,710,54.19354838709678,2.0257592029451197,2.8857047088042327,MUTATED
441,Gen 441: تعميق T1 في P1 = 5.65 ATR (15.2%),1284.0317238730402,27.496419267555716,5536.126895492161,1550,840,710,54.19354838709678,2.0257592029451197,2.8857047088042327,MUTATED
442,Gen 442: تعميق T1 في P1 = 5.62 ATR (15.6%),1284.0317238730402,27.496419267555716,5536.126895492161,1550,840,710,54.19354838709678,2.0257592029451197,2.8857047088042327,MUTATED
443,Gen 443: تعميق T1 في P1 = 5.57 ATR (19.4%),1284.0317238730402,27.496419267555716,5536.126895492161,1550,840,710,54.19354838709678,2.0257592029451197,2.8857047088042327,MUTATED
444,Gen 444: تعميق T1 في P1 = 5.7 ATR (14.6%),1284.0317238730402,27.496419267555716,5536.126895492161,1550,840,710,54.19354838709678,2.0257592029451197,2.8857047088042327,MUTATED
445,Gen 445: تعميق T1 في P1 = 5.55 ATR (15.7%),1284.0317238730402,27.496419267555716,5536.126895492161,1550,840,710,54.19354838709678,2.0257592029451197,2.8857047088042327,MUTATED
446,Gen 446: تعميق T1 في P1 = 5.4 ATR (18.6%),1284.0317238730402,27.496419267555716,5536.126895492161,1550,840,710,54.19354838709678,2.0257592029451197,2.8857047088042327,MUTATED
447,Gen 447: تعميق T1 في P1 = 5.62 ATR (15.6%),1284.0317238730402,27.496419267555716,5536.126895492161,1550,840,710,54.19354838709678,2.0257592029451197,2.8857047088042327,MUTATED
448,Gen 448: تعميق T1 في P1 = 5.66 ATR (17.3%),1284.0317238730402,27.496419267555716,5536.126895492161,1550,840,710,54.19354838709678,2.0257592029451197,2.8857047088042327,MUTATED
449,Gen 449: تعميق T1 في P1 = 5.55 ATR (14.1%),1284.0317238730402,27.496419267555716,5536.126895492161,1550,840,710,54.19354838709678,2.0257592029451197,2.8857047088042327,MUTATED
450,Gen 450: تعميق T1 في P1 = 5.43 ATR (19.3%),1284.0317238730402,27.496419267555716,5536.126895492161,1550,840,710,54.19354838709678,2.0257592029451197,2.8857047088042327,MUTATED
451,Gen 451: تعميق T1 في P1 = 5.72 ATR (17.3%),1284.0317238730402,27.496419267555716,5536.126895492161,1550,840,710,54.19354838709678,2.0257592029451197,2.8857047088042327,MUTATED
452,Gen 452: تعميق T1 في P1 = 5.69 ATR (17.5%),1284.0317238730402,27.496419267555716,5536.126895492161,1550,840,710,54.19354838709678,2.0257592029451197,2.8857047088042327,MUTATED
453,Gen 453: تعميق T1 في P1 = 5.45 ATR (14.8%),1284.0317238730402,27.496419267555716,5536.126895492161,1550,840,710,54.19354838709678,2.0257592029451197,2.8857047088042327,MUTATED
454,Gen 454: تعميق T1 في P1 = 5.51 ATR (19.4%),1284.0317238730402,27.496419267555716,5536.126895492161,1550,840,710,54.19354838709678,2.0257592029451197,2.8857047088042327,MUTATED
455,Gen 455: تعميق T1 في P1 = 5.68 ATR (19.2%),1284.0317238730402,27.496419267555716,5536.126895492161,1550,840,710,54.19354838709678,2.0257592029451197,2.8857047088042327,MUTATED
456,Gen 456: تعميق T1 في P1 = 5.71 ATR (15.3%),1284.0317238730402,27.496419267555716,5536.126895492161,1550,840,710,54.19354838709678,2.0257592029451197,2.8857047088042327,MUTATED
457,Gen 457: تعميق T1 في P1 = 5.49 ATR (14.6%),1284.0317238730402,27.496419267555716,5536.126895492161,1550,840,710,54.19354838709678,2.0257592029451197,2.8857047088042327,MUTATED
458,Gen 458: تعميق T1 في P1 = 5.67 ATR (19.3%),1284.0317238730402,27.496419267555716,5536.126895492161,1550,840,710,54.19354838709678,2.0257592029451197,2.8857047088042327,MUTATED
459,Gen 459: تعميق T1 في P1 = 5.54 ATR (17.7%),1284.0317238730402,27.496419267555716,5536.126895492161,1550,840,710,54.19354838709678,2.0257592029451197,2.8857047088042327,MUTATED
460,Gen 460: تعميق T1 في P1 = 5.45 ATR (19.6%),1284.0317238730402,27.496419267555716,5536.126895492161,1550,840,710,54.19354838709678,2.0257592029451197,2.8857047088042327,MUTATED
461,Gen 461: تعميق T1 في P1 = 5.7 ATR (19.9%),1284.0317238730402,27.496419267555716,5536.126895492161,1550,840,710,54.19354838709678,2.0257592029451197,2.8857047088042327,MUTATED
462,Gen 462: تعميق T1 في P1 = 5.68 ATR (19.3%),1284.0317238730402,27.496419267555716,5536.126895492161,1550,840,710,54.19354838709678,2.0257592029451197,2.8857047088042327,MUTATED
463,Gen 463: تعميق T1 في P1 = 5.41 ATR (18.4%),1284.0317238730402,27.496419267555716,5536.126895492161,1550,840,710,54.19354838709678,2.0257592029451197,2.8857047088042327,MUTATED
464,Gen 464: تعميق T1 في P1 = 5.52 ATR (19.6%),1284.0317238730402,27.496419267555716,5536.126895492161,1550,840,710,54.19354838709678,2.0257592029451197,2.8857047088042327,MUTATED
465,Gen 465: تعميق T1 في P1 = 5.68 ATR (19.2%),1284.0317238730402,27.496419267555716,5536.126895492161,1550,840,710,54.19354838709678,2.0257592029451197,2.8857047088042327,MUTATED
466,Gen 466: تعميق T1 في P1 = 5.68 ATR (15.6%),1284.0317238730402,27.496419267555716,5536.126895492161,1550,840,710,54.19354838709678,2.0257592029451197,2.8857047088042327,MUTATED
467,Gen 467: تعميق T1 في P1 = 5.68 ATR (14.6%),1284.0317238730402,27.496419267555716,5536.126895492161,1550,840,710,54.19354838709678,2.0257592029451197,2.8857047088042327,MUTATED
468,Gen 468: تعميق T1 في P1 = 5.71 ATR (19.2%),1284.0317238730402,27.496419267555716,5536.126895492161,1550,840,710,54.19354838709678,2.0257592029451197,2.8857047088042327,MUTATED
469,Gen 469: تعميق T1 في P1 = 5.48 ATR (18.9%),1284.0317238730402,27.496419267555716,5536.126895492161,1550,840,710,54.19354838709678,2.0257592029451197,2.8857047088042327,MUTATED
470,Gen 470: تعميق T1 في P1 = 5.56 ATR (15.8%),1284.0317238730402,27.496419267555716,5536.126895492161,1550,840,710,54.19354838709678,2.0257592029451197,2.8857047088042327,MUTATED
471,Gen 471: تعميق T1 في P1 = 5.68 ATR (15.4%),1284.0317238730402,27.496419267555716,5536.126895492161,1550,840,710,54.19354838709678,2.0257592029451197,2.8857047088042327,MUTATED
472,Gen 472: تعميق T1 في P1 = 5.41 ATR (15.2%),1284.0317238730402,27.496419267555716,5536.126895492161,1550,840,710,54.19354838709678,2.0257592029451197,2.8857047088042327,MUTATED
473,Gen 473: تعميق T1 في P1 = 5.51 ATR (19.2%),1284.0317238730402,27.496419267555716,5536.126895492161,1550,840,710,54.19354838709678,2.0257592029451197,2.8857047088042327,MUTATED
474,Gen 474: تعميق T1 في P1 = 5.74 ATR (15.7%),1284.0317238730402,27.496419267555716,5536.126895492161,1550,840,710,54.19354838709678,2.0257592029451197,2.8857047088042327,MUTATED
475,Gen 475: تعميق T1 في P1 = 5.62 ATR (16.4%),1284.0317238730402,27.496419267555716,5536.126895492161,1550,840,710,54.19354838709678,2.0257592029451197,2.8857047088042327,MUTATED
476,Gen 476: تعميق T1 في P1 = 5.74 ATR (17.2%),1284.0317238730402,27.496419267555716,5536.126895492161,1550,840,710,54.19354838709678,2.0257592029451197,2.8857047088042327,MUTATED
477,Gen 477: تعميق T1 في P1 = 5.73 ATR (14.7%),1284.0317238730402,27.496419267555716,5536.126895492161,1550,840,710,54.19354838709678,2.0257592029451197,2.8857047088042327,MUTATED
478,Gen 478: تعميق T1 في P1 = 5.74 ATR (15.1%),1284.0317238730402,27.496419267555716,5536.126895492161,1550,840,710,54.19354838709678,2.0257592029451197,2.8857047088042327,MUTATED
479,Gen 479: تعميق T1 في P1 = 5.74 ATR (15.6%),1284.0317238730402,27.496419267555716,5536.126895492161,1550,840,710,54.19354838709678,2.0257592029451197,2.8857047088042327,MUTATED
480,Gen 480: تعميق T1 في P1 = 5.44 ATR (16.6%),1284.0317238730402,27.496419267555716,5536.126895492161,1550,840,710,54.19354838709678,2.0257592029451197,2.8857047088042327,MUTATED
481,Gen 481: تعميق T1 في P1 = 5.65 ATR (15.9%),1284.0317238730402,27.496419267555716,5536.126895492161,1550,840,710,54.19354838709678,2.0257592029451197,2.8857047088042327,MUTATED
482,Gen 482: تعميق T1 في P1 = 5.61 ATR (17.1%),1284.0317238730402,27.496419267555716,5536.126895492161,1550,840,710,54.19354838709678,2.0257592029451197,2.8857047088042327,MUTATED
483,Gen 483: تعميق T1 في P1 = 5.53 ATR (17.5%),1284.0317238730402,27.496419267555716,5536.126895492161,1550,840,710,54.19354838709678,2.0257592029451197,2.8857047088042327,MUTATED
484,Gen 484: تعميق T1 في P1 = 5.49 ATR (18.3%),1284.0317238730402,27.496419267555716,5536.126895492161,1550,840,710,54.19354838709678,2.0257592029451197,2.8857047088042327,MUTATED
485,Gen 485: تعميق T1 في P1 = 5.4 ATR (19.6%),1284.0317238730402,27.496419267555716,5536.126895492161,1550,840,710,54.19354838709678,2.0257592029451197,2.8857047088042327,MUTATED
486,Gen 486: تعميق T1 في P1 = 5.59 ATR (18.3%),1284.0317238730402,27.496419267555716,5536.126895492161,1550,840,710,54.19354838709678,2.0257592029451197,2.8857047088042327,MUTATED
487,Gen 487: تعميق T1 في P1 = 5.66 ATR (18.0%),1284.0317238730402,27.496419267555716,5536.126895492161,1550,840,710,54.19354838709678,2.0257592029451197,2.8857047088042327,MUTATED
488,Gen 488: تعميق T1 في P1 = 5.53 ATR (14.4%),1284.0317238730402,27.496419267555716,5536.126895492161,1550,840,710,54.19354838709678,2.0257592029451197,2.8857047088042327,MUTATED
489,Gen 489: تعميق T1 في P1 = 5.63 ATR (16.0%),1284.0317238730402,27.496419267555716,5536.126895492161,1550,840,710,54.19354838709678,2.0257592029451197,2.8857047088042327,MUTATED
490,Gen 490: تعميق T1 في P1 = 5.51 ATR (19.1%),1284.0317238730402,27.496419267555716,5536.126895492161,1550,840,710,54.19354838709678,2.0257592029451197,2.8857047088042327,MUTATED
491,Gen 491: تعميق T1 في P1 = 5.65 ATR (15.8%),1284.0317238730402,27.496419267555716,5536.126895492161,1550,840,710,54.19354838709678,2.0257592029451197,2.8857047088042327,MUTATED
492,Gen 492: تعميق T1 في P1 = 5.51 ATR (16.5%),1284.0317238730402,27.496419267555716,5536.126895492161,1550,840,710,54.19354838709678,2.0257592029451197,2.8857047088042327,MUTATED
493,Gen 493: تعميق T1 في P1 = 5.54 ATR (15.8%),1284.0317238730402,27.496419267555716,5536.126895492161,1550,840,710,54.19354838709678,2.0257592029451197,2.8857047088042327,MUTATED
494,Gen 494: تعميق T1 في P1 = 5.44 ATR (16.5%),1284.0317238730402,27.496419267555716,5536.126895492161,1550,840,710,54.19354838709678,2.0257592029451197,2.8857047088042327,MUTATED
495,Gen 495: تعميق T1 في P1 = 5.73 ATR (18.1%),1284.0317238730402,27.496419267555716,5536.126895492161,1550,840,710,54.19354838709678,2.0257592029451197,2.8857047088042327,MUTATED
496,Gen 496: تعميق T1 في P1 = 5.72 ATR (17.7%),1284.0317238730402,27.496419267555716,5536.126895492161,1550,840,710,54.19354838709678,2.0257592029451197,2.8857047088042327,MUTATED
497,Gen 497: تعميق T1 في P1 = 5.51 ATR (17.3%),1284.0317238730402,27.496419267555716,5536.126895492161,1550,840,710,54.19354838709678,2.0257592029451197,2.8857047088042327,MUTATED
498,Gen 498: تعميق T1 في P1 = 5.4 ATR (15.7%),1284.0317238730402,27.496419267555716,5536.126895492161,1550,840,710,54.19354838709678,2.0257592029451197,2.8857047088042327,MUTATED
499,Gen 499: تعميق T1 في P1 = 5.55 ATR (17.5%),1284.0317238730402,27.496419267555716,5536.126895492161,1550,840,710,54.19354838709678,2.0257592029451197,2.8857047088042327,MUTATED
500,Gen 500: تعميق T1 في P1 = 5.63 ATR (16.8%),1284.0317238730402,27.496419267555716,5536.126895492161,1550,840,710,54.19354838709678,2.0257592029451197,2.8857047088042327,MUTATED
501,Gen 501: مضاعف التعافي rec_boost = 1.44,1284.0317238730402,27.496419267555716,5536.126895492161,1550,840,710,54.19354838709678,2.0257592029451197,2.8857047088042327,MUTATED
502,Gen 502: مضاعف التعافي rec_boost = 1.39,1284.0317238730402,27.496419267555716,5536.126895492161,1550,840,710,54.19354838709678,2.0257592029451197,2.8857047088042327,MUTATED
503,Gen 503: مضاعف التعافي rec_boost = 1.44,1284.0317238730402,27.496419267555716,5536.126895492161,1550,840,710,54.19354838709678,2.0257592029451197,2.8857047088042327,MUTATED
504,Gen 504: مضاعف التعافي rec_boost = 1.53,1286.5613570502894,27.496419267555716,5546.245428201158,1550,840,710,54.19354838709678,2.0230886618345987,2.8789272368361924,ADOPTED
505,Gen 505: مضاعف التعافي rec_boost = 1.51,1286.5613570502894,27.496419267555716,5546.245428201158,1550,840,710,54.19354838709678,2.0230886618345987,2.8789272368361924,MUTATED
506,Gen 506: مضاعف التعافي rec_boost = 1.38,1286.5613570502894,27.496419267555716,5546.245428201158,1550,840,710,54.19354838709678,2.0230886618345987,2.8789272368361924,MUTATED
507,Gen 507: مضاعف التعافي rec_boost = 1.37,1286.5613570502894,27.496419267555716,5546.245428201158,1550,840,710,54.19354838709678,2.0230886618345987,2.8789272368361924,MUTATED
508,Gen 508: مضاعف التعافي rec_boost = 1.45,1286.5613570502894,27.496419267555716,5546.245428201158,1550,840,710,54.19354838709678,2.0230886618345987,2.8789272368361924,MUTATED
509,Gen 509: مضاعف التعافي rec_boost = 1.48,1286.5613570502894,27.496419267555716,5546.245428201158,1550,840,710,54.19354838709678,2.0230886618345987,2.8789272368361924,MUTATED
510,Gen 510: مضاعف التعافي rec_boost = 1.42,1286.5613570502894,27.496419267555716,5546.245428201158,1550,840,710,54.19354838709678,2.0230886618345987,2.8789272368361924,MUTATED
511,Gen 511: مضاعف التعافي rec_boost = 1.51,1286.5613570502894,27.496419267555716,5546.245428201158,1550,840,710,54.19354838709678,2.0230886618345987,2.8789272368361924,MUTATED
512,Gen 512: مضاعف التعافي rec_boost = 1.5,1286.5613570502894,27.496419267555716,5546.245428201158,1550,840,710,54.19354838709678,2.0230886618345987,2.8789272368361924,MUTATED
513,Gen 513: مضاعف التعافي rec_boost = 1.48,1286.5613570502894,27.496419267555716,5546.245428201158,1550,840,710,54.19354838709678,2.0230886618345987,2.8789272368361924,MUTATED
514,Gen 514: مضاعف التعافي rec_boost = 1.39,1286.5613570502894,27.496419267555716,5546.245428201158,1550,840,710,54.19354838709678,2.0230886618345987,2.8789272368361924,MUTATED
515,Gen 515: مضاعف التعافي rec_boost = 1.39,1286.5613570502894,27.496419267555716,5546.245428201158,1550,840,710,54.19354838709678,2.0230886618345987,2.8789272368361924,MUTATED
516,Gen 516: مضاعف التعافي rec_boost = 1.35,1286.5613570502894,27.496419267555716,5546.245428201158,1550,840,710,54.19354838709678,2.0230886618345987,2.8789272368361924,MUTATED
517,Gen 517: مضاعف التعافي rec_boost = 1.4,1286.5613570502894,27.496419267555716,5546.245428201158,1550,840,710,54.19354838709678,2.0230886618345987,2.8789272368361924,MUTATED
518,Gen 518: مضاعف التعافي rec_boost = 1.45,1286.5613570502894,27.496419267555716,5546.245428201158,1550,840,710,54.19354838709678,2.0230886618345987,2.8789272368361924,MUTATED
519,Gen 519: مضاعف التعافي rec_boost = 1.52,1286.5613570502894,27.496419267555716,5546.245428201158,1550,840,710,54.19354838709678,2.0230886618345987,2.8789272368361924,MUTATED
520,Gen 520: مضاعف التعافي rec_boost = 1.36,1286.5613570502894,27.496419267555716,5546.245428201158,1550,840,710,54.19354838709678,2.0230886618345987,2.8789272368361924,MUTATED
521,Gen 521: مضاعف التعافي rec_boost = 1.43,1286.5613570502894,27.496419267555716,5546.245428201158,1550,840,710,54.19354838709678,2.0230886618345987,2.8789272368361924,MUTATED
522,Gen 522: مضاعف التعافي rec_boost = 1.48,1286.5613570502894,27.496419267555716,5546.245428201158,1550,840,710,54.19354838709678,2.0230886618345987,2.8789272368361924,MUTATED
523,Gen 523: مضاعف التعافي rec_boost = 1.39,1286.5613570502894,27.496419267555716,5546.245428201158,1550,840,710,54.19354838709678,2.0230886618345987,2.8789272368361924,MUTATED
524,Gen 524: مضاعف التعافي rec_boost = 1.49,1286.5613570502894,27.496419267555716,5546.245428201158,1550,840,710,54.19354838709678,2.0230886618345987,2.8789272368361924,MUTATED
525,Gen 525: مضاعف التعافي rec_boost = 1.45,1286.5613570502894,27.496419267555716,5546.245428201158,1550,840,710,54.19354838709678,2.0230886618345987,2.8789272368361924,MUTATED
526,Gen 526: مضاعف التعافي rec_boost = 1.4,1286.5613570502894,27.496419267555716,5546.245428201158,1550,840,710,54.19354838709678,2.0230886618345987,2.8789272368361924,MUTATED
527,Gen 527: مضاعف التعافي rec_boost = 1.48,1286.5613570502894,27.496419267555716,5546.245428201158,1550,840,710,54.19354838709678,2.0230886618345987,2.8789272368361924,MUTATED
528,Gen 528: مضاعف التعافي rec_boost = 1.35,1286.5613570502894,27.496419267555716,5546.245428201158,1550,840,710,54.19354838709678,2.0230886618345987,2.8789272368361924,MUTATED
529,Gen 529: مضاعف التعافي rec_boost = 1.5,1286.5613570502894,27.496419267555716,5546.245428201158,1550,840,710,54.19354838709678,2.0230886618345987,2.8789272368361924,MUTATED
530,Gen 530: مضاعف التعافي rec_boost = 1.5,1286.5613570502894,27.496419267555716,5546.245428201158,1550,840,710,54.19354838709678,2.0230886618345987,2.8789272368361924,MUTATED
531,Gen 531: مضاعف التعافي rec_boost = 1.37,1286.5613570502894,27.496419267555716,5546.245428201158,1550,840,710,54.19354838709678,2.0230886618345987,2.8789272368361924,MUTATED
532,Gen 532: مضاعف التعافي rec_boost = 1.44,1286.5613570502894,27.496419267555716,5546.245428201158,1550,840,710,54.19354838709678,2.0230886618345987,2.8789272368361924,MUTATED
533,Gen 533: مضاعف التعافي rec_boost = 1.39,1286.5613570502894,27.496419267555716,5546.245428201158,1550,840,710,54.19354838709678,2.0230886618345987,2.8789272368361924,MUTATED
534,Gen 534: مضاعف التعافي rec_boost = 1.54,1287.0644813978513,27.496419267555716,5548.257925591405,1550,840,710,54.19354838709678,2.022851582416958,2.8785650210495217,ADOPTED
535,Gen 535: مضاعف التعافي rec_boost = 1.45,1287.0644813978513,27.496419267555716,5548.257925591405,1550,840,710,54.19354838709678,2.022851582416958,2.8785650210495217,MUTATED
536,Gen 536: مضاعف التعافي rec_boost = 1.36,1287.0644813978513,27.496419267555716,5548.257925591405,1550,840,710,54.19354838709678,2.022851582416958,2.8785650210495217,MUTATED
537,Gen 537: مضاعف التعافي rec_boost = 1.4,1287.0644813978513,27.496419267555716,5548.257925591405,1550,840,710,54.19354838709678,2.022851582416958,2.8785650210495217,MUTATED
538,Gen 538: مضاعف التعافي rec_boost = 1.52,1287.0644813978513,27.496419267555716,5548.257925591405,1550,840,710,54.19354838709678,2.022851582416958,2.8785650210495217,MUTATED
539,Gen 539: مضاعف التعافي rec_boost = 1.44,1287.0644813978513,27.496419267555716,5548.257925591405,1550,840,710,54.19354838709678,2.022851582416958,2.8785650210495217,MUTATED
540,Gen 540: مضاعف التعافي rec_boost = 1.51,1287.0644813978513,27.496419267555716,5548.257925591405,1550,840,710,54.19354838709678,2.022851582416958,2.8785650210495217,MUTATED
541,Gen 541: مضاعف التعافي rec_boost = 1.48,1287.0644813978513,27.496419267555716,5548.257925591405,1550,840,710,54.19354838709678,2.022851582416958,2.8785650210495217,MUTATED
542,Gen 542: مضاعف التعافي rec_boost = 1.55,1287.5668836097682,27.496419267555716,5550.267534439073,1550,840,710,54.19354838709678,2.0226114919799363,2.8782021452303916,ADOPTED
543,Gen 543: مضاعف التعافي rec_boost = 1.47,1287.5668836097682,27.496419267555716,5550.267534439073,1550,840,710,54.19354838709678,2.0226114919799363,2.8782021452303916,MUTATED
544,Gen 544: مضاعف التعافي rec_boost = 1.54,1287.5668836097682,27.496419267555716,5550.267534439073,1550,840,710,54.19354838709678,2.0226114919799363,2.8782021452303916,MUTATED
545,Gen 545: مضاعف التعافي rec_boost = 1.53,1287.5668836097682,27.496419267555716,5550.267534439073,1550,840,710,54.19354838709678,2.0226114919799363,2.8782021452303916,MUTATED
546,Gen 546: مضاعف التعافي rec_boost = 1.47,1287.5668836097682,27.496419267555716,5550.267534439073,1550,840,710,54.19354838709678,2.0226114919799363,2.8782021452303916,MUTATED
547,Gen 547: مضاعف التعافي rec_boost = 1.49,1287.5668836097682,27.496419267555716,5550.267534439073,1550,840,710,54.19354838709678,2.0226114919799363,2.8782021452303916,MUTATED
548,Gen 548: مضاعف التعافي rec_boost = 1.45,1287.5668836097682,27.496419267555716,5550.267534439073,1550,840,710,54.19354838709678,2.0226114919799363,2.8782021452303916,MUTATED
549,Gen 549: مضاعف التعافي rec_boost = 1.52,1287.5668836097682,27.496419267555716,5550.267534439073,1550,840,710,54.19354838709678,2.0226114919799363,2.8782021452303916,MUTATED
550,Gen 550: مضاعف التعافي rec_boost = 1.46,1287.5668836097682,27.496419267555716,5550.267534439073,1550,840,710,54.19354838709678,2.0226114919799363,2.8782021452303916,MUTATED
551,Gen 551: مضاعف التعافي rec_boost = 1.53,1287.5668836097682,27.496419267555716,5550.267534439073,1550,840,710,54.19354838709678,2.0226114919799363,2.8782021452303916,MUTATED
552,Gen 552: مضاعف التعافي rec_boost = 1.5,1287.5668836097682,27.496419267555716,5550.267534439073,1550,840,710,54.19354838709678,2.0226114919799363,2.8782021452303916,MUTATED
553,Gen 553: مضاعف التعافي rec_boost = 1.44,1287.5668836097682,27.496419267555716,5550.267534439073,1550,840,710,54.19354838709678,2.0226114919799363,2.8782021452303916,MUTATED
554,Gen 554: مضاعف التعافي rec_boost = 1.4,1287.5668836097682,27.496419267555716,5550.267534439073,1550,840,710,54.19354838709678,2.0226114919799363,2.8782021452303916,MUTATED
555,Gen 555: مضاعف التعافي rec_boost = 1.4,1287.5668836097682,27.496419267555716,5550.267534439073,1550,840,710,54.19354838709678,2.0226114919799363,2.8782021452303916,MUTATED
556,Gen 556: مضاعف التعافي rec_boost = 1.48,1287.5668836097682,27.496419267555716,5550.267534439073,1550,840,710,54.19354838709678,2.0226114919799363,2.8782021452303916,MUTATED
557,Gen 557: مضاعف التعافي rec_boost = 1.5,1287.5668836097682,27.496419267555716,5550.267534439073,1550,840,710,54.19354838709678,2.0226114919799363,2.8782021452303916,MUTATED
558,Gen 558: مضاعف التعافي rec_boost = 1.45,1287.5668836097682,27.496419267555716,5550.267534439073,1550,840,710,54.19354838709678,2.0226114919799363,2.8782021452303916,MUTATED
559,Gen 559: مضاعف التعافي rec_boost = 1.48,1287.5668836097682,27.496419267555716,5550.267534439073,1550,840,710,54.19354838709678,2.0226114919799363,2.8782021452303916,MUTATED
560,Gen 560: مضاعف التعافي rec_boost = 1.4,1287.5668836097682,27.496419267555716,5550.267534439073,1550,840,710,54.19354838709678,2.0226114919799363,2.8782021452303916,MUTATED
561,Gen 561: مضاعف التعافي rec_boost = 1.37,1287.5668836097682,27.496419267555716,5550.267534439073,1550,840,710,54.19354838709678,2.0226114919799363,2.8782021452303916,MUTATED
562,Gen 562: مضاعف التعافي rec_boost = 1.41,1287.5668836097682,27.496419267555716,5550.267534439073,1550,840,710,54.19354838709678,2.0226114919799363,2.8782021452303916,MUTATED
563,Gen 563: مضاعف التعافي rec_boost = 1.4,1287.5668836097682,27.496419267555716,5550.267534439073,1550,840,710,54.19354838709678,2.0226114919799363,2.8782021452303916,MUTATED
564,Gen 564: مضاعف التعافي rec_boost = 1.41,1287.5668836097682,27.496419267555716,5550.267534439073,1550,840,710,54.19354838709678,2.0226114919799363,2.8782021452303916,MUTATED
565,Gen 565: مضاعف التعافي rec_boost = 1.46,1287.5668836097682,27.496419267555716,5550.267534439073,1550,840,710,54.19354838709678,2.0226114919799363,2.8782021452303916,MUTATED
566,Gen 566: مضاعف التعافي rec_boost = 1.38,1287.5668836097682,27.496419267555716,5550.267534439073,1550,840,710,54.19354838709678,2.0226114919799363,2.8782021452303916,MUTATED
567,Gen 567: مضاعف التعافي rec_boost = 1.4,1287.5668836097682,27.496419267555716,5550.267534439073,1550,840,710,54.19354838709678,2.0226114919799363,2.8782021452303916,MUTATED
568,Gen 568: مضاعف التعافي rec_boost = 1.49,1287.5668836097682,27.496419267555716,5550.267534439073,1550,840,710,54.19354838709678,2.0226114919799363,2.8782021452303916,MUTATED
569,Gen 569: مضاعف التعافي rec_boost = 1.49,1287.5668836097682,27.496419267555716,5550.267534439073,1550,840,710,54.19354838709678,2.0226114919799363,2.8782021452303916,MUTATED
570,Gen 570: مضاعف التعافي rec_boost = 1.36,1287.5668836097682,27.496419267555716,5550.267534439073,1550,840,710,54.19354838709678,2.0226114919799363,2.8782021452303916,MUTATED
571,Gen 571: مضاعف التعافي rec_boost = 1.43,1287.5668836097682,27.496419267555716,5550.267534439073,1550,840,710,54.19354838709678,2.0226114919799363,2.8782021452303916,MUTATED
572,Gen 572: مضاعف التعافي rec_boost = 1.46,1287.5668836097682,27.496419267555716,5550.267534439073,1550,840,710,54.19354838709678,2.0226114919799363,2.8782021452303916,MUTATED
573,Gen 573: مضاعف التعافي rec_boost = 1.43,1287.5668836097682,27.496419267555716,5550.267534439073,1550,840,710,54.19354838709678,2.0226114919799363,2.8782021452303916,MUTATED
574,Gen 574: مضاعف التعافي rec_boost = 1.39,1287.5668836097682,27.496419267555716,5550.267534439073,1550,840,710,54.19354838709678,2.0226114919799363,2.8782021452303916,MUTATED
575,Gen 575: مضاعف التعافي rec_boost = 1.43,1287.5668836097682,27.496419267555716,5550.267534439073,1550,840,710,54.19354838709678,2.0226114919799363,2.8782021452303916,MUTATED
576,Gen 576: مضاعف التعافي rec_boost = 1.53,1287.5668836097682,27.496419267555716,5550.267534439073,1550,840,710,54.19354838709678,2.0226114919799363,2.8782021452303916,MUTATED
577,Gen 577: مضاعف التعافي rec_boost = 1.47,1287.5668836097682,27.496419267555716,5550.267534439073,1550,840,710,54.19354838709678,2.0226114919799363,2.8782021452303916,MUTATED
578,Gen 578: مضاعف التعافي rec_boost = 1.49,1287.5668836097682,27.496419267555716,5550.267534439073,1550,840,710,54.19354838709678,2.0226114919799363,2.8782021452303916,MUTATED
579,Gen 579: مضاعف التعافي rec_boost = 1.52,1287.5668836097682,27.496419267555716,5550.267534439073,1550,840,710,54.19354838709678,2.0226114919799363,2.8782021452303916,MUTATED
580,Gen 580: مضاعف التعافي rec_boost = 1.5,1287.5668836097682,27.496419267555716,5550.267534439073,1550,840,710,54.19354838709678,2.0226114919799363,2.8782021452303916,MUTATED
581,Gen 581: مضاعف التعافي rec_boost = 1.43,1287.5668836097682,27.496419267555716,5550.267534439073,1550,840,710,54.19354838709678,2.0226114919799363,2.8782021452303916,MUTATED
582,Gen 582: مضاعف التعافي rec_boost = 1.35,1287.5668836097682,27.496419267555716,5550.267534439073,1550,840,710,54.19354838709678,2.0226114919799363,2.8782021452303916,MUTATED
583,Gen 583: مضاعف التعافي rec_boost = 1.42,1287.5668836097682,27.496419267555716,5550.267534439073,1550,840,710,54.19354838709678,2.0226114919799363,2.8782021452303916,MUTATED
584,Gen 584: مضاعف التعافي rec_boost = 1.5,1287.5668836097682,27.496419267555716,5550.267534439073,1550,840,710,54.19354838709678,2.0226114919799363,2.8782021452303916,MUTATED
585,Gen 585: مضاعف التعافي rec_boost = 1.52,1287.5668836097682,27.496419267555716,5550.267534439073,1550,840,710,54.19354838709678,2.0226114919799363,2.8782021452303916,MUTATED
586,Gen 586: مضاعف التعافي rec_boost = 1.54,1287.5668836097682,27.496419267555716,5550.267534439073,1550,840,710,54.19354838709678,2.0226114919799363,2.8782021452303916,MUTATED
587,Gen 587: مضاعف التعافي rec_boost = 1.43,1287.5668836097682,27.496419267555716,5550.267534439073,1550,840,710,54.19354838709678,2.0226114919799363,2.8782021452303916,MUTATED
588,Gen 588: مضاعف التعافي rec_boost = 1.5,1287.5668836097682,27.496419267555716,5550.267534439073,1550,840,710,54.19354838709678,2.0226114919799363,2.8782021452303916,MUTATED
589,Gen 589: مضاعف التعافي rec_boost = 1.46,1287.5668836097682,27.496419267555716,5550.267534439073,1550,840,710,54.19354838709678,2.0226114919799363,2.8782021452303916,MUTATED
590,Gen 590: مضاعف التعافي rec_boost = 1.47,1287.5668836097682,27.496419267555716,5550.267534439073,1550,840,710,54.19354838709678,2.0226114919799363,2.8782021452303916,MUTATED
591,Gen 591: مضاعف التعافي rec_boost = 1.39,1287.5668836097682,27.496419267555716,5550.267534439073,1550,840,710,54.19354838709678,2.0226114919799363,2.8782021452303916,MUTATED
592,Gen 592: مضاعف التعافي rec_boost = 1.39,1287.5668836097682,27.496419267555716,5550.267534439073,1550,840,710,54.19354838709678,2.0226114919799363,2.8782021452303916,MUTATED
593,Gen 593: مضاعف التعافي rec_boost = 1.44,1287.5668836097682,27.496419267555716,5550.267534439073,1550,840,710,54.19354838709678,2.0226114919799363,2.8782021452303916,MUTATED
594,Gen 594: مضاعف التعافي rec_boost = 1.36,1287.5668836097682,27.496419267555716,5550.267534439073,1550,840,710,54.19354838709678,2.0226114919799363,2.8782021452303916,MUTATED
595,Gen 595: مضاعف التعافي rec_boost = 1.42,1287.5668836097682,27.496419267555716,5550.267534439073,1550,840,710,54.19354838709678,2.0226114919799363,2.8782021452303916,MUTATED
596,Gen 596: مضاعف التعافي rec_boost = 1.49,1287.5668836097682,27.496419267555716,5550.267534439073,1550,840,710,54.19354838709678,2.0226114919799363,2.8782021452303916,MUTATED
597,Gen 597: مضاعف التعافي rec_boost = 1.43,1287.5668836097682,27.496419267555716,5550.267534439073,1550,840,710,54.19354838709678,2.0226114919799363,2.8782021452303916,MUTATED
598,Gen 598: مضاعف التعافي rec_boost = 1.38,1287.5668836097682,27.496419267555716,5550.267534439073,1550,840,710,54.19354838709678,2.0226114919799363,2.8782021452303916,MUTATED
599,Gen 599: مضاعف التعافي rec_boost = 1.44,1287.5668836097682,27.496419267555716,5550.267534439073,1550,840,710,54.19354838709678,2.0226114919799363,2.8782021452303916,MUTATED
600,Gen 600: مضاعف التعافي rec_boost = 1.38,1287.5668836097682,27.496419267555716,5550.267534439073,1550,840,710,54.19354838709678,2.0226114919799363,2.8782021452303916,MUTATED
601,Gen 601: شمعات التعافي rec_bars = 92,1287.5668836097682,27.496419267555716,5550.267534439073,1550,840,710,54.19354838709678,2.0226114919799363,2.8782021452303916,MUTATED
602,Gen 602: شمعات التعافي rec_bars = 116,1287.5668836097682,27.496419267555716,5550.267534439073,1550,840,710,54.19354838709678,2.0226114919799363,2.8782021452303916,MUTATED
603,Gen 603: شمعات التعافي rec_bars = 92,1287.5668836097682,27.496419267555716,5550.267534439073,1550,840,710,54.19354838709678,2.0226114919799363,2.8782021452303916,MUTATED
604,Gen 604: شمعات التعافي rec_bars = 96,1287.5668836097682,27.496419267555716,5550.267534439073,1550,840,710,54.19354838709678,2.0226114919799363,2.8782021452303916,MUTATED
605,Gen 605: شمعات التعافي rec_bars = 116,1287.5668836097682,27.496419267555716,5550.267534439073,1550,840,710,54.19354838709678,2.0226114919799363,2.8782021452303916,MUTATED
606,Gen 606: شمعات التعافي rec_bars = 100,1287.5668836097682,27.496419267555716,5550.267534439073,1550,840,710,54.19354838709678,2.0226114919799363,2.8782021452303916,MUTATED
607,Gen 607: شمعات التعافي rec_bars = 120,1287.5668836097682,27.496419267555716,5550.267534439073,1550,840,710,54.19354838709678,2.0226114919799363,2.8782021452303916,MUTATED
608,Gen 608: شمعات التعافي rec_bars = 100,1287.5668836097682,27.496419267555716,5550.267534439073,1550,840,710,54.19354838709678,2.0226114919799363,2.8782021452303916,MUTATED
609,Gen 609: شمعات التعافي rec_bars = 92,1287.5668836097682,27.496419267555716,5550.267534439073,1550,840,710,54.19354838709678,2.0226114919799363,2.8782021452303916,MUTATED
610,Gen 610: شمعات التعافي rec_bars = 108,1287.5668836097682,27.496419267555716,5550.267534439073,1550,840,710,54.19354838709678,2.0226114919799363,2.8782021452303916,MUTATED
611,Gen 611: شمعات التعافي rec_bars = 116,1287.5668836097682,27.496419267555716,5550.267534439073,1550,840,710,54.19354838709678,2.0226114919799363,2.8782021452303916,MUTATED
612,Gen 612: شمعات التعافي rec_bars = 112,1287.5668836097682,27.496419267555716,5550.267534439073,1550,840,710,54.19354838709678,2.0226114919799363,2.8782021452303916,MUTATED
613,Gen 613: شمعات التعافي rec_bars = 104,1287.5668836097682,27.496419267555716,5550.267534439073,1550,840,710,54.19354838709678,2.0226114919799363,2.8782021452303916,MUTATED
614,Gen 614: شمعات التعافي rec_bars = 120,1287.5668836097682,27.496419267555716,5550.267534439073,1550,840,710,54.19354838709678,2.0226114919799363,2.8782021452303916,MUTATED
615,Gen 615: شمعات التعافي rec_bars = 112,1287.5668836097682,27.496419267555716,5550.267534439073,1550,840,710,54.19354838709678,2.0226114919799363,2.8782021452303916,MUTATED
616,Gen 616: شمعات التعافي rec_bars = 112,1287.5668836097682,27.496419267555716,5550.267534439073,1550,840,710,54.19354838709678,2.0226114919799363,2.8782021452303916,MUTATED
617,Gen 617: شمعات التعافي rec_bars = 116,1287.5668836097682,27.496419267555716,5550.267534439073,1550,840,710,54.19354838709678,2.0226114919799363,2.8782021452303916,MUTATED
618,Gen 618: شمعات التعافي rec_bars = 108,1287.5668836097682,27.496419267555716,5550.267534439073,1550,840,710,54.19354838709678,2.0226114919799363,2.8782021452303916,MUTATED
619,Gen 619: شمعات التعافي rec_bars = 116,1287.5668836097682,27.496419267555716,5550.267534439073,1550,840,710,54.19354838709678,2.0226114919799363,2.8782021452303916,MUTATED
620,Gen 620: شمعات التعافي rec_bars = 108,1287.5668836097682,27.496419267555716,5550.267534439073,1550,840,710,54.19354838709678,2.0226114919799363,2.8782021452303916,MUTATED
621,Gen 621: شمعات التعافي rec_bars = 96,1287.5668836097682,27.496419267555716,5550.267534439073,1550,840,710,54.19354838709678,2.0226114919799363,2.8782021452303916,MUTATED
622,Gen 622: شمعات التعافي rec_bars = 120,1287.5668836097682,27.496419267555716,5550.267534439073,1550,840,710,54.19354838709678,2.0226114919799363,2.8782021452303916,MUTATED
623,Gen 623: شمعات التعافي rec_bars = 92,1287.5668836097682,27.496419267555716,5550.267534439073,1550,840,710,54.19354838709678,2.0226114919799363,2.8782021452303916,MUTATED
624,Gen 624: شمعات التعافي rec_bars = 92,1287.5668836097682,27.496419267555716,5550.267534439073,1550,840,710,54.19354838709678,2.0226114919799363,2.8782021452303916,MUTATED
625,Gen 625: شمعات التعافي rec_bars = 112,1287.5668836097682,27.496419267555716,5550.267534439073,1550,840,710,54.19354838709678,2.0226114919799363,2.8782021452303916,MUTATED
626,Gen 626: شمعات التعافي rec_bars = 104,1287.5668836097682,27.496419267555716,5550.267534439073,1550,840,710,54.19354838709678,2.0226114919799363,2.8782021452303916,MUTATED
627,Gen 627: شمعات التعافي rec_bars = 96,1287.5668836097682,27.496419267555716,5550.267534439073,1550,840,710,54.19354838709678,2.0226114919799363,2.8782021452303916,MUTATED
628,Gen 628: شمعات التعافي rec_bars = 92,1287.5668836097682,27.496419267555716,5550.267534439073,1550,840,710,54.19354838709678,2.0226114919799363,2.8782021452303916,MUTATED
629,Gen 629: شمعات التعافي rec_bars = 92,1287.5668836097682,27.496419267555716,5550.267534439073,1550,840,710,54.19354838709678,2.0226114919799363,2.8782021452303916,MUTATED
630,Gen 630: شمعات التعافي rec_bars = 104,1287.5668836097682,27.496419267555716,5550.267534439073,1550,840,710,54.19354838709678,2.0226114919799363,2.8782021452303916,MUTATED
631,Gen 631: شمعات التعافي rec_bars = 104,1287.5668836097682,27.496419267555716,5550.267534439073,1550,840,710,54.19354838709678,2.0226114919799363,2.8782021452303916,MUTATED
632,Gen 632: شمعات التعافي rec_bars = 92,1287.5668836097682,27.496419267555716,5550.267534439073,1550,840,710,54.19354838709678,2.0226114919799363,2.8782021452303916,MUTATED
633,Gen 633: شمعات التعافي rec_bars = 100,1287.5668836097682,27.496419267555716,5550.267534439073,1550,840,710,54.19354838709678,2.0226114919799363,2.8782021452303916,MUTATED
634,Gen 634: شمعات التعافي rec_bars = 104,1287.5668836097682,27.496419267555716,5550.267534439073,1550,840,710,54.19354838709678,2.0226114919799363,2.8782021452303916,MUTATED
635,Gen 635: شمعات التعافي rec_bars = 100,1287.5668836097682,27.496419267555716,5550.267534439073,1550,840,710,54.19354838709678,2.0226114919799363,2.8782021452303916,MUTATED
636,Gen 636: شمعات التعافي rec_bars = 120,1287.5668836097682,27.496419267555716,5550.267534439073,1550,840,710,54.19354838709678,2.0226114919799363,2.8782021452303916,MUTATED
637,Gen 637: شمعات التعافي rec_bars = 96,1287.5668836097682,27.496419267555716,5550.267534439073,1550,840,710,54.19354838709678,2.0226114919799363,2.8782021452303916,MUTATED
638,Gen 638: شمعات التعافي rec_bars = 104,1287.5668836097682,27.496419267555716,5550.267534439073,1550,840,710,54.19354838709678,2.0226114919799363,2.8782021452303916,MUTATED
639,Gen 639: شمعات التعافي rec_bars = 120,1287.5668836097682,27.496419267555716,5550.267534439073,1550,840,710,54.19354838709678,2.0226114919799363,2.8782021452303916,MUTATED
640,Gen 640: شمعات التعافي rec_bars = 108,1287.5668836097682,27.496419267555716,5550.267534439073,1550,840,710,54.19354838709678,2.0226114919799363,2.8782021452303916,MUTATED
641,Gen 641: شمعات التعافي rec_bars = 112,1287.5668836097682,27.496419267555716,5550.267534439073,1550,840,710,54.19354838709678,2.0226114919799363,2.8782021452303916,MUTATED
642,Gen 642: شمعات التعافي rec_bars = 100,1287.5668836097682,27.496419267555716,5550.267534439073,1550,840,710,54.19354838709678,2.0226114919799363,2.8782021452303916,MUTATED
643,Gen 643: شمعات التعافي rec_bars = 96,1287.5668836097682,27.496419267555716,5550.267534439073,1550,840,710,54.19354838709678,2.0226114919799363,2.8782021452303916,MUTATED
644,Gen 644: شمعات التعافي rec_bars = 100,1287.5668836097682,27.496419267555716,5550.267534439073,1550,840,710,54.19354838709678,2.0226114919799363,2.8782021452303916,MUTATED
645,Gen 645: شمعات التعافي rec_bars = 108,1287.5668836097682,27.496419267555716,5550.267534439073,1550,840,710,54.19354838709678,2.0226114919799363,2.8782021452303916,MUTATED
646,Gen 646: شمعات التعافي rec_bars = 96,1287.5668836097682,27.496419267555716,5550.267534439073,1550,840,710,54.19354838709678,2.0226114919799363,2.8782021452303916,MUTATED
647,Gen 647: شمعات التعافي rec_bars = 92,1287.5668836097682,27.496419267555716,5550.267534439073,1550,840,710,54.19354838709678,2.0226114919799363,2.8782021452303916,MUTATED
648,Gen 648: شمعات التعافي rec_bars = 108,1287.5668836097682,27.496419267555716,5550.267534439073,1550,840,710,54.19354838709678,2.0226114919799363,2.8782021452303916,MUTATED
649,Gen 649: شمعات التعافي rec_bars = 116,1287.5668836097682,27.496419267555716,5550.267534439073,1550,840,710,54.19354838709678,2.0226114919799363,2.8782021452303916,MUTATED
650,Gen 650: شمعات التعافي rec_bars = 116,1287.5668836097682,27.496419267555716,5550.267534439073,1550,840,710,54.19354838709678,2.0226114919799363,2.8782021452303916,MUTATED
651,Gen 651: شمعات التعافي rec_bars = 104,1287.5668836097682,27.496419267555716,5550.267534439073,1550,840,710,54.19354838709678,2.0226114919799363,2.8782021452303916,MUTATED
652,Gen 652: شمعات التعافي rec_bars = 96,1287.5668836097682,27.496419267555716,5550.267534439073,1550,840,710,54.19354838709678,2.0226114919799363,2.8782021452303916,MUTATED
653,Gen 653: شمعات التعافي rec_bars = 104,1287.5668836097682,27.496419267555716,5550.267534439073,1550,840,710,54.19354838709678,2.0226114919799363,2.8782021452303916,MUTATED
654,Gen 654: شمعات التعافي rec_bars = 96,1287.5668836097682,27.496419267555716,5550.267534439073,1550,840,710,54.19354838709678,2.0226114919799363,2.8782021452303916,MUTATED
655,Gen 655: شمعات التعافي rec_bars = 108,1287.5668836097682,27.496419267555716,5550.267534439073,1550,840,710,54.19354838709678,2.0226114919799363,2.8782021452303916,MUTATED
656,Gen 656: شمعات التعافي rec_bars = 96,1287.5668836097682,27.496419267555716,5550.267534439073,1550,840,710,54.19354838709678,2.0226114919799363,2.8782021452303916,MUTATED
657,Gen 657: شمعات التعافي rec_bars = 92,1287.5668836097682,27.496419267555716,5550.267534439073,1550,840,710,54.19354838709678,2.0226114919799363,2.8782021452303916,MUTATED
658,Gen 658: شمعات التعافي rec_bars = 112,1287.5668836097682,27.496419267555716,5550.267534439073,1550,840,710,54.19354838709678,2.0226114919799363,2.8782021452303916,MUTATED
659,Gen 659: شمعات التعافي rec_bars = 116,1287.5668836097682,27.496419267555716,5550.267534439073,1550,840,710,54.19354838709678,2.0226114919799363,2.8782021452303916,MUTATED
660,Gen 660: شمعات التعافي rec_bars = 112,1287.5668836097682,27.496419267555716,5550.267534439073,1550,840,710,54.19354838709678,2.0226114919799363,2.8782021452303916,MUTATED
661,Gen 661: شمعات التعافي rec_bars = 96,1287.5668836097682,27.496419267555716,5550.267534439073,1550,840,710,54.19354838709678,2.0226114919799363,2.8782021452303916,MUTATED
662,Gen 662: شمعات التعافي rec_bars = 112,1287.5668836097682,27.496419267555716,5550.267534439073,1550,840,710,54.19354838709678,2.0226114919799363,2.8782021452303916,MUTATED
663,Gen 663: شمعات التعافي rec_bars = 92,1287.5668836097682,27.496419267555716,5550.267534439073,1550,840,710,54.19354838709678,2.0226114919799363,2.8782021452303916,MUTATED
664,Gen 664: شمعات التعافي rec_bars = 116,1287.5668836097682,27.496419267555716,5550.267534439073,1550,840,710,54.19354838709678,2.0226114919799363,2.8782021452303916,MUTATED
665,Gen 665: شمعات التعافي rec_bars = 120,1287.5668836097682,27.496419267555716,5550.267534439073,1550,840,710,54.19354838709678,2.0226114919799363,2.8782021452303916,MUTATED
666,Gen 666: شمعات التعافي rec_bars = 96,1287.5668836097682,27.496419267555716,5550.267534439073,1550,840,710,54.19354838709678,2.0226114919799363,2.8782021452303916,MUTATED
667,Gen 667: شمعات التعافي rec_bars = 116,1287.5668836097682,27.496419267555716,5550.267534439073,1550,840,710,54.19354838709678,2.0226114919799363,2.8782021452303916,MUTATED
668,Gen 668: شمعات التعافي rec_bars = 112,1287.5668836097682,27.496419267555716,5550.267534439073,1550,840,710,54.19354838709678,2.0226114919799363,2.8782021452303916,MUTATED
669,Gen 669: شمعات التعافي rec_bars = 120,1287.5668836097682,27.496419267555716,5550.267534439073,1550,840,710,54.19354838709678,2.0226114919799363,2.8782021452303916,MUTATED
670,Gen 670: شمعات التعافي rec_bars = 100,1287.5668836097682,27.496419267555716,5550.267534439073,1550,840,710,54.19354838709678,2.0226114919799363,2.8782021452303916,MUTATED
671,Gen 671: شمعات التعافي rec_bars = 116,1287.5668836097682,27.496419267555716,5550.267534439073,1550,840,710,54.19354838709678,2.0226114919799363,2.8782021452303916,MUTATED
672,Gen 672: شمعات التعافي rec_bars = 100,1287.5668836097682,27.496419267555716,5550.267534439073,1550,840,710,54.19354838709678,2.0226114919799363,2.8782021452303916,MUTATED
673,Gen 673: شمعات التعافي rec_bars = 108,1287.5668836097682,27.496419267555716,5550.267534439073,1550,840,710,54.19354838709678,2.0226114919799363,2.8782021452303916,MUTATED
674,Gen 674: شمعات التعافي rec_bars = 120,1287.5668836097682,27.496419267555716,5550.267534439073,1550,840,710,54.19354838709678,2.0226114919799363,2.8782021452303916,MUTATED
675,Gen 675: شمعات التعافي rec_bars = 120,1287.5668836097682,27.496419267555716,5550.267534439073,1550,840,710,54.19354838709678,2.0226114919799363,2.8782021452303916,MUTATED
676,Gen 676: شمعات التعافي rec_bars = 116,1287.5668836097682,27.496419267555716,5550.267534439073,1550,840,710,54.19354838709678,2.0226114919799363,2.8782021452303916,MUTATED
677,Gen 677: شمعات التعافي rec_bars = 108,1287.5668836097682,27.496419267555716,5550.267534439073,1550,840,710,54.19354838709678,2.0226114919799363,2.8782021452303916,MUTATED
678,Gen 678: شمعات التعافي rec_bars = 112,1287.5668836097682,27.496419267555716,5550.267534439073,1550,840,710,54.19354838709678,2.0226114919799363,2.8782021452303916,MUTATED
679,Gen 679: شمعات التعافي rec_bars = 104,1287.5668836097682,27.496419267555716,5550.267534439073,1550,840,710,54.19354838709678,2.0226114919799363,2.8782021452303916,MUTATED
680,Gen 680: شمعات التعافي rec_bars = 96,1287.5668836097682,27.496419267555716,5550.267534439073,1550,840,710,54.19354838709678,2.0226114919799363,2.8782021452303916,MUTATED
681,Gen 681: شمعات التعافي rec_bars = 108,1287.5668836097682,27.496419267555716,5550.267534439073,1550,840,710,54.19354838709678,2.0226114919799363,2.8782021452303916,MUTATED
682,Gen 682: شمعات التعافي rec_bars = 120,1287.5668836097682,27.496419267555716,5550.267534439073,1550,840,710,54.19354838709678,2.0226114919799363,2.8782021452303916,MUTATED
683,Gen 683: شمعات التعافي rec_bars = 104,1287.5668836097682,27.496419267555716,5550.267534439073,1550,840,710,54.19354838709678,2.0226114919799363,2.8782021452303916,MUTATED
684,Gen 684: شمعات التعافي rec_bars = 120,1287.5668836097682,27.496419267555716,5550.267534439073,1550,840,710,54.19354838709678,2.0226114919799363,2.8782021452303916,MUTATED
685,Gen 685: شمعات التعافي rec_bars = 116,1287.5668836097682,27.496419267555716,5550.267534439073,1550,840,710,54.19354838709678,2.0226114919799363,2.8782021452303916,MUTATED
686,Gen 686: شمعات التعافي rec_bars = 112,1287.5668836097682,27.496419267555716,5550.267534439073,1550,840,710,54.19354838709678,2.0226114919799363,2.8782021452303916,MUTATED
687,Gen 687: شمعات التعافي rec_bars = 92,1287.5668836097682,27.496419267555716,5550.267534439073,1550,840,710,54.19354838709678,2.0226114919799363,2.8782021452303916,MUTATED
688,Gen 688: شمعات التعافي rec_bars = 120,1287.5668836097682,27.496419267555716,5550.267534439073,1550,840,710,54.19354838709678,2.0226114919799363,2.8782021452303916,MUTATED
689,Gen 689: شمعات التعافي rec_bars = 112,1287.5668836097682,27.496419267555716,5550.267534439073,1550,840,710,54.19354838709678,2.0226114919799363,2.8782021452303916,MUTATED
690,Gen 690: شمعات التعافي rec_bars = 100,1287.5668836097682,27.496419267555716,5550.267534439073,1550,840,710,54.19354838709678,2.0226114919799363,2.8782021452303916,MUTATED
691,Gen 691: شمعات التعافي rec_bars = 120,1287.5668836097682,27.496419267555716,5550.267534439073,1550,840,710,54.19354838709678,2.0226114919799363,2.8782021452303916,MUTATED
692,Gen 692: شمعات التعافي rec_bars = 104,1287.5668836097682,27.496419267555716,5550.267534439073,1550,840,710,54.19354838709678,2.0226114919799363,2.8782021452303916,MUTATED
693,Gen 693: شمعات التعافي rec_bars = 112,1287.5668836097682,27.496419267555716,5550.267534439073,1550,840,710,54.19354838709678,2.0226114919799363,2.8782021452303916,MUTATED
694,Gen 694: شمعات التعافي rec_bars = 108,1287.5668836097682,27.496419267555716,5550.267534439073,1550,840,710,54.19354838709678,2.0226114919799363,2.8782021452303916,MUTATED
695,Gen 695: شمعات التعافي rec_bars = 112,1287.5668836097682,27.496419267555716,5550.267534439073,1550,840,710,54.19354838709678,2.0226114919799363,2.8782021452303916,MUTATED
696,Gen 696: شمعات التعافي rec_bars = 108,1287.5668836097682,27.496419267555716,5550.267534439073,1550,840,710,54.19354838709678,2.0226114919799363,2.8782021452303916,MUTATED
697,Gen 697: شمعات التعافي rec_bars = 108,1287.5668836097682,27.496419267555716,5550.267534439073,1550,840,710,54.19354838709678,2.0226114919799363,2.8782021452303916,MUTATED
698,Gen 698: شمعات التعافي rec_bars = 92,1287.5668836097682,27.496419267555716,5550.267534439073,1550,840,710,54.19354838709678,2.0226114919799363,2.8782021452303916,MUTATED
699,Gen 699: شمعات التعافي rec_bars = 104,1287.5668836097682,27.496419267555716,5550.267534439073,1550,840,710,54.19354838709678,2.0226114919799363,2.8782021452303916,MUTATED
700,Gen 700: شمعات التعافي rec_bars = 96,1287.5668836097682,27.496419267555716,5550.267534439073,1550,840,710,54.19354838709678,2.0226114919799363,2.8782021452303916,MUTATED
701,Gen 701: قفل أرباح T2 في P1 = 10.21 ATR (11%),1287.5668836097682,27.496419267555716,5550.267534439073,1550,840,710,54.19354838709678,2.0226114919799363,2.8782021452303916,MUTATED
702,Gen 702: قفل أرباح T2 في P1 = 10.74 ATR (10%),1287.5668836097682,27.496419267555716,5550.267534439073,1550,840,710,54.19354838709678,2.0226114919799363,2.8782021452303916,MUTATED
703,Gen 703: قفل أرباح T2 في P1 = 10.61 ATR (13%),1287.5668836097682,27.496419267555716,5550.267534439073,1550,840,710,54.19354838709678,2.0226114919799363,2.8782021452303916,MUTATED
704,Gen 704: قفل أرباح T2 في P1 = 10.56 ATR (8%),1287.5668836097682,27.496419267555716,5550.267534439073,1550,840,710,54.19354838709678,2.0226114919799363,2.8782021452303916,MUTATED
705,Gen 705: قفل أرباح T2 في P1 = 10.3 ATR (11%),1287.5668836097682,27.496419267555716,5550.267534439073,1550,840,710,54.19354838709678,2.0226114919799363,2.8782021452303916,MUTATED
706,Gen 706: قفل أرباح T2 في P1 = 10.21 ATR (13%),1287.5668836097682,27.496419267555716,5550.267534439073,1550,840,710,54.19354838709678,2.0226114919799363,2.8782021452303916,MUTATED
707,Gen 707: قفل أرباح T2 في P1 = 10.43 ATR (12%),1287.5668836097682,27.496419267555716,5550.267534439073,1550,840,710,54.19354838709678,2.0226114919799363,2.8782021452303916,MUTATED
708,Gen 708: قفل أرباح T2 في P1 = 10.38 ATR (15%),1287.5668836097682,27.496419267555716,5550.267534439073,1550,840,710,54.19354838709678,2.0226114919799363,2.8782021452303916,MUTATED
709,Gen 709: قفل أرباح T2 في P1 = 10.74 ATR (10%),1287.5668836097682,27.496419267555716,5550.267534439073,1550,840,710,54.19354838709678,2.0226114919799363,2.8782021452303916,MUTATED
710,Gen 710: قفل أرباح T2 في P1 = 10.57 ATR (10%),1287.5668836097682,27.496419267555716,5550.267534439073,1550,840,710,54.19354838709678,2.0226114919799363,2.8782021452303916,MUTATED
711,Gen 711: قفل أرباح T2 في P1 = 10.19 ATR (13%),1287.5668836097682,27.496419267555716,5550.267534439073,1550,840,710,54.19354838709678,2.0226114919799363,2.8782021452303916,MUTATED
712,Gen 712: قفل أرباح T2 في P1 = 10.34 ATR (13%),1287.5668836097682,27.496419267555716,5550.267534439073,1550,840,710,54.19354838709678,2.0226114919799363,2.8782021452303916,MUTATED
713,Gen 713: قفل أرباح T2 في P1 = 11.42 ATR (13%),1287.5668836097682,27.496419267555716,5550.267534439073,1550,840,710,54.19354838709678,2.0226114919799363,2.8782021452303916,MUTATED
714,Gen 714: قفل أرباح T2 في P1 = 10.13 ATR (13%),1287.5668836097682,27.496419267555716,5550.267534439073,1550,840,710,54.19354838709678,2.0226114919799363,2.8782021452303916,MUTATED
715,Gen 715: قفل أرباح T2 في P1 = 10.27 ATR (12%),1287.5668836097682,27.496419267555716,5550.267534439073,1550,840,710,54.19354838709678,2.0226114919799363,2.8782021452303916,MUTATED
716,Gen 716: قفل أرباح T2 في P1 = 11.09 ATR (12%),1287.5668836097682,27.496419267555716,5550.267534439073,1550,840,710,54.19354838709678,2.0226114919799363,2.8782021452303916,MUTATED
717,Gen 717: قفل أرباح T2 في P1 = 11.47 ATR (14%),1287.5668836097682,27.496419267555716,5550.267534439073,1550,840,710,54.19354838709678,2.0226114919799363,2.8782021452303916,MUTATED
718,Gen 718: قفل أرباح T2 في P1 = 10.3 ATR (11%),1287.5668836097682,27.496419267555716,5550.267534439073,1550,840,710,54.19354838709678,2.0226114919799363,2.8782021452303916,MUTATED
719,Gen 719: قفل أرباح T2 في P1 = 10.31 ATR (13%),1287.5668836097682,27.496419267555716,5550.267534439073,1550,840,710,54.19354838709678,2.0226114919799363,2.8782021452303916,MUTATED
720,Gen 720: قفل أرباح T2 في P1 = 10.02 ATR (8%),1292.9844832539773,27.496419267555716,5571.937933015909,1550,840,710,54.19354838709678,2.023909457565621,2.881409789208562,ADOPTED
721,Gen 721: قفل أرباح T2 في P1 = 9.89 ATR (10%),1292.9844832539773,27.496419267555716,5571.937933015909,1550,840,710,54.19354838709678,2.023909457565621,2.881409789208562,MUTATED
722,Gen 722: قفل أرباح T2 في P1 = 11.4 ATR (12%),1292.9844832539773,27.496419267555716,5571.937933015909,1550,840,710,54.19354838709678,2.023909457565621,2.881409789208562,MUTATED
723,Gen 723: قفل أرباح T2 في P1 = 11.08 ATR (9%),1292.9844832539773,27.496419267555716,5571.937933015909,1550,840,710,54.19354838709678,2.023909457565621,2.881409789208562,MUTATED
724,Gen 724: قفل أرباح T2 في P1 = 9.82 ATR (10%),1292.9844832539773,27.496419267555716,5571.937933015909,1550,840,710,54.19354838709678,2.023909457565621,2.881409789208562,MUTATED
725,Gen 725: قفل أرباح T2 في P1 = 10.61 ATR (10%),1292.9844832539773,27.496419267555716,5571.937933015909,1550,840,710,54.19354838709678,2.023909457565621,2.881409789208562,MUTATED
726,Gen 726: قفل أرباح T2 في P1 = 11.44 ATR (10%),1292.9844832539773,27.496419267555716,5571.937933015909,1550,840,710,54.19354838709678,2.023909457565621,2.881409789208562,MUTATED
727,Gen 727: قفل أرباح T2 في P1 = 11.26 ATR (9%),1292.9844832539773,27.496419267555716,5571.937933015909,1550,840,710,54.19354838709678,2.023909457565621,2.881409789208562,MUTATED
728,Gen 728: قفل أرباح T2 في P1 = 9.91 ATR (11%),1292.9844832539773,27.496419267555716,5571.937933015909,1550,840,710,54.19354838709678,2.023909457565621,2.881409789208562,MUTATED
729,Gen 729: قفل أرباح T2 في P1 = 10.78 ATR (13%),1292.9844832539773,27.496419267555716,5571.937933015909,1550,840,710,54.19354838709678,2.023909457565621,2.881409789208562,MUTATED
730,Gen 730: قفل أرباح T2 في P1 = 10.06 ATR (14%),1292.9844832539773,27.496419267555716,5571.937933015909,1550,840,710,54.19354838709678,2.023909457565621,2.881409789208562,MUTATED
731,Gen 731: قفل أرباح T2 في P1 = 11.41 ATR (9%),1292.9844832539773,27.496419267555716,5571.937933015909,1550,840,710,54.19354838709678,2.023909457565621,2.881409789208562,MUTATED
732,Gen 732: قفل أرباح T2 في P1 = 10.22 ATR (12%),1292.9844832539773,27.496419267555716,5571.937933015909,1550,840,710,54.19354838709678,2.023909457565621,2.881409789208562,MUTATED
733,Gen 733: قفل أرباح T2 في P1 = 10.51 ATR (12%),1292.9844832539773,27.496419267555716,5571.937933015909,1550,840,710,54.19354838709678,2.023909457565621,2.881409789208562,MUTATED
734,Gen 734: قفل أرباح T2 في P1 = 10.85 ATR (13%),1292.9844832539773,27.496419267555716,5571.937933015909,1550,840,710,54.19354838709678,2.023909457565621,2.881409789208562,MUTATED
735,Gen 735: قفل أرباح T2 في P1 = 10.45 ATR (14%),1292.9844832539773,27.496419267555716,5571.937933015909,1550,840,710,54.19354838709678,2.023909457565621,2.881409789208562,MUTATED
736,Gen 736: قفل أرباح T2 في P1 = 10.31 ATR (12%),1292.9844832539773,27.496419267555716,5571.937933015909,1550,840,710,54.19354838709678,2.023909457565621,2.881409789208562,MUTATED
737,Gen 737: قفل أرباح T2 في P1 = 10.53 ATR (12%),1292.9844832539773,27.496419267555716,5571.937933015909,1550,840,710,54.19354838709678,2.023909457565621,2.881409789208562,MUTATED
738,Gen 738: قفل أرباح T2 في P1 = 9.9 ATR (15%),1292.9844832539773,27.496419267555716,5571.937933015909,1550,840,710,54.19354838709678,2.023909457565621,2.881409789208562,MUTATED
739,Gen 739: قفل أرباح T2 في P1 = 9.97 ATR (13%),1292.9844832539773,27.496419267555716,5571.937933015909,1550,840,710,54.19354838709678,2.023909457565621,2.881409789208562,MUTATED
740,Gen 740: قفل أرباح T2 في P1 = 10.86 ATR (10%),1292.9844832539773,27.496419267555716,5571.937933015909,1550,840,710,54.19354838709678,2.023909457565621,2.881409789208562,MUTATED
741,Gen 741: قفل أرباح T2 في P1 = 9.94 ATR (10%),1292.9844832539773,27.496419267555716,5571.937933015909,1550,840,710,54.19354838709678,2.023909457565621,2.881409789208562,MUTATED
742,Gen 742: قفل أرباح T2 في P1 = 10.74 ATR (9%),1292.9844832539773,27.496419267555716,5571.937933015909,1550,840,710,54.19354838709678,2.023909457565621,2.881409789208562,MUTATED
743,Gen 743: قفل أرباح T2 في P1 = 10.49 ATR (13%),1292.9844832539773,27.496419267555716,5571.937933015909,1550,840,710,54.19354838709678,2.023909457565621,2.881409789208562,MUTATED
744,Gen 744: قفل أرباح T2 في P1 = 10.6 ATR (8%),1292.9844832539773,27.496419267555716,5571.937933015909,1550,840,710,54.19354838709678,2.023909457565621,2.881409789208562,MUTATED
745,Gen 745: قفل أرباح T2 في P1 = 10.29 ATR (10%),1292.9844832539773,27.496419267555716,5571.937933015909,1550,840,710,54.19354838709678,2.023909457565621,2.881409789208562,MUTATED
746,Gen 746: قفل أرباح T2 في P1 = 11.26 ATR (8%),1292.9844832539773,27.496419267555716,5571.937933015909,1550,840,710,54.19354838709678,2.023909457565621,2.881409789208562,MUTATED
747,Gen 747: قفل أرباح T2 في P1 = 10.2 ATR (10%),1292.9844832539773,27.496419267555716,5571.937933015909,1550,840,710,54.19354838709678,2.023909457565621,2.881409789208562,MUTATED
748,Gen 748: قفل أرباح T2 في P1 = 11.15 ATR (12%),1292.9844832539773,27.496419267555716,5571.937933015909,1550,840,710,54.19354838709678,2.023909457565621,2.881409789208562,MUTATED
749,Gen 749: قفل أرباح T2 في P1 = 11.17 ATR (9%),1292.9844832539773,27.496419267555716,5571.937933015909,1550,840,710,54.19354838709678,2.023909457565621,2.881409789208562,MUTATED
750,Gen 750: قفل أرباح T2 في P1 = 10.0 ATR (10%),1292.9844832539773,27.496419267555716,5571.937933015909,1550,840,710,54.19354838709678,2.023909457565621,2.881409789208562,MUTATED
751,Gen 751: قفل أرباح T2 في P1 = 10.05 ATR (10%),1292.9844832539773,27.496419267555716,5571.937933015909,1550,840,710,54.19354838709678,2.023909457565621,2.881409789208562,MUTATED
752,Gen 752: قفل أرباح T2 في P1 = 10.04 ATR (8%),1293.4965948660877,27.496419267555716,5573.986379464351,1550,840,710,54.19354838709678,2.0241156970964527,2.8817370967794727,ADOPTED
753,Gen 753: قفل أرباح T2 في P1 = 11.15 ATR (12%),1293.4965948660877,27.496419267555716,5573.986379464351,1550,840,710,54.19354838709678,2.0241156970964527,2.8817370967794727,MUTATED
754,Gen 754: قفل أرباح T2 في P1 = 11.2 ATR (14%),1293.4965948660877,27.496419267555716,5573.986379464351,1550,840,710,54.19354838709678,2.0241156970964527,2.8817370967794727,MUTATED
755,Gen 755: قفل أرباح T2 في P1 = 10.55 ATR (11%),1293.4965948660877,27.496419267555716,5573.986379464351,1550,840,710,54.19354838709678,2.0241156970964527,2.8817370967794727,MUTATED
756,Gen 756: قفل أرباح T2 في P1 = 10.32 ATR (11%),1293.4965948660877,27.496419267555716,5573.986379464351,1550,840,710,54.19354838709678,2.0241156970964527,2.8817370967794727,MUTATED
757,Gen 757: قفل أرباح T2 في P1 = 10.26 ATR (12%),1293.4965948660877,27.496419267555716,5573.986379464351,1550,840,710,54.19354838709678,2.0241156970964527,2.8817370967794727,MUTATED
758,Gen 758: قفل أرباح T2 في P1 = 10.54 ATR (12%),1293.4965948660877,27.496419267555716,5573.986379464351,1550,840,710,54.19354838709678,2.0241156970964527,2.8817370967794727,MUTATED
759,Gen 759: قفل أرباح T2 في P1 = 11.31 ATR (13%),1293.4965948660877,27.496419267555716,5573.986379464351,1550,840,710,54.19354838709678,2.0241156970964527,2.8817370967794727,MUTATED
760,Gen 760: قفل أرباح T2 في P1 = 10.83 ATR (8%),1293.4965948660877,27.496419267555716,5573.986379464351,1550,840,710,54.19354838709678,2.0241156970964527,2.8817370967794727,MUTATED
761,Gen 761: قفل أرباح T2 في P1 = 10.19 ATR (13%),1293.4965948660877,27.496419267555716,5573.986379464351,1550,840,710,54.19354838709678,2.0241156970964527,2.8817370967794727,MUTATED
762,Gen 762: قفل أرباح T2 في P1 = 11.26 ATR (12%),1293.4965948660877,27.496419267555716,5573.986379464351,1550,840,710,54.19354838709678,2.0241156970964527,2.8817370967794727,MUTATED
763,Gen 763: قفل أرباح T2 في P1 = 9.84 ATR (13%),1293.4965948660877,27.496419267555716,5573.986379464351,1550,840,710,54.19354838709678,2.0241156970964527,2.8817370967794727,MUTATED
764,Gen 764: قفل أرباح T2 في P1 = 11.2 ATR (12%),1293.4965948660877,27.496419267555716,5573.986379464351,1550,840,710,54.19354838709678,2.0241156970964527,2.8817370967794727,MUTATED
765,Gen 765: قفل أرباح T2 في P1 = 11.1 ATR (9%),1293.4965948660877,27.496419267555716,5573.986379464351,1550,840,710,54.19354838709678,2.0241156970964527,2.8817370967794727,MUTATED
766,Gen 766: قفل أرباح T2 في P1 = 10.68 ATR (11%),1293.4965948660877,27.496419267555716,5573.986379464351,1550,840,710,54.19354838709678,2.0241156970964527,2.8817370967794727,MUTATED
767,Gen 767: قفل أرباح T2 في P1 = 10.27 ATR (15%),1293.4965948660877,27.496419267555716,5573.986379464351,1550,840,710,54.19354838709678,2.0241156970964527,2.8817370967794727,MUTATED
768,Gen 768: قفل أرباح T2 في P1 = 10.54 ATR (14%),1293.4965948660877,27.496419267555716,5573.986379464351,1550,840,710,54.19354838709678,2.0241156970964527,2.8817370967794727,MUTATED
769,Gen 769: قفل أرباح T2 في P1 = 11.45 ATR (11%),1293.4965948660877,27.496419267555716,5573.986379464351,1550,840,710,54.19354838709678,2.0241156970964527,2.8817370967794727,MUTATED
770,Gen 770: قفل أرباح T2 في P1 = 10.49 ATR (10%),1293.4965948660877,27.496419267555716,5573.986379464351,1550,840,710,54.19354838709678,2.0241156970964527,2.8817370967794727,MUTATED
771,Gen 771: قفل أرباح T2 في P1 = 9.98 ATR (9%),1293.4965948660877,27.496419267555716,5573.986379464351,1550,840,710,54.19354838709678,2.0241156970964527,2.8817370967794727,MUTATED
772,Gen 772: قفل أرباح T2 في P1 = 10.5 ATR (11%),1293.4965948660877,27.496419267555716,5573.986379464351,1550,840,710,54.19354838709678,2.0241156970964527,2.8817370967794727,MUTATED
773,Gen 773: قفل أرباح T2 في P1 = 10.93 ATR (11%),1293.4965948660877,27.496419267555716,5573.986379464351,1550,840,710,54.19354838709678,2.0241156970964527,2.8817370967794727,MUTATED
774,Gen 774: قفل أرباح T2 في P1 = 11.09 ATR (8%),1293.4965948660877,27.496419267555716,5573.986379464351,1550,840,710,54.19354838709678,2.0241156970964527,2.8817370967794727,MUTATED
775,Gen 775: قفل أرباح T2 في P1 = 9.95 ATR (10%),1293.4965948660877,27.496419267555716,5573.986379464351,1550,840,710,54.19354838709678,2.0241156970964527,2.8817370967794727,MUTATED
776,Gen 776: قفل أرباح T2 في P1 = 10.0 ATR (13%),1293.4965948660877,27.496419267555716,5573.986379464351,1550,840,710,54.19354838709678,2.0241156970964527,2.8817370967794727,MUTATED
777,Gen 777: قفل أرباح T2 في P1 = 11.27 ATR (14%),1293.4965948660877,27.496419267555716,5573.986379464351,1550,840,710,54.19354838709678,2.0241156970964527,2.8817370967794727,MUTATED
778,Gen 778: قفل أرباح T2 في P1 = 9.8 ATR (14%),1293.4965948660877,27.496419267555716,5573.986379464351,1550,840,710,54.19354838709678,2.0241156970964527,2.8817370967794727,MUTATED
779,Gen 779: قفل أرباح T2 في P1 = 10.59 ATR (8%),1293.4965948660877,27.496419267555716,5573.986379464351,1550,840,710,54.19354838709678,2.0241156970964527,2.8817370967794727,MUTATED
780,Gen 780: قفل أرباح T2 في P1 = 10.68 ATR (12%),1293.4965948660877,27.496419267555716,5573.986379464351,1550,840,710,54.19354838709678,2.0241156970964527,2.8817370967794727,MUTATED
781,Gen 781: قفل أرباح T2 في P1 = 10.65 ATR (11%),1293.4965948660877,27.496419267555716,5573.986379464351,1550,840,710,54.19354838709678,2.0241156970964527,2.8817370967794727,MUTATED
782,Gen 782: قفل أرباح T2 في P1 = 9.89 ATR (10%),1293.4965948660877,27.496419267555716,5573.986379464351,1550,840,710,54.19354838709678,2.0241156970964527,2.8817370967794727,MUTATED
783,Gen 783: قفل أرباح T2 في P1 = 10.02 ATR (10%),1293.4965948660877,27.496419267555716,5573.986379464351,1550,840,710,54.19354838709678,2.0241156970964527,2.8817370967794727,MUTATED
784,Gen 784: قفل أرباح T2 في P1 = 11.3 ATR (11%),1293.4965948660877,27.496419267555716,5573.986379464351,1550,840,710,54.19354838709678,2.0241156970964527,2.8817370967794727,MUTATED
785,Gen 785: قفل أرباح T2 في P1 = 9.85 ATR (12%),1293.4965948660877,27.496419267555716,5573.986379464351,1550,840,710,54.19354838709678,2.0241156970964527,2.8817370967794727,MUTATED
786,Gen 786: قفل أرباح T2 في P1 = 11.16 ATR (13%),1293.4965948660877,27.496419267555716,5573.986379464351,1550,840,710,54.19354838709678,2.0241156970964527,2.8817370967794727,MUTATED
787,Gen 787: قفل أرباح T2 في P1 = 10.33 ATR (8%),1293.4965948660877,27.496419267555716,5573.986379464351,1550,840,710,54.19354838709678,2.0241156970964527,2.8817370967794727,MUTATED
788,Gen 788: قفل أرباح T2 في P1 = 10.49 ATR (10%),1293.4965948660877,27.496419267555716,5573.986379464351,1550,840,710,54.19354838709678,2.0241156970964527,2.8817370967794727,MUTATED
789,Gen 789: قفل أرباح T2 في P1 = 11.23 ATR (9%),1293.4965948660877,27.496419267555716,5573.986379464351,1550,840,710,54.19354838709678,2.0241156970964527,2.8817370967794727,MUTATED
790,Gen 790: قفل أرباح T2 في P1 = 11.41 ATR (13%),1293.4965948660877,27.496419267555716,5573.986379464351,1550,840,710,54.19354838709678,2.0241156970964527,2.8817370967794727,MUTATED
791,Gen 791: قفل أرباح T2 في P1 = 10.06 ATR (15%),1293.4965948660877,27.496419267555716,5573.986379464351,1550,840,710,54.19354838709678,2.0241156970964527,2.8817370967794727,MUTATED
792,Gen 792: قفل أرباح T2 في P1 = 10.3 ATR (13%),1293.4965948660877,27.496419267555716,5573.986379464351,1550,840,710,54.19354838709678,2.0241156970964527,2.8817370967794727,MUTATED
793,Gen 793: قفل أرباح T2 في P1 = 10.51 ATR (11%),1293.4965948660877,27.496419267555716,5573.986379464351,1550,840,710,54.19354838709678,2.0241156970964527,2.8817370967794727,MUTATED
794,Gen 794: قفل أرباح T2 في P1 = 10.6 ATR (11%),1293.4965948660877,27.496419267555716,5573.986379464351,1550,840,710,54.19354838709678,2.0241156970964527,2.8817370967794727,MUTATED
795,Gen 795: قفل أرباح T2 في P1 = 10.05 ATR (9%),1293.4965948660877,27.496419267555716,5573.986379464351,1550,840,710,54.19354838709678,2.0241156970964527,2.8817370967794727,MUTATED
796,Gen 796: قفل أرباح T2 في P1 = 10.82 ATR (13%),1293.4965948660877,27.496419267555716,5573.986379464351,1550,840,710,54.19354838709678,2.0241156970964527,2.8817370967794727,MUTATED
797,Gen 797: قفل أرباح T2 في P1 = 10.03 ATR (8%),1293.4965948660877,27.496419267555716,5573.986379464351,1550,840,710,54.19354838709678,2.0241156970964527,2.8817370967794727,MUTATED
798,Gen 798: قفل أرباح T2 في P1 = 11.11 ATR (14%),1293.4965948660877,27.496419267555716,5573.986379464351,1550,840,710,54.19354838709678,2.0241156970964527,2.8817370967794727,MUTATED
799,Gen 799: قفل أرباح T2 في P1 = 10.38 ATR (14%),1293.4965948660877,27.496419267555716,5573.986379464351,1550,840,710,54.19354838709678,2.0241156970964527,2.8817370967794727,MUTATED
800,Gen 800: قفل أرباح T2 في P1 = 10.25 ATR (8%),1293.4965948660877,27.496419267555716,5573.986379464351,1550,840,710,54.19354838709678,2.0241156970964527,2.8817370967794727,MUTATED
801,Gen 801: عتبة التلاقي P2 = 0.219,1293.4965948660877,27.496419267555716,5573.986379464351,1550,840,710,54.19354838709678,2.0241156970964527,2.8817370967794727,MUTATED
802,Gen 802: عتبة التلاقي P2 = 0.223,1293.4965948660877,27.496419267555716,5573.986379464351,1550,840,710,54.19354838709678,2.0241156970964527,2.8817370967794727,MUTATED
803,Gen 803: عتبة التلاقي P2 = 0.213,1293.4965948660877,27.496419267555716,5573.986379464351,1550,840,710,54.19354838709678,2.0241156970964527,2.8817370967794727,MUTATED
804,Gen 804: عتبة التلاقي P2 = 0.216,1293.4965948660877,27.496419267555716,5573.986379464351,1550,840,710,54.19354838709678,2.0241156970964527,2.8817370967794727,MUTATED
805,Gen 805: عتبة التلاقي P2 = 0.225,1293.4965948660877,27.496419267555716,5573.986379464351,1550,840,710,54.19354838709678,2.0241156970964527,2.8817370967794727,MUTATED
806,Gen 806: عتبة التلاقي P2 = 0.208,1293.4965948660877,27.496419267555716,5573.986379464351,1550,840,710,54.19354838709678,2.0241156970964527,2.8817370967794727,MUTATED
807,Gen 807: عتبة التلاقي P2 = 0.209,1293.4965948660877,27.496419267555716,5573.986379464351,1550,840,710,54.19354838709678,2.0241156970964527,2.8817370967794727,MUTATED
808,Gen 808: عتبة التلاقي P2 = 0.203,1293.4965948660877,27.496419267555716,5573.986379464351,1550,840,710,54.19354838709678,2.0241156970964527,2.8817370967794727,MUTATED
809,Gen 809: عتبة التلاقي P2 = 0.221,1293.4965948660877,27.496419267555716,5573.986379464351,1550,840,710,54.19354838709678,2.0241156970964527,2.8817370967794727,MUTATED
810,Gen 810: عتبة التلاقي P2 = 0.205,1293.4965948660877,27.496419267555716,5573.986379464351,1550,840,710,54.19354838709678,2.0241156970964527,2.8817370967794727,MUTATED
811,Gen 811: عتبة التلاقي P2 = 0.227,1293.4965948660877,27.496419267555716,5573.986379464351,1550,840,710,54.19354838709678,2.0241156970964527,2.8817370967794727,MUTATED
812,Gen 812: عتبة التلاقي P2 = 0.225,1293.4965948660877,27.496419267555716,5573.986379464351,1550,840,710,54.19354838709678,2.0241156970964527,2.8817370967794727,MUTATED
813,Gen 813: عتبة التلاقي P2 = 0.229,1293.4965948660877,27.496419267555716,5573.986379464351,1550,840,710,54.19354838709678,2.0241156970964527,2.8817370967794727,MUTATED
814,Gen 814: عتبة التلاقي P2 = 0.2,1293.4965948660877,27.496419267555716,5573.986379464351,1550,840,710,54.19354838709678,2.0241156970964527,2.8817370967794727,MUTATED
815,Gen 815: عتبة التلاقي P2 = 0.205,1293.4965948660877,27.496419267555716,5573.986379464351,1550,840,710,54.19354838709678,2.0241156970964527,2.8817370967794727,MUTATED
816,Gen 816: عتبة التلاقي P2 = 0.224,1293.4965948660877,27.496419267555716,5573.986379464351,1550,840,710,54.19354838709678,2.0241156970964527,2.8817370967794727,MUTATED
817,Gen 817: عتبة التلاقي P2 = 0.206,1293.4965948660877,27.496419267555716,5573.986379464351,1550,840,710,54.19354838709678,2.0241156970964527,2.8817370967794727,MUTATED
818,Gen 818: عتبة التلاقي P2 = 0.203,1293.4965948660877,27.496419267555716,5573.986379464351,1550,840,710,54.19354838709678,2.0241156970964527,2.8817370967794727,MUTATED
819,Gen 819: عتبة التلاقي P2 = 0.209,1293.4965948660877,27.496419267555716,5573.986379464351,1550,840,710,54.19354838709678,2.0241156970964527,2.8817370967794727,MUTATED
820,Gen 820: عتبة التلاقي P2 = 0.227,1293.4965948660877,27.496419267555716,5573.986379464351,1550,840,710,54.19354838709678,2.0241156970964527,2.8817370967794727,MUTATED
821,Gen 821: عتبة التلاقي P2 = 0.205,1293.4965948660877,27.496419267555716,5573.986379464351,1550,840,710,54.19354838709678,2.0241156970964527,2.8817370967794727,MUTATED
822,Gen 822: عتبة التلاقي P2 = 0.23,1293.4965948660877,27.496419267555716,5573.986379464351,1550,840,710,54.19354838709678,2.0241156970964527,2.8817370967794727,MUTATED
823,Gen 823: عتبة التلاقي P2 = 0.222,1293.4965948660877,27.496419267555716,5573.986379464351,1550,840,710,54.19354838709678,2.0241156970964527,2.8817370967794727,MUTATED
824,Gen 824: عتبة التلاقي P2 = 0.216,1293.4965948660877,27.496419267555716,5573.986379464351,1550,840,710,54.19354838709678,2.0241156970964527,2.8817370967794727,MUTATED
825,Gen 825: عتبة التلاقي P2 = 0.196,1293.4965948660877,27.496419267555716,5573.986379464351,1550,840,710,54.19354838709678,2.0241156970964527,2.8817370967794727,MUTATED
826,Gen 826: عتبة التلاقي P2 = 0.229,1293.4965948660877,27.496419267555716,5573.986379464351,1550,840,710,54.19354838709678,2.0241156970964527,2.8817370967794727,MUTATED
827,Gen 827: عتبة التلاقي P2 = 0.195,1293.4965948660877,27.496419267555716,5573.986379464351,1550,840,710,54.19354838709678,2.0241156970964527,2.8817370967794727,MUTATED
828,Gen 828: عتبة التلاقي P2 = 0.229,1293.4965948660877,27.496419267555716,5573.986379464351,1550,840,710,54.19354838709678,2.0241156970964527,2.8817370967794727,MUTATED
829,Gen 829: عتبة التلاقي P2 = 0.203,1293.4965948660877,27.496419267555716,5573.986379464351,1550,840,710,54.19354838709678,2.0241156970964527,2.8817370967794727,MUTATED
830,Gen 830: عتبة التلاقي P2 = 0.194,1293.4965948660877,27.496419267555716,5573.986379464351,1550,840,710,54.19354838709678,2.0241156970964527,2.8817370967794727,MUTATED
831,Gen 831: عتبة التلاقي P2 = 0.224,1293.4965948660877,27.496419267555716,5573.986379464351,1550,840,710,54.19354838709678,2.0241156970964527,2.8817370967794727,MUTATED
832,Gen 832: عتبة التلاقي P2 = 0.194,1293.4965948660877,27.496419267555716,5573.986379464351,1550,840,710,54.19354838709678,2.0241156970964527,2.8817370967794727,MUTATED
833,Gen 833: عتبة التلاقي P2 = 0.226,1293.4965948660877,27.496419267555716,5573.986379464351,1550,840,710,54.19354838709678,2.0241156970964527,2.8817370967794727,MUTATED
834,Gen 834: عتبة التلاقي P2 = 0.191,1293.4965948660877,27.496419267555716,5573.986379464351,1550,840,710,54.19354838709678,2.0241156970964527,2.8817370967794727,MUTATED
835,Gen 835: عتبة التلاقي P2 = 0.196,1293.4965948660877,27.496419267555716,5573.986379464351,1550,840,710,54.19354838709678,2.0241156970964527,2.8817370967794727,MUTATED
836,Gen 836: عتبة التلاقي P2 = 0.225,1293.4965948660877,27.496419267555716,5573.986379464351,1550,840,710,54.19354838709678,2.0241156970964527,2.8817370967794727,MUTATED
837,Gen 837: عتبة التلاقي P2 = 0.229,1293.4965948660877,27.496419267555716,5573.986379464351,1550,840,710,54.19354838709678,2.0241156970964527,2.8817370967794727,MUTATED
838,Gen 838: عتبة التلاقي P2 = 0.193,1293.4965948660877,27.496419267555716,5573.986379464351,1550,840,710,54.19354838709678,2.0241156970964527,2.8817370967794727,MUTATED
839,Gen 839: عتبة التلاقي P2 = 0.221,1293.4965948660877,27.496419267555716,5573.986379464351,1550,840,710,54.19354838709678,2.0241156970964527,2.8817370967794727,MUTATED
840,Gen 840: عتبة التلاقي P2 = 0.201,1293.4965948660877,27.496419267555716,5573.986379464351,1550,840,710,54.19354838709678,2.0241156970964527,2.8817370967794727,MUTATED
841,Gen 841: عتبة التلاقي P2 = 0.215,1293.4965948660877,27.496419267555716,5573.986379464351,1550,840,710,54.19354838709678,2.0241156970964527,2.8817370967794727,MUTATED
842,Gen 842: عتبة التلاقي P2 = 0.206,1293.4965948660877,27.496419267555716,5573.986379464351,1550,840,710,54.19354838709678,2.0241156970964527,2.8817370967794727,MUTATED
843,Gen 843: عتبة التلاقي P2 = 0.193,1293.4965948660877,27.496419267555716,5573.986379464351,1550,840,710,54.19354838709678,2.0241156970964527,2.8817370967794727,MUTATED
844,Gen 844: عتبة التلاقي P2 = 0.203,1293.4965948660877,27.496419267555716,5573.986379464351,1550,840,710,54.19354838709678,2.0241156970964527,2.8817370967794727,MUTATED
845,Gen 845: عتبة التلاقي P2 = 0.217,1293.4965948660877,27.496419267555716,5573.986379464351,1550,840,710,54.19354838709678,2.0241156970964527,2.8817370967794727,MUTATED
846,Gen 846: عتبة التلاقي P2 = 0.211,1293.4965948660877,27.496419267555716,5573.986379464351,1550,840,710,54.19354838709678,2.0241156970964527,2.8817370967794727,MUTATED
847,Gen 847: عتبة التلاقي P2 = 0.228,1293.4965948660877,27.496419267555716,5573.986379464351,1550,840,710,54.19354838709678,2.0241156970964527,2.8817370967794727,MUTATED
848,Gen 848: عتبة التلاقي P2 = 0.215,1293.4965948660877,27.496419267555716,5573.986379464351,1550,840,710,54.19354838709678,2.0241156970964527,2.8817370967794727,MUTATED
849,Gen 849: عتبة التلاقي P2 = 0.225,1293.4965948660877,27.496419267555716,5573.986379464351,1550,840,710,54.19354838709678,2.0241156970964527,2.8817370967794727,MUTATED
850,Gen 850: عتبة التلاقي P2 = 0.21,1293.4965948660877,27.496419267555716,5573.986379464351,1550,840,710,54.19354838709678,2.0241156970964527,2.8817370967794727,MUTATED
851,Gen 851: عتبة التلاقي P2 = 0.212,1293.833989286474,27.496419267555716,5575.335957145896,1550,840,710,54.19354838709678,2.0243296040472525,2.8826037933347837,ADOPTED
852,Gen 852: عتبة التلاقي P2 = 0.215,1293.833989286474,27.496419267555716,5575.335957145896,1550,840,710,54.19354838709678,2.0243296040472525,2.8826037933347837,MUTATED
853,Gen 853: عتبة التلاقي P2 = 0.199,1293.833989286474,27.496419267555716,5575.335957145896,1550,840,710,54.19354838709678,2.0243296040472525,2.8826037933347837,MUTATED
854,Gen 854: عتبة التلاقي P2 = 0.217,1293.833989286474,27.496419267555716,5575.335957145896,1550,840,710,54.19354838709678,2.0243296040472525,2.8826037933347837,MUTATED
855,Gen 855: عتبة التلاقي P2 = 0.201,1293.833989286474,27.496419267555716,5575.335957145896,1550,840,710,54.19354838709678,2.0243296040472525,2.8826037933347837,MUTATED
856,Gen 856: عتبة التلاقي P2 = 0.199,1293.833989286474,27.496419267555716,5575.335957145896,1550,840,710,54.19354838709678,2.0243296040472525,2.8826037933347837,MUTATED
857,Gen 857: عتبة التلاقي P2 = 0.194,1293.833989286474,27.496419267555716,5575.335957145896,1550,840,710,54.19354838709678,2.0243296040472525,2.8826037933347837,MUTATED
858,Gen 858: عتبة التلاقي P2 = 0.229,1293.833989286474,27.496419267555716,5575.335957145896,1550,840,710,54.19354838709678,2.0243296040472525,2.8826037933347837,MUTATED
859,Gen 859: عتبة التلاقي P2 = 0.22,1293.833989286474,27.496419267555716,5575.335957145896,1550,840,710,54.19354838709678,2.0243296040472525,2.8826037933347837,MUTATED
860,Gen 860: عتبة التلاقي P2 = 0.218,1293.833989286474,27.496419267555716,5575.335957145896,1550,840,710,54.19354838709678,2.0243296040472525,2.8826037933347837,MUTATED
861,Gen 861: عتبة التلاقي P2 = 0.194,1293.833989286474,27.496419267555716,5575.335957145896,1550,840,710,54.19354838709678,2.0243296040472525,2.8826037933347837,MUTATED
862,Gen 862: عتبة التلاقي P2 = 0.197,1293.833989286474,27.496419267555716,5575.335957145896,1550,840,710,54.19354838709678,2.0243296040472525,2.8826037933347837,MUTATED
863,Gen 863: عتبة التلاقي P2 = 0.202,1293.833989286474,27.496419267555716,5575.335957145896,1550,840,710,54.19354838709678,2.0243296040472525,2.8826037933347837,MUTATED
864,Gen 864: عتبة التلاقي P2 = 0.191,1293.833989286474,27.496419267555716,5575.335957145896,1550,840,710,54.19354838709678,2.0243296040472525,2.8826037933347837,MUTATED
865,Gen 865: عتبة التلاقي P2 = 0.203,1293.833989286474,27.496419267555716,5575.335957145896,1550,840,710,54.19354838709678,2.0243296040472525,2.8826037933347837,MUTATED
866,Gen 866: عتبة التلاقي P2 = 0.192,1293.833989286474,27.496419267555716,5575.335957145896,1550,840,710,54.19354838709678,2.0243296040472525,2.8826037933347837,MUTATED
867,Gen 867: عتبة التلاقي P2 = 0.204,1293.833989286474,27.496419267555716,5575.335957145896,1550,840,710,54.19354838709678,2.0243296040472525,2.8826037933347837,MUTATED
868,Gen 868: عتبة التلاقي P2 = 0.207,1293.833989286474,27.496419267555716,5575.335957145896,1550,840,710,54.19354838709678,2.0243296040472525,2.8826037933347837,MUTATED
869,Gen 869: عتبة التلاقي P2 = 0.2,1293.833989286474,27.496419267555716,5575.335957145896,1550,840,710,54.19354838709678,2.0243296040472525,2.8826037933347837,MUTATED
870,Gen 870: عتبة التلاقي P2 = 0.206,1293.833989286474,27.496419267555716,5575.335957145896,1550,840,710,54.19354838709678,2.0243296040472525,2.8826037933347837,MUTATED
871,Gen 871: عتبة التلاقي P2 = 0.217,1293.833989286474,27.496419267555716,5575.335957145896,1550,840,710,54.19354838709678,2.0243296040472525,2.8826037933347837,MUTATED
872,Gen 872: عتبة التلاقي P2 = 0.197,1293.833989286474,27.496419267555716,5575.335957145896,1550,840,710,54.19354838709678,2.0243296040472525,2.8826037933347837,MUTATED
873,Gen 873: عتبة التلاقي P2 = 0.197,1293.833989286474,27.496419267555716,5575.335957145896,1550,840,710,54.19354838709678,2.0243296040472525,2.8826037933347837,MUTATED
874,Gen 874: عتبة التلاقي P2 = 0.214,1293.833989286474,27.496419267555716,5575.335957145896,1550,840,710,54.19354838709678,2.0243296040472525,2.8826037933347837,MUTATED
875,Gen 875: عتبة التلاقي P2 = 0.205,1293.833989286474,27.496419267555716,5575.335957145896,1550,840,710,54.19354838709678,2.0243296040472525,2.8826037933347837,MUTATED
876,Gen 876: عتبة التلاقي P2 = 0.217,1293.833989286474,27.496419267555716,5575.335957145896,1550,840,710,54.19354838709678,2.0243296040472525,2.8826037933347837,MUTATED
877,Gen 877: عتبة التلاقي P2 = 0.21,1293.833989286474,27.496419267555716,5575.335957145896,1550,840,710,54.19354838709678,2.0243296040472525,2.8826037933347837,MUTATED
878,Gen 878: عتبة التلاقي P2 = 0.213,1293.833989286474,27.496419267555716,5575.335957145896,1550,840,710,54.19354838709678,2.0243296040472525,2.8826037933347837,MUTATED
879,Gen 879: عتبة التلاقي P2 = 0.199,1293.833989286474,27.496419267555716,5575.335957145896,1550,840,710,54.19354838709678,2.0243296040472525,2.8826037933347837,MUTATED
880,Gen 880: عتبة التلاقي P2 = 0.216,1293.833989286474,27.496419267555716,5575.335957145896,1550,840,710,54.19354838709678,2.0243296040472525,2.8826037933347837,MUTATED
881,Gen 881: عتبة التلاقي P2 = 0.208,1293.833989286474,27.496419267555716,5575.335957145896,1550,840,710,54.19354838709678,2.0243296040472525,2.8826037933347837,MUTATED
882,Gen 882: عتبة التلاقي P2 = 0.217,1293.833989286474,27.496419267555716,5575.335957145896,1550,840,710,54.19354838709678,2.0243296040472525,2.8826037933347837,MUTATED
883,Gen 883: عتبة التلاقي P2 = 0.226,1293.833989286474,27.496419267555716,5575.335957145896,1550,840,710,54.19354838709678,2.0243296040472525,2.8826037933347837,MUTATED
884,Gen 884: عتبة التلاقي P2 = 0.209,1293.833989286474,27.496419267555716,5575.335957145896,1550,840,710,54.19354838709678,2.0243296040472525,2.8826037933347837,MUTATED
885,Gen 885: عتبة التلاقي P2 = 0.202,1293.833989286474,27.496419267555716,5575.335957145896,1550,840,710,54.19354838709678,2.0243296040472525,2.8826037933347837,MUTATED
886,Gen 886: عتبة التلاقي P2 = 0.212,1293.833989286474,27.496419267555716,5575.335957145896,1550,840,710,54.19354838709678,2.0243296040472525,2.8826037933347837,MUTATED
887,Gen 887: عتبة التلاقي P2 = 0.193,1293.833989286474,27.496419267555716,5575.335957145896,1550,840,710,54.19354838709678,2.0243296040472525,2.8826037933347837,MUTATED
888,Gen 888: عتبة التلاقي P2 = 0.228,1293.833989286474,27.496419267555716,5575.335957145896,1550,840,710,54.19354838709678,2.0243296040472525,2.8826037933347837,MUTATED
889,Gen 889: عتبة التلاقي P2 = 0.23,1293.833989286474,27.496419267555716,5575.335957145896,1550,840,710,54.19354838709678,2.0243296040472525,2.8826037933347837,MUTATED
890,Gen 890: عتبة التلاقي P2 = 0.202,1293.833989286474,27.496419267555716,5575.335957145896,1550,840,710,54.19354838709678,2.0243296040472525,2.8826037933347837,MUTATED
891,Gen 891: عتبة التلاقي P2 = 0.228,1293.833989286474,27.496419267555716,5575.335957145896,1550,840,710,54.19354838709678,2.0243296040472525,2.8826037933347837,MUTATED
892,Gen 892: عتبة التلاقي P2 = 0.218,1293.833989286474,27.496419267555716,5575.335957145896,1550,840,710,54.19354838709678,2.0243296040472525,2.8826037933347837,MUTATED
893,Gen 893: عتبة التلاقي P2 = 0.208,1293.833989286474,27.496419267555716,5575.335957145896,1550,840,710,54.19354838709678,2.0243296040472525,2.8826037933347837,MUTATED
894,Gen 894: عتبة التلاقي P2 = 0.202,1293.833989286474,27.496419267555716,5575.335957145896,1550,840,710,54.19354838709678,2.0243296040472525,2.8826037933347837,MUTATED
895,Gen 895: عتبة التلاقي P2 = 0.23,1293.833989286474,27.496419267555716,5575.335957145896,1550,840,710,54.19354838709678,2.0243296040472525,2.8826037933347837,MUTATED
896,Gen 896: عتبة التلاقي P2 = 0.224,1293.833989286474,27.496419267555716,5575.335957145896,1550,840,710,54.19354838709678,2.0243296040472525,2.8826037933347837,MUTATED
897,Gen 897: عتبة التلاقي P2 = 0.194,1293.833989286474,27.496419267555716,5575.335957145896,1550,840,710,54.19354838709678,2.0243296040472525,2.8826037933347837,MUTATED
898,Gen 898: عتبة التلاقي P2 = 0.205,1293.833989286474,27.496419267555716,5575.335957145896,1550,840,710,54.19354838709678,2.0243296040472525,2.8826037933347837,MUTATED
899,Gen 899: عتبة التلاقي P2 = 0.204,1293.833989286474,27.496419267555716,5575.335957145896,1550,840,710,54.19354838709678,2.0243296040472525,2.8826037933347837,MUTATED
900,Gen 900: عتبة التلاقي P2 = 0.202,1293.833989286474,27.496419267555716,5575.335957145896,1550,840,710,54.19354838709678,2.0243296040472525,2.8826037933347837,MUTATED
901,Gen 901: هدف T1 في P2 = 4.45 ATR,1293.833989286474,27.496419267555716,5575.335957145896,1550,840,710,54.19354838709678,2.0243296040472525,2.8826037933347837,MUTATED
902,Gen 902: هدف T1 في P2 = 4.11 ATR,1293.833989286474,27.496419267555716,5575.335957145896,1550,840,710,54.19354838709678,2.0243296040472525,2.8826037933347837,MUTATED
903,Gen 903: هدف T1 في P2 = 4.52 ATR,1293.833989286474,27.496419267555716,5575.335957145896,1550,840,710,54.19354838709678,2.0243296040472525,2.8826037933347837,MUTATED
904,Gen 904: هدف T1 في P2 = 4.3 ATR,1293.833989286474,27.496419267555716,5575.335957145896,1550,840,710,54.19354838709678,2.0243296040472525,2.8826037933347837,MUTATED
905,Gen 905: هدف T1 في P2 = 4.1 ATR,1293.833989286474,27.496419267555716,5575.335957145896,1550,840,710,54.19354838709678,2.0243296040472525,2.8826037933347837,MUTATED
906,Gen 906: هدف T1 في P2 = 4.53 ATR,1293.833989286474,27.496419267555716,5575.335957145896,1550,840,710,54.19354838709678,2.0243296040472525,2.8826037933347837,MUTATED
907,Gen 907: هدف T1 في P2 = 4.49 ATR,1293.833989286474,27.496419267555716,5575.335957145896,1550,840,710,54.19354838709678,2.0243296040472525,2.8826037933347837,MUTATED
908,Gen 908: هدف T1 في P2 = 4.59 ATR,1293.833989286474,27.496419267555716,5575.335957145896,1550,840,710,54.19354838709678,2.0243296040472525,2.8826037933347837,MUTATED
909,Gen 909: هدف T1 في P2 = 4.56 ATR,1293.833989286474,27.496419267555716,5575.335957145896,1550,840,710,54.19354838709678,2.0243296040472525,2.8826037933347837,MUTATED
910,Gen 910: هدف T1 في P2 = 4.47 ATR,1293.833989286474,27.496419267555716,5575.335957145896,1550,840,710,54.19354838709678,2.0243296040472525,2.8826037933347837,MUTATED
911,Gen 911: هدف T1 في P2 = 4.52 ATR,1293.833989286474,27.496419267555716,5575.335957145896,1550,840,710,54.19354838709678,2.0243296040472525,2.8826037933347837,MUTATED
912,Gen 912: هدف T1 في P2 = 4.55 ATR,1293.833989286474,27.496419267555716,5575.335957145896,1550,840,710,54.19354838709678,2.0243296040472525,2.8826037933347837,MUTATED
913,Gen 913: هدف T1 في P2 = 4.49 ATR,1293.833989286474,27.496419267555716,5575.335957145896,1550,840,710,54.19354838709678,2.0243296040472525,2.8826037933347837,MUTATED
914,Gen 914: هدف T1 في P2 = 4.22 ATR,1293.833989286474,27.496419267555716,5575.335957145896,1550,840,710,54.19354838709678,2.0243296040472525,2.8826037933347837,MUTATED
915,Gen 915: هدف T1 في P2 = 4.5 ATR,1293.833989286474,27.496419267555716,5575.335957145896,1550,840,710,54.19354838709678,2.0243296040472525,2.8826037933347837,MUTATED
916,Gen 916: هدف T1 في P2 = 4.21 ATR,1293.833989286474,27.496419267555716,5575.335957145896,1550,840,710,54.19354838709678,2.0243296040472525,2.8826037933347837,MUTATED
917,Gen 917: هدف T1 في P2 = 4.2 ATR,1293.833989286474,27.496419267555716,5575.335957145896,1550,840,710,54.19354838709678,2.0243296040472525,2.8826037933347837,MUTATED
918,Gen 918: هدف T1 في P2 = 4.23 ATR,1293.833989286474,27.496419267555716,5575.335957145896,1550,840,710,54.19354838709678,2.0243296040472525,2.8826037933347837,MUTATED
919,Gen 919: هدف T1 في P2 = 4.48 ATR,1293.833989286474,27.496419267555716,5575.335957145896,1550,840,710,54.19354838709678,2.0243296040472525,2.8826037933347837,MUTATED
920,Gen 920: هدف T1 في P2 = 4.48 ATR,1293.833989286474,27.496419267555716,5575.335957145896,1550,840,710,54.19354838709678,2.0243296040472525,2.8826037933347837,MUTATED
921,Gen 921: هدف T1 في P2 = 4.44 ATR,1293.833989286474,27.496419267555716,5575.335957145896,1550,840,710,54.19354838709678,2.0243296040472525,2.8826037933347837,MUTATED
922,Gen 922: هدف T1 في P2 = 4.17 ATR,1293.833989286474,27.496419267555716,5575.335957145896,1550,840,710,54.19354838709678,2.0243296040472525,2.8826037933347837,MUTATED
923,Gen 923: هدف T1 في P2 = 4.15 ATR,1293.833989286474,27.496419267555716,5575.335957145896,1550,840,710,54.19354838709678,2.0243296040472525,2.8826037933347837,MUTATED
924,Gen 924: هدف T1 في P2 = 4.41 ATR,1294.2020097756972,27.488861129779618,5576.808039102789,1547,837,710,54.10471881060116,2.024032841305163,2.884370310148869,ADOPTED
925,Gen 925: هدف T1 في P2 = 4.12 ATR,1294.2020097756972,27.488861129779618,5576.808039102789,1547,837,710,54.10471881060116,2.024032841305163,2.884370310148869,MUTATED
926,Gen 926: هدف T1 في P2 = 4.49 ATR,1294.2020097756972,27.488861129779618,5576.808039102789,1547,837,710,54.10471881060116,2.024032841305163,2.884370310148869,MUTATED
927,Gen 927: هدف T1 في P2 = 4.12 ATR,1294.2020097756972,27.488861129779618,5576.808039102789,1547,837,710,54.10471881060116,2.024032841305163,2.884370310148869,MUTATED
928,Gen 928: هدف T1 في P2 = 4.28 ATR,1294.2020097756972,27.488861129779618,5576.808039102789,1547,837,710,54.10471881060116,2.024032841305163,2.884370310148869,MUTATED
929,Gen 929: هدف T1 في P2 = 4.17 ATR,1294.2020097756972,27.488861129779618,5576.808039102789,1547,837,710,54.10471881060116,2.024032841305163,2.884370310148869,MUTATED
930,Gen 930: هدف T1 في P2 = 4.55 ATR,1294.2020097756972,27.488861129779618,5576.808039102789,1547,837,710,54.10471881060116,2.024032841305163,2.884370310148869,MUTATED
931,Gen 931: هدف T1 في P2 = 4.26 ATR,1294.2020097756972,27.488861129779618,5576.808039102789,1547,837,710,54.10471881060116,2.024032841305163,2.884370310148869,MUTATED
932,Gen 932: هدف T1 في P2 = 4.31 ATR,1294.2020097756972,27.488861129779618,5576.808039102789,1547,837,710,54.10471881060116,2.024032841305163,2.884370310148869,MUTATED
933,Gen 933: هدف T1 في P2 = 4.2 ATR,1294.2020097756972,27.488861129779618,5576.808039102789,1547,837,710,54.10471881060116,2.024032841305163,2.884370310148869,MUTATED
934,Gen 934: هدف T1 في P2 = 4.49 ATR,1294.2020097756972,27.488861129779618,5576.808039102789,1547,837,710,54.10471881060116,2.024032841305163,2.884370310148869,MUTATED
935,Gen 935: هدف T1 في P2 = 4.54 ATR,1294.2020097756972,27.488861129779618,5576.808039102789,1547,837,710,54.10471881060116,2.024032841305163,2.884370310148869,MUTATED
936,Gen 936: هدف T1 في P2 = 4.28 ATR,1294.2020097756972,27.488861129779618,5576.808039102789,1547,837,710,54.10471881060116,2.024032841305163,2.884370310148869,MUTATED
937,Gen 937: هدف T1 في P2 = 4.35 ATR,1294.2020097756972,27.488861129779618,5576.808039102789,1547,837,710,54.10471881060116,2.024032841305163,2.884370310148869,MUTATED
938,Gen 938: هدف T1 في P2 = 4.24 ATR,1294.2020097756972,27.488861129779618,5576.808039102789,1547,837,710,54.10471881060116,2.024032841305163,2.884370310148869,MUTATED
939,Gen 939: هدف T1 في P2 = 4.18 ATR,1294.2020097756972,27.488861129779618,5576.808039102789,1547,837,710,54.10471881060116,2.024032841305163,2.884370310148869,MUTATED
940,Gen 940: هدف T1 في P2 = 4.56 ATR,1294.2020097756972,27.488861129779618,5576.808039102789,1547,837,710,54.10471881060116,2.024032841305163,2.884370310148869,MUTATED
941,Gen 941: هدف T1 في P2 = 4.57 ATR,1294.2020097756972,27.488861129779618,5576.808039102789,1547,837,710,54.10471881060116,2.024032841305163,2.884370310148869,MUTATED
942,Gen 942: هدف T1 في P2 = 4.58 ATR,1294.2020097756972,27.488861129779618,5576.808039102789,1547,837,710,54.10471881060116,2.024032841305163,2.884370310148869,MUTATED
943,Gen 943: هدف T1 في P2 = 4.25 ATR,1294.2020097756972,27.488861129779618,5576.808039102789,1547,837,710,54.10471881060116,2.024032841305163,2.884370310148869,MUTATED
944,Gen 944: هدف T1 في P2 = 4.54 ATR,1294.2020097756972,27.488861129779618,5576.808039102789,1547,837,710,54.10471881060116,2.024032841305163,2.884370310148869,MUTATED
945,Gen 945: هدف T1 في P2 = 4.5 ATR,1294.2020097756972,27.488861129779618,5576.808039102789,1547,837,710,54.10471881060116,2.024032841305163,2.884370310148869,MUTATED
946,Gen 946: هدف T1 في P2 = 4.33 ATR,1294.2020097756972,27.488861129779618,5576.808039102789,1547,837,710,54.10471881060116,2.024032841305163,2.884370310148869,MUTATED
947,Gen 947: هدف T1 في P2 = 4.14 ATR,1294.2020097756972,27.488861129779618,5576.808039102789,1547,837,710,54.10471881060116,2.024032841305163,2.884370310148869,MUTATED
948,Gen 948: هدف T1 في P2 = 4.48 ATR,1294.2020097756972,27.488861129779618,5576.808039102789,1547,837,710,54.10471881060116,2.024032841305163,2.884370310148869,MUTATED
949,Gen 949: هدف T1 في P2 = 4.21 ATR,1294.2020097756972,27.488861129779618,5576.808039102789,1547,837,710,54.10471881060116,2.024032841305163,2.884370310148869,MUTATED
950,Gen 950: هدف T1 في P2 = 4.44 ATR,1294.2020097756972,27.488861129779618,5576.808039102789,1547,837,710,54.10471881060116,2.024032841305163,2.884370310148869,MUTATED
951,Gen 951: هدف T1 في P2 = 4.44 ATR,1294.2020097756972,27.488861129779618,5576.808039102789,1547,837,710,54.10471881060116,2.024032841305163,2.884370310148869,MUTATED
952,Gen 952: هدف T1 في P2 = 4.3 ATR,1294.2020097756972,27.488861129779618,5576.808039102789,1547,837,710,54.10471881060116,2.024032841305163,2.884370310148869,MUTATED
953,Gen 953: هدف T1 في P2 = 4.52 ATR,1294.2020097756972,27.488861129779618,5576.808039102789,1547,837,710,54.10471881060116,2.024032841305163,2.884370310148869,MUTATED
954,Gen 954: هدف T1 في P2 = 4.38 ATR,1294.2020097756972,27.488861129779618,5576.808039102789,1547,837,710,54.10471881060116,2.024032841305163,2.884370310148869,MUTATED
955,Gen 955: هدف T1 في P2 = 4.15 ATR,1294.2020097756972,27.488861129779618,5576.808039102789,1547,837,710,54.10471881060116,2.024032841305163,2.884370310148869,MUTATED
956,Gen 956: هدف T1 في P2 = 4.3 ATR,1294.2020097756972,27.488861129779618,5576.808039102789,1547,837,710,54.10471881060116,2.024032841305163,2.884370310148869,MUTATED
957,Gen 957: هدف T1 في P2 = 4.23 ATR,1294.2020097756972,27.488861129779618,5576.808039102789,1547,837,710,54.10471881060116,2.024032841305163,2.884370310148869,MUTATED
958,Gen 958: هدف T1 في P2 = 4.16 ATR,1294.2020097756972,27.488861129779618,5576.808039102789,1547,837,710,54.10471881060116,2.024032841305163,2.884370310148869,MUTATED
959,Gen 959: هدف T1 في P2 = 4.28 ATR,1294.2020097756972,27.488861129779618,5576.808039102789,1547,837,710,54.10471881060116,2.024032841305163,2.884370310148869,MUTATED
960,Gen 960: هدف T1 في P2 = 4.47 ATR,1294.2020097756972,27.488861129779618,5576.808039102789,1547,837,710,54.10471881060116,2.024032841305163,2.884370310148869,MUTATED
961,Gen 961: هدف T1 في P2 = 4.23 ATR,1294.2020097756972,27.488861129779618,5576.808039102789,1547,837,710,54.10471881060116,2.024032841305163,2.884370310148869,MUTATED
962,Gen 962: هدف T1 في P2 = 4.29 ATR,1294.2020097756972,27.488861129779618,5576.808039102789,1547,837,710,54.10471881060116,2.024032841305163,2.884370310148869,MUTATED
963,Gen 963: هدف T1 في P2 = 4.42 ATR,1294.2604489371754,27.48078994142355,5577.041795748702,1547,837,710,54.10471881060116,2.0241545760994177,2.884275846758195,ADOPTED
964,Gen 964: هدف T1 في P2 = 4.29 ATR,1294.2604489371754,27.48078994142355,5577.041795748702,1547,837,710,54.10471881060116,2.0241545760994177,2.884275846758195,MUTATED
965,Gen 965: هدف T1 في P2 = 4.44 ATR,1294.2604489371754,27.48078994142355,5577.041795748702,1547,837,710,54.10471881060116,2.0241545760994177,2.884275846758195,MUTATED
966,Gen 966: هدف T1 في P2 = 4.34 ATR,1294.0156259720097,27.499437840015762,5576.062503888039,1551,842,709,54.28755641521599,2.0248040695450538,2.882161499060965,ADOPTED
967,Gen 967: هدف T1 في P2 = 4.41 ATR,1294.2020097756972,27.488861129779618,5576.808039102789,1547,837,710,54.10471881060116,2.024032841305163,2.884370310148869,ADOPTED
968,Gen 968: هدف T1 في P2 = 4.57 ATR,1294.2020097756972,27.488861129779618,5576.808039102789,1547,837,710,54.10471881060116,2.024032841305163,2.884370310148869,MUTATED
969,Gen 969: هدف T1 في P2 = 4.26 ATR,1294.2020097756972,27.488861129779618,5576.808039102789,1547,837,710,54.10471881060116,2.024032841305163,2.884370310148869,MUTATED
970,Gen 970: هدف T1 في P2 = 4.41 ATR,1294.2020097756972,27.488861129779618,5576.808039102789,1547,837,710,54.10471881060116,2.024032841305163,2.884370310148869,MUTATED
971,Gen 971: هدف T1 في P2 = 4.42 ATR,1294.2604489371754,27.48078994142355,5577.041795748702,1547,837,710,54.10471881060116,2.0241545760994177,2.884275846758195,ADOPTED
972,Gen 972: هدف T1 في P2 = 4.42 ATR,1294.2604489371754,27.48078994142355,5577.041795748702,1547,837,710,54.10471881060116,2.0241545760994177,2.884275846758195,MUTATED
973,Gen 973: هدف T1 في P2 = 4.33 ATR,1294.2604489371754,27.48078994142355,5577.041795748702,1547,837,710,54.10471881060116,2.0241545760994177,2.884275846758195,MUTATED
974,Gen 974: هدف T1 في P2 = 4.45 ATR,1294.2604489371754,27.48078994142355,5577.041795748702,1547,837,710,54.10471881060116,2.0241545760994177,2.884275846758195,MUTATED
975,Gen 975: هدف T1 في P2 = 4.42 ATR,1294.2604489371754,27.48078994142355,5577.041795748702,1547,837,710,54.10471881060116,2.0241545760994177,2.884275846758195,MUTATED
976,Gen 976: هدف T1 في P2 = 4.16 ATR,1294.2604489371754,27.48078994142355,5577.041795748702,1547,837,710,54.10471881060116,2.0241545760994177,2.884275846758195,MUTATED
977,Gen 977: هدف T1 في P2 = 4.12 ATR,1294.2604489371754,27.48078994142355,5577.041795748702,1547,837,710,54.10471881060116,2.0241545760994177,2.884275846758195,MUTATED
978,Gen 978: هدف T1 في P2 = 4.12 ATR,1294.2604489371754,27.48078994142355,5577.041795748702,1547,837,710,54.10471881060116,2.0241545760994177,2.884275846758195,MUTATED
979,Gen 979: هدف T1 في P2 = 4.6 ATR,1294.2604489371754,27.48078994142355,5577.041795748702,1547,837,710,54.10471881060116,2.0241545760994177,2.884275846758195,MUTATED
980,Gen 980: هدف T1 في P2 = 4.16 ATR,1294.2604489371754,27.48078994142355,5577.041795748702,1547,837,710,54.10471881060116,2.0241545760994177,2.884275846758195,MUTATED
981,Gen 981: هدف T1 في P2 = 4.22 ATR,1294.2604489371754,27.48078994142355,5577.041795748702,1547,837,710,54.10471881060116,2.0241545760994177,2.884275846758195,MUTATED
982,Gen 982: هدف T1 في P2 = 4.37 ATR,1294.2604489371754,27.48078994142355,5577.041795748702,1547,837,710,54.10471881060116,2.0241545760994177,2.884275846758195,MUTATED
983,Gen 983: هدف T1 في P2 = 4.29 ATR,1294.2604489371754,27.48078994142355,5577.041795748702,1547,837,710,54.10471881060116,2.0241545760994177,2.884275846758195,MUTATED
984,Gen 984: هدف T1 في P2 = 4.29 ATR,1294.2604489371754,27.48078994142355,5577.041795748702,1547,837,710,54.10471881060116,2.0241545760994177,2.884275846758195,MUTATED
985,Gen 985: هدف T1 في P2 = 4.57 ATR,1294.2604489371754,27.48078994142355,5577.041795748702,1547,837,710,54.10471881060116,2.0241545760994177,2.884275846758195,MUTATED
986,Gen 986: هدف T1 في P2 = 4.45 ATR,1294.2604489371754,27.48078994142355,5577.041795748702,1547,837,710,54.10471881060116,2.0241545760994177,2.884275846758195,MUTATED
987,Gen 987: هدف T1 في P2 = 4.37 ATR,1294.2604489371754,27.48078994142355,5577.041795748702,1547,837,710,54.10471881060116,2.0241545760994177,2.884275846758195,MUTATED
988,Gen 988: هدف T1 في P2 = 4.39 ATR,1294.2604489371754,27.48078994142355,5577.041795748702,1547,837,710,54.10471881060116,2.0241545760994177,2.884275846758195,MUTATED
989,Gen 989: هدف T1 في P2 = 4.46 ATR,1294.2604489371754,27.48078994142355,5577.041795748702,1547,837,710,54.10471881060116,2.0241545760994177,2.884275846758195,MUTATED
990,Gen 990: هدف T1 في P2 = 4.54 ATR,1294.2604489371754,27.48078994142355,5577.041795748702,1547,837,710,54.10471881060116,2.0241545760994177,2.884275846758195,MUTATED
991,Gen 991: هدف T1 في P2 = 4.43 ATR,1294.2604489371754,27.48078994142355,5577.041795748702,1547,837,710,54.10471881060116,2.0241545760994177,2.884275846758195,MUTATED
992,Gen 992: هدف T1 في P2 = 4.52 ATR,1294.2604489371754,27.48078994142355,5577.041795748702,1547,837,710,54.10471881060116,2.0241545760994177,2.884275846758195,MUTATED
993,Gen 993: هدف T1 في P2 = 4.41 ATR,1294.2604489371754,27.48078994142355,5577.041795748702,1547,837,710,54.10471881060116,2.0241545760994177,2.884275846758195,MUTATED
994,Gen 994: هدف T1 في P2 = 4.57 ATR,1294.2604489371754,27.48078994142355,5577.041795748702,1547,837,710,54.10471881060116,2.0241545760994177,2.884275846758195,MUTATED
995,Gen 995: هدف T1 في P2 = 4.24 ATR,1294.2604489371754,27.48078994142355,5577.041795748702,1547,837,710,54.10471881060116,2.0241545760994177,2.884275846758195,MUTATED
996,Gen 996: هدف T1 في P2 = 4.45 ATR,1294.2604489371754,27.48078994142355,5577.041795748702,1547,837,710,54.10471881060116,2.0241545760994177,2.884275846758195,MUTATED
997,Gen 997: هدف T1 في P2 = 4.21 ATR,1294.2604489371754,27.48078994142355,5577.041795748702,1547,837,710,54.10471881060116,2.0241545760994177,2.884275846758195,MUTATED
998,Gen 998: هدف T1 في P2 = 4.32 ATR,1294.2604489371754,27.48078994142355,5577.041795748702,1547,837,710,54.10471881060116,2.0241545760994177,2.884275846758195,MUTATED
999,Gen 999: هدف T1 في P2 = 4.22 ATR,1294.2604489371754,27.48078994142355,5577.041795748702,1547,837,710,54.10471881060116,2.0241545760994177,2.884275846758195,MUTATED
1000,Gen 1000: هدف T1 في P2 = 4.28 ATR,1294.2604489371754,27.48078994142355,5577.041795748702,1547,837,710,54.10471881060116,2.0241545760994177,2.884275846758195,MUTATED
1001,Gen 1001: ترايلينغ S2 = 1.24 ATR,1294.2604489371754,27.48078994142355,5577.041795748702,1547,837,710,54.10471881060116,2.0241545760994177,2.884275846758195,MUTATED
1002,Gen 1002: ترايلينغ S2 = 1.06 ATR,1295.869479276834,27.477373400592075,5583.477917107336,1546,837,709,54.13971539456662,2.025544056311145,2.8817993168828844,ADOPTED
1003,Gen 1003: ترايلينغ S2 = 1.22 ATR,1295.869479276834,27.477373400592075,5583.477917107336,1546,837,709,54.13971539456662,2.025544056311145,2.8817993168828844,MUTATED
1004,Gen 1004: ترايلينغ S2 = 1.14 ATR,1295.869479276834,27.477373400592075,5583.477917107336,1546,837,709,54.13971539456662,2.025544056311145,2.8817993168828844,MUTATED
1005,Gen 1005: ترايلينغ S2 = 0.97 ATR,1297.4917141254637,27.46967231275547,5589.966856501855,1550,839,711,54.12903225806451,2.0269367044031124,2.879582946682577,ADOPTED
1006,Gen 1006: ترايلينغ S2 = 1.03 ATR,1297.4917141254637,27.46967231275547,5589.966856501855,1550,839,711,54.12903225806451,2.0269367044031124,2.879582946682577,MUTATED
1007,Gen 1007: ترايلينغ S2 = 1.24 ATR,1297.4917141254637,27.46967231275547,5589.966856501855,1550,839,711,54.12903225806451,2.0269367044031124,2.879582946682577,MUTATED
1008,Gen 1008: ترايلينغ S2 = 1.23 ATR,1297.4917141254637,27.46967231275547,5589.966856501855,1550,839,711,54.12903225806451,2.0269367044031124,2.879582946682577,MUTATED
1009,Gen 1009: ترايلينغ S2 = 1.2 ATR,1297.4917141254637,27.46967231275547,5589.966856501855,1550,839,711,54.12903225806451,2.0269367044031124,2.879582946682577,MUTATED
1010,Gen 1010: ترايلينغ S2 = 0.98 ATR,1297.4917141254637,27.46967231275547,5589.966856501855,1550,839,711,54.12903225806451,2.0269367044031124,2.879582946682577,MUTATED
1011,Gen 1011: ترايلينغ S2 = 1.01 ATR,1297.4917141254637,27.46967231275547,5589.966856501855,1550,839,711,54.12903225806451,2.0269367044031124,2.879582946682577,MUTATED
1012,Gen 1012: ترايلينغ S2 = 1.14 ATR,1297.4917141254637,27.46967231275547,5589.966856501855,1550,839,711,54.12903225806451,2.0269367044031124,2.879582946682577,MUTATED
1013,Gen 1013: ترايلينغ S2 = 1.24 ATR,1297.4917141254637,27.46967231275547,5589.966856501855,1550,839,711,54.12903225806451,2.0269367044031124,2.879582946682577,MUTATED
1014,Gen 1014: ترايلينغ S2 = 0.97 ATR,1297.4917141254637,27.46967231275547,5589.966856501855,1550,839,711,54.12903225806451,2.0269367044031124,2.879582946682577,MUTATED
1015,Gen 1015: ترايلينغ S2 = 1.05 ATR,1297.4917141254637,27.46967231275547,5589.966856501855,1550,839,711,54.12903225806451,2.0269367044031124,2.879582946682577,MUTATED
1016,Gen 1016: ترايلينغ S2 = 1.25 ATR,1297.4917141254637,27.46967231275547,5589.966856501855,1550,839,711,54.12903225806451,2.0269367044031124,2.879582946682577,MUTATED
1017,Gen 1017: ترايلينغ S2 = 1.19 ATR,1297.4917141254637,27.46967231275547,5589.966856501855,1550,839,711,54.12903225806451,2.0269367044031124,2.879582946682577,MUTATED
1018,Gen 1018: ترايلينغ S2 = 1.01 ATR,1297.4917141254637,27.46967231275547,5589.966856501855,1550,839,711,54.12903225806451,2.0269367044031124,2.879582946682577,MUTATED
1019,Gen 1019: ترايلينغ S2 = 1.2 ATR,1297.4917141254637,27.46967231275547,5589.966856501855,1550,839,711,54.12903225806451,2.0269367044031124,2.879582946682577,MUTATED
1020,Gen 1020: ترايلينغ S2 = 1.12 ATR,1297.4917141254637,27.46967231275547,5589.966856501855,1550,839,711,54.12903225806451,2.0269367044031124,2.879582946682577,MUTATED
1021,Gen 1021: ترايلينغ S2 = 1.13 ATR,1297.4917141254637,27.46967231275547,5589.966856501855,1550,839,711,54.12903225806451,2.0269367044031124,2.879582946682577,MUTATED
1022,Gen 1022: ترايلينغ S2 = 1.19 ATR,1297.4917141254637,27.46967231275547,5589.966856501855,1550,839,711,54.12903225806451,2.0269367044031124,2.879582946682577,MUTATED
1023,Gen 1023: ترايلينغ S2 = 1.02 ATR,1297.4917141254637,27.46967231275547,5589.966856501855,1550,839,711,54.12903225806451,2.0269367044031124,2.879582946682577,MUTATED
1024,Gen 1024: ترايلينغ S2 = 1.18 ATR,1297.4917141254637,27.46967231275547,5589.966856501855,1550,839,711,54.12903225806451,2.0269367044031124,2.879582946682577,MUTATED
1025,Gen 1025: ترايلينغ S2 = 1.19 ATR,1297.4917141254637,27.46967231275547,5589.966856501855,1550,839,711,54.12903225806451,2.0269367044031124,2.879582946682577,MUTATED
1026,Gen 1026: ترايلينغ S2 = 1.13 ATR,1297.4917141254637,27.46967231275547,5589.966856501855,1550,839,711,54.12903225806451,2.0269367044031124,2.879582946682577,MUTATED
1027,Gen 1027: ترايلينغ S2 = 1.03 ATR,1297.4917141254637,27.46967231275547,5589.966856501855,1550,839,711,54.12903225806451,2.0269367044031124,2.879582946682577,MUTATED
1028,Gen 1028: ترايلينغ S2 = 1.25 ATR,1297.4917141254637,27.46967231275547,5589.966856501855,1550,839,711,54.12903225806451,2.0269367044031124,2.879582946682577,MUTATED
1029,Gen 1029: ترايلينغ S2 = 1.25 ATR,1297.4917141254637,27.46967231275547,5589.966856501855,1550,839,711,54.12903225806451,2.0269367044031124,2.879582946682577,MUTATED
1030,Gen 1030: ترايلينغ S2 = 1.11 ATR,1297.4917141254637,27.46967231275547,5589.966856501855,1550,839,711,54.12903225806451,2.0269367044031124,2.879582946682577,MUTATED
1031,Gen 1031: ترايلينغ S2 = 1.19 ATR,1297.4917141254637,27.46967231275547,5589.966856501855,1550,839,711,54.12903225806451,2.0269367044031124,2.879582946682577,MUTATED
1032,Gen 1032: ترايلينغ S2 = 0.98 ATR,1297.4917141254637,27.46967231275547,5589.966856501855,1550,839,711,54.12903225806451,2.0269367044031124,2.879582946682577,MUTATED
1033,Gen 1033: ترايلينغ S2 = 1.21 ATR,1297.4917141254637,27.46967231275547,5589.966856501855,1550,839,711,54.12903225806451,2.0269367044031124,2.879582946682577,MUTATED
1034,Gen 1034: ترايلينغ S2 = 0.99 ATR,1297.4917141254637,27.46967231275547,5589.966856501855,1550,839,711,54.12903225806451,2.0269367044031124,2.879582946682577,MUTATED
1035,Gen 1035: ترايلينغ S2 = 1.06 ATR,1297.4917141254637,27.46967231275547,5589.966856501855,1550,839,711,54.12903225806451,2.0269367044031124,2.879582946682577,MUTATED
1036,Gen 1036: ترايلينغ S2 = 1.19 ATR,1297.4917141254637,27.46967231275547,5589.966856501855,1550,839,711,54.12903225806451,2.0269367044031124,2.879582946682577,MUTATED
1037,Gen 1037: ترايلينغ S2 = 1.13 ATR,1297.4917141254637,27.46967231275547,5589.966856501855,1550,839,711,54.12903225806451,2.0269367044031124,2.879582946682577,MUTATED
1038,Gen 1038: ترايلينغ S2 = 0.95 ATR,1298.4182413641347,27.46795835057515,5593.672965456539,1549,839,710,54.163976759199485,2.027760277606684,2.877933466844048,ADOPTED
1039,Gen 1039: ترايلينغ S2 = 1.03 ATR,1298.4182413641347,27.46795835057515,5593.672965456539,1549,839,710,54.163976759199485,2.027760277606684,2.877933466844048,MUTATED
1040,Gen 1040: ترايلينغ S2 = 0.99 ATR,1298.4182413641347,27.46795835057515,5593.672965456539,1549,839,710,54.163976759199485,2.027760277606684,2.877933466844048,MUTATED
1041,Gen 1041: ترايلينغ S2 = 1.08 ATR,1298.4182413641347,27.46795835057515,5593.672965456539,1549,839,710,54.163976759199485,2.027760277606684,2.877933466844048,MUTATED
1042,Gen 1042: ترايلينغ S2 = 0.98 ATR,1298.4182413641347,27.46795835057515,5593.672965456539,1549,839,710,54.163976759199485,2.027760277606684,2.877933466844048,MUTATED
1043,Gen 1043: ترايلينغ S2 = 0.97 ATR,1298.4182413641347,27.46795835057515,5593.672965456539,1549,839,710,54.163976759199485,2.027760277606684,2.877933466844048,MUTATED
1044,Gen 1044: ترايلينغ S2 = 1.08 ATR,1298.4182413641347,27.46795835057515,5593.672965456539,1549,839,710,54.163976759199485,2.027760277606684,2.877933466844048,MUTATED
1045,Gen 1045: ترايلينغ S2 = 1.06 ATR,1298.4182413641347,27.46795835057515,5593.672965456539,1549,839,710,54.163976759199485,2.027760277606684,2.877933466844048,MUTATED
1046,Gen 1046: ترايلينغ S2 = 1.13 ATR,1298.4182413641347,27.46795835057515,5593.672965456539,1549,839,710,54.163976759199485,2.027760277606684,2.877933466844048,MUTATED
1047,Gen 1047: ترايلينغ S2 = 1.09 ATR,1298.4182413641347,27.46795835057515,5593.672965456539,1549,839,710,54.163976759199485,2.027760277606684,2.877933466844048,MUTATED
1048,Gen 1048: ترايلينغ S2 = 1.02 ATR,1298.4182413641347,27.46795835057515,5593.672965456539,1549,839,710,54.163976759199485,2.027760277606684,2.877933466844048,MUTATED
1049,Gen 1049: ترايلينغ S2 = 1.13 ATR,1298.4182413641347,27.46795835057515,5593.672965456539,1549,839,710,54.163976759199485,2.027760277606684,2.877933466844048,MUTATED
1050,Gen 1050: ترايلينغ S2 = 1.17 ATR,1298.4182413641347,27.46795835057515,5593.672965456539,1549,839,710,54.163976759199485,2.027760277606684,2.877933466844048,MUTATED
1051,Gen 1051: ترايلينغ S2 = 1.22 ATR,1298.4182413641347,27.46795835057515,5593.672965456539,1549,839,710,54.163976759199485,2.027760277606684,2.877933466844048,MUTATED
1052,Gen 1052: ترايلينغ S2 = 1.15 ATR,1298.4182413641347,27.46795835057515,5593.672965456539,1549,839,710,54.163976759199485,2.027760277606684,2.877933466844048,MUTATED
1053,Gen 1053: ترايلينغ S2 = 1.04 ATR,1298.4182413641347,27.46795835057515,5593.672965456539,1549,839,710,54.163976759199485,2.027760277606684,2.877933466844048,MUTATED
1054,Gen 1054: ترايلينغ S2 = 1.14 ATR,1298.4182413641347,27.46795835057515,5593.672965456539,1549,839,710,54.163976759199485,2.027760277606684,2.877933466844048,MUTATED
1055,Gen 1055: ترايلينغ S2 = 0.96 ATR,1298.4182413641347,27.46795835057515,5593.672965456539,1549,839,710,54.163976759199485,2.027760277606684,2.877933466844048,MUTATED
1056,Gen 1056: ترايلينغ S2 = 1.25 ATR,1298.4182413641347,27.46795835057515,5593.672965456539,1549,839,710,54.163976759199485,2.027760277606684,2.877933466844048,MUTATED
1057,Gen 1057: ترايلينغ S2 = 1.2 ATR,1298.4182413641347,27.46795835057515,5593.672965456539,1549,839,710,54.163976759199485,2.027760277606684,2.877933466844048,MUTATED
1058,Gen 1058: ترايلينغ S2 = 1.08 ATR,1298.4182413641347,27.46795835057515,5593.672965456539,1549,839,710,54.163976759199485,2.027760277606684,2.877933466844048,MUTATED
1059,Gen 1059: ترايلينغ S2 = 0.98 ATR,1298.4182413641347,27.46795835057515,5593.672965456539,1549,839,710,54.163976759199485,2.027760277606684,2.877933466844048,MUTATED
1060,Gen 1060: ترايلينغ S2 = 1.16 ATR,1298.4182413641347,27.46795835057515,5593.672965456539,1549,839,710,54.163976759199485,2.027760277606684,2.877933466844048,MUTATED
1061,Gen 1061: ترايلينغ S2 = 1.08 ATR,1298.4182413641347,27.46795835057515,5593.672965456539,1549,839,710,54.163976759199485,2.027760277606684,2.877933466844048,MUTATED
1062,Gen 1062: ترايلينغ S2 = 1.22 ATR,1298.4182413641347,27.46795835057515,5593.672965456539,1549,839,710,54.163976759199485,2.027760277606684,2.877933466844048,MUTATED
1063,Gen 1063: ترايلينغ S2 = 1.05 ATR,1298.4182413641347,27.46795835057515,5593.672965456539,1549,839,710,54.163976759199485,2.027760277606684,2.877933466844048,MUTATED
1064,Gen 1064: ترايلينغ S2 = 0.99 ATR,1298.4182413641347,27.46795835057515,5593.672965456539,1549,839,710,54.163976759199485,2.027760277606684,2.877933466844048,MUTATED
1065,Gen 1065: ترايلينغ S2 = 0.99 ATR,1298.4182413641347,27.46795835057515,5593.672965456539,1549,839,710,54.163976759199485,2.027760277606684,2.877933466844048,MUTATED
1066,Gen 1066: ترايلينغ S2 = 1.14 ATR,1298.4182413641347,27.46795835057515,5593.672965456539,1549,839,710,54.163976759199485,2.027760277606684,2.877933466844048,MUTATED
1067,Gen 1067: ترايلينغ S2 = 1.13 ATR,1298.4182413641347,27.46795835057515,5593.672965456539,1549,839,710,54.163976759199485,2.027760277606684,2.877933466844048,MUTATED
1068,Gen 1068: ترايلينغ S2 = 1.16 ATR,1298.4182413641347,27.46795835057515,5593.672965456539,1549,839,710,54.163976759199485,2.027760277606684,2.877933466844048,MUTATED
1069,Gen 1069: ترايلينغ S2 = 1.06 ATR,1298.4182413641347,27.46795835057515,5593.672965456539,1549,839,710,54.163976759199485,2.027760277606684,2.877933466844048,MUTATED
1070,Gen 1070: ترايلينغ S2 = 1.13 ATR,1298.4182413641347,27.46795835057515,5593.672965456539,1549,839,710,54.163976759199485,2.027760277606684,2.877933466844048,MUTATED
1071,Gen 1071: ترايلينغ S2 = 1.04 ATR,1298.4182413641347,27.46795835057515,5593.672965456539,1549,839,710,54.163976759199485,2.027760277606684,2.877933466844048,MUTATED
1072,Gen 1072: ترايلينغ S2 = 1.1 ATR,1298.4182413641347,27.46795835057515,5593.672965456539,1549,839,710,54.163976759199485,2.027760277606684,2.877933466844048,MUTATED
1073,Gen 1073: ترايلينغ S2 = 1.08 ATR,1298.4182413641347,27.46795835057515,5593.672965456539,1549,839,710,54.163976759199485,2.027760277606684,2.877933466844048,MUTATED
1074,Gen 1074: ترايلينغ S2 = 1.19 ATR,1298.4182413641347,27.46795835057515,5593.672965456539,1549,839,710,54.163976759199485,2.027760277606684,2.877933466844048,MUTATED
1075,Gen 1075: ترايلينغ S2 = 0.98 ATR,1298.4182413641347,27.46795835057515,5593.672965456539,1549,839,710,54.163976759199485,2.027760277606684,2.877933466844048,MUTATED
1076,Gen 1076: ترايلينغ S2 = 1.15 ATR,1298.4182413641347,27.46795835057515,5593.672965456539,1549,839,710,54.163976759199485,2.027760277606684,2.877933466844048,MUTATED
1077,Gen 1077: ترايلينغ S2 = 1.21 ATR,1298.4182413641347,27.46795835057515,5593.672965456539,1549,839,710,54.163976759199485,2.027760277606684,2.877933466844048,MUTATED
1078,Gen 1078: ترايلينغ S2 = 1.12 ATR,1298.4182413641347,27.46795835057515,5593.672965456539,1549,839,710,54.163976759199485,2.027760277606684,2.877933466844048,MUTATED
1079,Gen 1079: ترايلينغ S2 = 1.21 ATR,1298.4182413641347,27.46795835057515,5593.672965456539,1549,839,710,54.163976759199485,2.027760277606684,2.877933466844048,MUTATED
1080,Gen 1080: ترايلينغ S2 = 1.08 ATR,1298.4182413641347,27.46795835057515,5593.672965456539,1549,839,710,54.163976759199485,2.027760277606684,2.877933466844048,MUTATED
1081,Gen 1081: ترايلينغ S2 = 1.22 ATR,1298.4182413641347,27.46795835057515,5593.672965456539,1549,839,710,54.163976759199485,2.027760277606684,2.877933466844048,MUTATED
1082,Gen 1082: ترايلينغ S2 = 1.07 ATR,1298.4182413641347,27.46795835057515,5593.672965456539,1549,839,710,54.163976759199485,2.027760277606684,2.877933466844048,MUTATED
1083,Gen 1083: ترايلينغ S2 = 1.2 ATR,1298.4182413641347,27.46795835057515,5593.672965456539,1549,839,710,54.163976759199485,2.027760277606684,2.877933466844048,MUTATED
1084,Gen 1084: ترايلينغ S2 = 1.07 ATR,1298.4182413641347,27.46795835057515,5593.672965456539,1549,839,710,54.163976759199485,2.027760277606684,2.877933466844048,MUTATED
1085,Gen 1085: ترايلينغ S2 = 1.17 ATR,1298.4182413641347,27.46795835057515,5593.672965456539,1549,839,710,54.163976759199485,2.027760277606684,2.877933466844048,MUTATED
1086,Gen 1086: ترايلينغ S2 = 1.04 ATR,1298.4182413641347,27.46795835057515,5593.672965456539,1549,839,710,54.163976759199485,2.027760277606684,2.877933466844048,MUTATED
1087,Gen 1087: ترايلينغ S2 = 1.04 ATR,1298.4182413641347,27.46795835057515,5593.672965456539,1549,839,710,54.163976759199485,2.027760277606684,2.877933466844048,MUTATED
1088,Gen 1088: ترايلينغ S2 = 1.03 ATR,1298.4182413641347,27.46795835057515,5593.672965456539,1549,839,710,54.163976759199485,2.027760277606684,2.877933466844048,MUTATED
1089,Gen 1089: ترايلينغ S2 = 1.24 ATR,1298.4182413641347,27.46795835057515,5593.672965456539,1549,839,710,54.163976759199485,2.027760277606684,2.877933466844048,MUTATED
1090,Gen 1090: ترايلينغ S2 = 1.16 ATR,1298.4182413641347,27.46795835057515,5593.672965456539,1549,839,710,54.163976759199485,2.027760277606684,2.877933466844048,MUTATED
1091,Gen 1091: ترايلينغ S2 = 1.09 ATR,1298.4182413641347,27.46795835057515,5593.672965456539,1549,839,710,54.163976759199485,2.027760277606684,2.877933466844048,MUTATED
1092,Gen 1092: ترايلينغ S2 = 0.98 ATR,1298.4182413641347,27.46795835057515,5593.672965456539,1549,839,710,54.163976759199485,2.027760277606684,2.877933466844048,MUTATED
1093,Gen 1093: ترايلينغ S2 = 0.98 ATR,1298.4182413641347,27.46795835057515,5593.672965456539,1549,839,710,54.163976759199485,2.027760277606684,2.877933466844048,MUTATED
1094,Gen 1094: ترايلينغ S2 = 1.08 ATR,1298.4182413641347,27.46795835057515,5593.672965456539,1549,839,710,54.163976759199485,2.027760277606684,2.877933466844048,MUTATED
1095,Gen 1095: ترايلينغ S2 = 1.17 ATR,1298.4182413641347,27.46795835057515,5593.672965456539,1549,839,710,54.163976759199485,2.027760277606684,2.877933466844048,MUTATED
1096,Gen 1096: ترايلينغ S2 = 1.06 ATR,1298.4182413641347,27.46795835057515,5593.672965456539,1549,839,710,54.163976759199485,2.027760277606684,2.877933466844048,MUTATED
1097,Gen 1097: ترايلينغ S2 = 0.99 ATR,1298.4182413641347,27.46795835057515,5593.672965456539,1549,839,710,54.163976759199485,2.027760277606684,2.877933466844048,MUTATED
1098,Gen 1098: ترايلينغ S2 = 0.97 ATR,1298.4182413641347,27.46795835057515,5593.672965456539,1549,839,710,54.163976759199485,2.027760277606684,2.877933466844048,MUTATED
1099,Gen 1099: ترايلينغ S2 = 1.24 ATR,1298.4182413641347,27.46795835057515,5593.672965456539,1549,839,710,54.163976759199485,2.027760277606684,2.877933466844048,MUTATED
1100,Gen 1100: ترايلينغ S2 = 1.12 ATR,1298.4182413641347,27.46795835057515,5593.672965456539,1549,839,710,54.163976759199485,2.027760277606684,2.877933466844048,MUTATED
1101,Gen 1101: تصعيد P1 = 4.54 ATR (12%),1298.4182413641347,27.46795835057515,5593.672965456539,1549,839,710,54.163976759199485,2.027760277606684,2.877933466844048,MUTATED
1102,Gen 1102: تصعيد P1 = 4.64 ATR (14%),1298.4182413641347,27.46795835057515,5593.672965456539,1549,839,710,54.163976759199485,2.027760277606684,2.877933466844048,MUTATED
1103,Gen 1103: تصعيد P1 = 4.41 ATR (14%),1298.4182413641347,27.46795835057515,5593.672965456539,1549,839,710,54.163976759199485,2.027760277606684,2.877933466844048,MUTATED
1104,Gen 1104: تصعيد P1 = 4.23 ATR (11%),1298.4182413641347,27.46795835057515,5593.672965456539,1549,839,710,54.163976759199485,2.027760277606684,2.877933466844048,MUTATED
1105,Gen 1105: تصعيد P1 = 4.36 ATR (10%),1298.4182413641347,27.46795835057515,5593.672965456539,1549,839,710,54.163976759199485,2.027760277606684,2.877933466844048,MUTATED
1106,Gen 1106: تصعيد P1 = 4.45 ATR (11%),1298.4182413641347,27.46795835057515,5593.672965456539,1549,839,710,54.163976759199485,2.027760277606684,2.877933466844048,MUTATED
1107,Gen 1107: تصعيد P1 = 4.44 ATR (13%),1298.4182413641347,27.46795835057515,5593.672965456539,1549,839,710,54.163976759199485,2.027760277606684,2.877933466844048,MUTATED
1108,Gen 1108: تصعيد P1 = 4.38 ATR (12%),1298.4182413641347,27.46795835057515,5593.672965456539,1549,839,710,54.163976759199485,2.027760277606684,2.877933466844048,MUTATED
1109,Gen 1109: تصعيد P1 = 4.26 ATR (11%),1298.4182413641347,27.46795835057515,5593.672965456539,1549,839,710,54.163976759199485,2.027760277606684,2.877933466844048,MUTATED
1110,Gen 1110: تصعيد P1 = 4.31 ATR (12%),1298.4182413641347,27.46795835057515,5593.672965456539,1549,839,710,54.163976759199485,2.027760277606684,2.877933466844048,MUTATED
1111,Gen 1111: تصعيد P1 = 4.48 ATR (13%),1304.5330548779011,27.459069533395347,5618.1322195116045,1547,838,709,54.16936005171299,2.026425728740409,2.8745731315903287,ADOPTED
1112,Gen 1112: تصعيد P1 = 4.51 ATR (13%),1305.048302611899,27.459069533395347,5620.193210447596,1546,838,708,54.20439844760673,2.026672778892648,2.875210184903944,ADOPTED
1113,Gen 1113: تصعيد P1 = 4.48 ATR (12%),1305.048302611899,27.459069533395347,5620.193210447596,1546,838,708,54.20439844760673,2.026672778892648,2.875210184903944,MUTATED
1114,Gen 1114: تصعيد P1 = 4.53 ATR (13%),1305.048302611899,27.459069533395347,5620.193210447596,1546,838,708,54.20439844760673,2.026672778892648,2.875210184903944,MUTATED
1115,Gen 1115: تصعيد P1 = 4.21 ATR (11%),1305.048302611899,27.459069533395347,5620.193210447596,1546,838,708,54.20439844760673,2.026672778892648,2.875210184903944,MUTATED
1116,Gen 1116: تصعيد P1 = 4.58 ATR (14%),1305.048302611899,27.459069533395347,5620.193210447596,1546,838,708,54.20439844760673,2.026672778892648,2.875210184903944,MUTATED
1117,Gen 1117: تصعيد P1 = 4.38 ATR (11%),1305.048302611899,27.459069533395347,5620.193210447596,1546,838,708,54.20439844760673,2.026672778892648,2.875210184903944,MUTATED
1118,Gen 1118: تصعيد P1 = 4.27 ATR (13%),1305.048302611899,27.459069533395347,5620.193210447596,1546,838,708,54.20439844760673,2.026672778892648,2.875210184903944,MUTATED
1119,Gen 1119: تصعيد P1 = 4.23 ATR (13%),1305.048302611899,27.459069533395347,5620.193210447596,1546,838,708,54.20439844760673,2.026672778892648,2.875210184903944,MUTATED
1120,Gen 1120: تصعيد P1 = 4.69 ATR (10%),1305.048302611899,27.459069533395347,5620.193210447596,1546,838,708,54.20439844760673,2.026672778892648,2.875210184903944,MUTATED
1121,Gen 1121: تصعيد P1 = 4.47 ATR (12%),1305.048302611899,27.459069533395347,5620.193210447596,1546,838,708,54.20439844760673,2.026672778892648,2.875210184903944,MUTATED
1122,Gen 1122: تصعيد P1 = 4.43 ATR (11%),1305.048302611899,27.459069533395347,5620.193210447596,1546,838,708,54.20439844760673,2.026672778892648,2.875210184903944,MUTATED
1123,Gen 1123: تصعيد P1 = 4.36 ATR (11%),1305.048302611899,27.459069533395347,5620.193210447596,1546,838,708,54.20439844760673,2.026672778892648,2.875210184903944,MUTATED
1124,Gen 1124: تصعيد P1 = 4.67 ATR (12%),1305.048302611899,27.459069533395347,5620.193210447596,1546,838,708,54.20439844760673,2.026672778892648,2.875210184903944,MUTATED
1125,Gen 1125: تصعيد P1 = 4.64 ATR (11%),1305.048302611899,27.459069533395347,5620.193210447596,1546,838,708,54.20439844760673,2.026672778892648,2.875210184903944,MUTATED
1126,Gen 1126: تصعيد P1 = 4.58 ATR (10%),1305.048302611899,27.459069533395347,5620.193210447596,1546,838,708,54.20439844760673,2.026672778892648,2.875210184903944,MUTATED
1127,Gen 1127: تصعيد P1 = 4.24 ATR (12%),1305.048302611899,27.459069533395347,5620.193210447596,1546,838,708,54.20439844760673,2.026672778892648,2.875210184903944,MUTATED
1128,Gen 1128: تصعيد P1 = 4.41 ATR (12%),1305.048302611899,27.459069533395347,5620.193210447596,1546,838,708,54.20439844760673,2.026672778892648,2.875210184903944,MUTATED
1129,Gen 1129: تصعيد P1 = 4.41 ATR (11%),1305.048302611899,27.459069533395347,5620.193210447596,1546,838,708,54.20439844760673,2.026672778892648,2.875210184903944,MUTATED
1130,Gen 1130: تصعيد P1 = 4.46 ATR (11%),1305.048302611899,27.459069533395347,5620.193210447596,1546,838,708,54.20439844760673,2.026672778892648,2.875210184903944,MUTATED
1131,Gen 1131: تصعيد P1 = 4.26 ATR (13%),1305.048302611899,27.459069533395347,5620.193210447596,1546,838,708,54.20439844760673,2.026672778892648,2.875210184903944,MUTATED
1132,Gen 1132: تصعيد P1 = 4.5 ATR (12%),1305.048302611899,27.459069533395347,5620.193210447596,1546,838,708,54.20439844760673,2.026672778892648,2.875210184903944,MUTATED
1133,Gen 1133: تصعيد P1 = 4.35 ATR (11%),1305.048302611899,27.459069533395347,5620.193210447596,1546,838,708,54.20439844760673,2.026672778892648,2.875210184903944,MUTATED
1134,Gen 1134: تصعيد P1 = 4.69 ATR (10%),1305.048302611899,27.459069533395347,5620.193210447596,1546,838,708,54.20439844760673,2.026672778892648,2.875210184903944,MUTATED
1135,Gen 1135: تصعيد P1 = 4.3 ATR (14%),1305.048302611899,27.459069533395347,5620.193210447596,1546,838,708,54.20439844760673,2.026672778892648,2.875210184903944,MUTATED
1136,Gen 1136: تصعيد P1 = 4.58 ATR (13%),1305.048302611899,27.459069533395347,5620.193210447596,1546,838,708,54.20439844760673,2.026672778892648,2.875210184903944,MUTATED
1137,Gen 1137: تصعيد P1 = 4.34 ATR (10%),1305.048302611899,27.459069533395347,5620.193210447596,1546,838,708,54.20439844760673,2.026672778892648,2.875210184903944,MUTATED
1138,Gen 1138: تصعيد P1 = 4.45 ATR (12%),1305.048302611899,27.459069533395347,5620.193210447596,1546,838,708,54.20439844760673,2.026672778892648,2.875210184903944,MUTATED
1139,Gen 1139: تصعيد P1 = 4.26 ATR (12%),1305.048302611899,27.459069533395347,5620.193210447596,1546,838,708,54.20439844760673,2.026672778892648,2.875210184903944,MUTATED
1140,Gen 1140: تصعيد P1 = 4.32 ATR (12%),1305.048302611899,27.459069533395347,5620.193210447596,1546,838,708,54.20439844760673,2.026672778892648,2.875210184903944,MUTATED
1141,Gen 1141: تصعيد P1 = 4.53 ATR (11%),1305.048302611899,27.459069533395347,5620.193210447596,1546,838,708,54.20439844760673,2.026672778892648,2.875210184903944,MUTATED
1142,Gen 1142: تصعيد P1 = 4.4 ATR (13%),1305.048302611899,27.459069533395347,5620.193210447596,1546,838,708,54.20439844760673,2.026672778892648,2.875210184903944,MUTATED
1143,Gen 1143: تصعيد P1 = 4.42 ATR (12%),1305.048302611899,27.459069533395347,5620.193210447596,1546,838,708,54.20439844760673,2.026672778892648,2.875210184903944,MUTATED
1144,Gen 1144: تصعيد P1 = 4.24 ATR (11%),1305.048302611899,27.459069533395347,5620.193210447596,1546,838,708,54.20439844760673,2.026672778892648,2.875210184903944,MUTATED
1145,Gen 1145: تصعيد P1 = 4.41 ATR (12%),1305.048302611899,27.459069533395347,5620.193210447596,1546,838,708,54.20439844760673,2.026672778892648,2.875210184903944,MUTATED
1146,Gen 1146: تصعيد P1 = 4.52 ATR (11%),1305.048302611899,27.459069533395347,5620.193210447596,1546,838,708,54.20439844760673,2.026672778892648,2.875210184903944,MUTATED
1147,Gen 1147: تصعيد P1 = 4.4 ATR (14%),1305.048302611899,27.459069533395347,5620.193210447596,1546,838,708,54.20439844760673,2.026672778892648,2.875210184903944,MUTATED
1148,Gen 1148: تصعيد P1 = 4.29 ATR (14%),1305.048302611899,27.459069533395347,5620.193210447596,1546,838,708,54.20439844760673,2.026672778892648,2.875210184903944,MUTATED
1149,Gen 1149: تصعيد P1 = 4.43 ATR (13%),1305.048302611899,27.459069533395347,5620.193210447596,1546,838,708,54.20439844760673,2.026672778892648,2.875210184903944,MUTATED
1150,Gen 1150: تصعيد P1 = 4.38 ATR (12%),1305.048302611899,27.459069533395347,5620.193210447596,1546,838,708,54.20439844760673,2.026672778892648,2.875210184903944,MUTATED
1151,Gen 1151: تصعيد P1 = 4.25 ATR (12%),1305.048302611899,27.459069533395347,5620.193210447596,1546,838,708,54.20439844760673,2.026672778892648,2.875210184903944,MUTATED
1152,Gen 1152: تصعيد P1 = 4.4 ATR (10%),1305.048302611899,27.459069533395347,5620.193210447596,1546,838,708,54.20439844760673,2.026672778892648,2.875210184903944,MUTATED
1153,Gen 1153: تصعيد P1 = 4.64 ATR (13%),1305.048302611899,27.459069533395347,5620.193210447596,1546,838,708,54.20439844760673,2.026672778892648,2.875210184903944,MUTATED
1154,Gen 1154: تصعيد P1 = 4.31 ATR (13%),1305.048302611899,27.459069533395347,5620.193210447596,1546,838,708,54.20439844760673,2.026672778892648,2.875210184903944,MUTATED
1155,Gen 1155: تصعيد P1 = 4.24 ATR (13%),1305.048302611899,27.459069533395347,5620.193210447596,1546,838,708,54.20439844760673,2.026672778892648,2.875210184903944,MUTATED
1156,Gen 1156: تصعيد P1 = 4.47 ATR (11%),1305.048302611899,27.459069533395347,5620.193210447596,1546,838,708,54.20439844760673,2.026672778892648,2.875210184903944,MUTATED
1157,Gen 1157: تصعيد P1 = 4.59 ATR (11%),1305.048302611899,27.459069533395347,5620.193210447596,1546,838,708,54.20439844760673,2.026672778892648,2.875210184903944,MUTATED
1158,Gen 1158: تصعيد P1 = 4.68 ATR (13%),1305.048302611899,27.459069533395347,5620.193210447596,1546,838,708,54.20439844760673,2.026672778892648,2.875210184903944,MUTATED
1159,Gen 1159: تصعيد P1 = 4.27 ATR (10%),1305.048302611899,27.459069533395347,5620.193210447596,1546,838,708,54.20439844760673,2.026672778892648,2.875210184903944,MUTATED
1160,Gen 1160: تصعيد P1 = 4.33 ATR (11%),1305.048302611899,27.459069533395347,5620.193210447596,1546,838,708,54.20439844760673,2.026672778892648,2.875210184903944,MUTATED
1161,Gen 1161: تصعيد P1 = 4.28 ATR (13%),1305.048302611899,27.459069533395347,5620.193210447596,1546,838,708,54.20439844760673,2.026672778892648,2.875210184903944,MUTATED
1162,Gen 1162: تصعيد P1 = 4.24 ATR (14%),1305.048302611899,27.459069533395347,5620.193210447596,1546,838,708,54.20439844760673,2.026672778892648,2.875210184903944,MUTATED
1163,Gen 1163: تصعيد P1 = 4.51 ATR (12%),1305.048302611899,27.459069533395347,5620.193210447596,1546,838,708,54.20439844760673,2.026672778892648,2.875210184903944,MUTATED
1164,Gen 1164: تصعيد P1 = 4.48 ATR (12%),1305.048302611899,27.459069533395347,5620.193210447596,1546,838,708,54.20439844760673,2.026672778892648,2.875210184903944,MUTATED
1165,Gen 1165: تصعيد P1 = 4.54 ATR (14%),1305.048302611899,27.459069533395347,5620.193210447596,1546,838,708,54.20439844760673,2.026672778892648,2.875210184903944,MUTATED
1166,Gen 1166: تصعيد P1 = 4.52 ATR (14%),1305.048302611899,27.459069533395347,5620.193210447596,1546,838,708,54.20439844760673,2.026672778892648,2.875210184903944,MUTATED
1167,Gen 1167: تصعيد P1 = 4.36 ATR (14%),1305.048302611899,27.459069533395347,5620.193210447596,1546,838,708,54.20439844760673,2.026672778892648,2.875210184903944,MUTATED
1168,Gen 1168: تصعيد P1 = 4.36 ATR (12%),1305.048302611899,27.459069533395347,5620.193210447596,1546,838,708,54.20439844760673,2.026672778892648,2.875210184903944,MUTATED
1169,Gen 1169: تصعيد P1 = 4.43 ATR (13%),1305.048302611899,27.459069533395347,5620.193210447596,1546,838,708,54.20439844760673,2.026672778892648,2.875210184903944,MUTATED
1170,Gen 1170: تصعيد P1 = 4.6 ATR (12%),1305.048302611899,27.459069533395347,5620.193210447596,1546,838,708,54.20439844760673,2.026672778892648,2.875210184903944,MUTATED
1171,Gen 1171: تصعيد P1 = 4.38 ATR (10%),1305.048302611899,27.459069533395347,5620.193210447596,1546,838,708,54.20439844760673,2.026672778892648,2.875210184903944,MUTATED
1172,Gen 1172: تصعيد P1 = 4.43 ATR (10%),1305.048302611899,27.459069533395347,5620.193210447596,1546,838,708,54.20439844760673,2.026672778892648,2.875210184903944,MUTATED
1173,Gen 1173: تصعيد P1 = 4.38 ATR (11%),1305.048302611899,27.459069533395347,5620.193210447596,1546,838,708,54.20439844760673,2.026672778892648,2.875210184903944,MUTATED
1174,Gen 1174: تصعيد P1 = 4.52 ATR (14%),1305.048302611899,27.459069533395347,5620.193210447596,1546,838,708,54.20439844760673,2.026672778892648,2.875210184903944,MUTATED
1175,Gen 1175: تصعيد P1 = 4.25 ATR (12%),1305.048302611899,27.459069533395347,5620.193210447596,1546,838,708,54.20439844760673,2.026672778892648,2.875210184903944,MUTATED
1176,Gen 1176: تصعيد P1 = 4.39 ATR (12%),1305.048302611899,27.459069533395347,5620.193210447596,1546,838,708,54.20439844760673,2.026672778892648,2.875210184903944,MUTATED
1177,Gen 1177: تصعيد P1 = 4.68 ATR (13%),1305.048302611899,27.459069533395347,5620.193210447596,1546,838,708,54.20439844760673,2.026672778892648,2.875210184903944,MUTATED
1178,Gen 1178: تصعيد P1 = 4.22 ATR (14%),1305.048302611899,27.459069533395347,5620.193210447596,1546,838,708,54.20439844760673,2.026672778892648,2.875210184903944,MUTATED
1179,Gen 1179: تصعيد P1 = 4.49 ATR (11%),1305.048302611899,27.459069533395347,5620.193210447596,1546,838,708,54.20439844760673,2.026672778892648,2.875210184903944,MUTATED
1180,Gen 1180: تصعيد P1 = 4.5 ATR (12%),1305.048302611899,27.459069533395347,5620.193210447596,1546,838,708,54.20439844760673,2.026672778892648,2.875210184903944,MUTATED
1181,Gen 1181: تصعيد P1 = 4.68 ATR (12%),1305.048302611899,27.459069533395347,5620.193210447596,1546,838,708,54.20439844760673,2.026672778892648,2.875210184903944,MUTATED
1182,Gen 1182: تصعيد P1 = 4.61 ATR (13%),1305.048302611899,27.459069533395347,5620.193210447596,1546,838,708,54.20439844760673,2.026672778892648,2.875210184903944,MUTATED
1183,Gen 1183: تصعيد P1 = 4.69 ATR (10%),1305.048302611899,27.459069533395347,5620.193210447596,1546,838,708,54.20439844760673,2.026672778892648,2.875210184903944,MUTATED
1184,Gen 1184: تصعيد P1 = 4.52 ATR (10%),1305.048302611899,27.459069533395347,5620.193210447596,1546,838,708,54.20439844760673,2.026672778892648,2.875210184903944,MUTATED
1185,Gen 1185: تصعيد P1 = 4.55 ATR (14%),1305.048302611899,27.459069533395347,5620.193210447596,1546,838,708,54.20439844760673,2.026672778892648,2.875210184903944,MUTATED
1186,Gen 1186: تصعيد P1 = 4.46 ATR (12%),1305.048302611899,27.459069533395347,5620.193210447596,1546,838,708,54.20439844760673,2.026672778892648,2.875210184903944,MUTATED
1187,Gen 1187: تصعيد P1 = 4.38 ATR (14%),1305.048302611899,27.459069533395347,5620.193210447596,1546,838,708,54.20439844760673,2.026672778892648,2.875210184903944,MUTATED
1188,Gen 1188: تصعيد P1 = 4.39 ATR (13%),1305.048302611899,27.459069533395347,5620.193210447596,1546,838,708,54.20439844760673,2.026672778892648,2.875210184903944,MUTATED
1189,Gen 1189: تصعيد P1 = 4.54 ATR (10%),1305.048302611899,27.459069533395347,5620.193210447596,1546,838,708,54.20439844760673,2.026672778892648,2.875210184903944,MUTATED
1190,Gen 1190: تصعيد P1 = 4.52 ATR (11%),1305.048302611899,27.459069533395347,5620.193210447596,1546,838,708,54.20439844760673,2.026672778892648,2.875210184903944,MUTATED
1191,Gen 1191: تصعيد P1 = 4.36 ATR (12%),1305.048302611899,27.459069533395347,5620.193210447596,1546,838,708,54.20439844760673,2.026672778892648,2.875210184903944,MUTATED
1192,Gen 1192: تصعيد P1 = 4.39 ATR (11%),1305.048302611899,27.459069533395347,5620.193210447596,1546,838,708,54.20439844760673,2.026672778892648,2.875210184903944,MUTATED
1193,Gen 1193: تصعيد P1 = 4.63 ATR (14%),1305.048302611899,27.459069533395347,5620.193210447596,1546,838,708,54.20439844760673,2.026672778892648,2.875210184903944,MUTATED
1194,Gen 1194: تصعيد P1 = 4.5 ATR (11%),1305.048302611899,27.459069533395347,5620.193210447596,1546,838,708,54.20439844760673,2.026672778892648,2.875210184903944,MUTATED
1195,Gen 1195: تصعيد P1 = 4.24 ATR (13%),1305.048302611899,27.459069533395347,5620.193210447596,1546,838,708,54.20439844760673,2.026672778892648,2.875210184903944,MUTATED
1196,Gen 1196: تصعيد P1 = 4.66 ATR (11%),1305.048302611899,27.459069533395347,5620.193210447596,1546,838,708,54.20439844760673,2.026672778892648,2.875210184903944,MUTATED
1197,Gen 1197: تصعيد P1 = 4.53 ATR (13%),1305.048302611899,27.459069533395347,5620.193210447596,1546,838,708,54.20439844760673,2.026672778892648,2.875210184903944,MUTATED
1198,Gen 1198: تصعيد P1 = 4.26 ATR (13%),1305.048302611899,27.459069533395347,5620.193210447596,1546,838,708,54.20439844760673,2.026672778892648,2.875210184903944,MUTATED
1199,Gen 1199: تصعيد P1 = 4.24 ATR (12%),1305.048302611899,27.459069533395347,5620.193210447596,1546,838,708,54.20439844760673,2.026672778892648,2.875210184903944,MUTATED
1200,Gen 1200: تصعيد P1 = 4.52 ATR (11%),1305.048302611899,27.459069533395347,5620.193210447596,1546,838,708,54.20439844760673,2.026672778892648,2.875210184903944,MUTATED
1201,Gen 1201: ضبط الوقف P1 = 1.895 ATR,1315.2108650090022,27.46573534176277,5660.843460036009,1546,838,708,54.20439844760673,2.0300048745160755,2.883529020818226,ADOPTED
1202,Gen 1202: ضبط الوقف P1 = 1.918 ATR,1315.2108650090022,27.46573534176277,5660.843460036009,1546,838,708,54.20439844760673,2.0300048745160755,2.883529020818226,MUTATED
1203,Gen 1203: ضبط الوقف P1 = 1.928 ATR,1315.2108650090022,27.46573534176277,5660.843460036009,1546,838,708,54.20439844760673,2.0300048745160755,2.883529020818226,MUTATED
1204,Gen 1204: ضبط الوقف P1 = 1.93 ATR,1315.2108650090022,27.46573534176277,5660.843460036009,1546,838,708,54.20439844760673,2.0300048745160755,2.883529020818226,MUTATED
1205,Gen 1205: ضبط الوقف P1 = 1.926 ATR,1315.2108650090022,27.46573534176277,5660.843460036009,1546,838,708,54.20439844760673,2.0300048745160755,2.883529020818226,MUTATED
1206,Gen 1206: ضبط الوقف P1 = 1.894 ATR,1315.2108650090022,27.46573534176277,5660.843460036009,1546,838,708,54.20439844760673,2.0300048745160755,2.883529020818226,MUTATED
1207,Gen 1207: ضبط الوقف P1 = 1.917 ATR,1315.2108650090022,27.46573534176277,5660.843460036009,1546,838,708,54.20439844760673,2.0300048745160755,2.883529020818226,MUTATED
1208,Gen 1208: ضبط الوقف P1 = 1.91 ATR,1315.2108650090022,27.46573534176277,5660.843460036009,1546,838,708,54.20439844760673,2.0300048745160755,2.883529020818226,MUTATED
1209,Gen 1209: ضبط الوقف P1 = 1.891 ATR,1315.2108650090022,27.46573534176277,5660.843460036009,1546,838,708,54.20439844760673,2.0300048745160755,2.883529020818226,MUTATED
1210,Gen 1210: ضبط الوقف P1 = 1.902 ATR,1315.2108650090022,27.46573534176277,5660.843460036009,1546,838,708,54.20439844760673,2.0300048745160755,2.883529020818226,MUTATED
1211,Gen 1211: ضبط الوقف P1 = 1.928 ATR,1315.2108650090022,27.46573534176277,5660.843460036009,1546,838,708,54.20439844760673,2.0300048745160755,2.883529020818226,MUTATED
1212,Gen 1212: ضبط الوقف P1 = 1.904 ATR,1315.2108650090022,27.46573534176277,5660.843460036009,1546,838,708,54.20439844760673,2.0300048745160755,2.883529020818226,MUTATED
1213,Gen 1213: ضبط الوقف P1 = 1.921 ATR,1315.2108650090022,27.46573534176277,5660.843460036009,1546,838,708,54.20439844760673,2.0300048745160755,2.883529020818226,MUTATED
1214,Gen 1214: ضبط الوقف P1 = 1.898 ATR,1315.2108650090022,27.46573534176277,5660.843460036009,1546,838,708,54.20439844760673,2.0300048745160755,2.883529020818226,MUTATED
1215,Gen 1215: ضبط الوقف P1 = 1.93 ATR,1315.2108650090022,27.46573534176277,5660.843460036009,1546,838,708,54.20439844760673,2.0300048745160755,2.883529020818226,MUTATED
1216,Gen 1216: ضبط الوقف P1 = 1.896 ATR,1315.2108650090022,27.46573534176277,5660.843460036009,1546,838,708,54.20439844760673,2.0300048745160755,2.883529020818226,MUTATED
1217,Gen 1217: ضبط الوقف P1 = 1.902 ATR,1315.2108650090022,27.46573534176277,5660.843460036009,1546,838,708,54.20439844760673,2.0300048745160755,2.883529020818226,MUTATED
1218,Gen 1218: ضبط الوقف P1 = 1.922 ATR,1315.2108650090022,27.46573534176277,5660.843460036009,1546,838,708,54.20439844760673,2.0300048745160755,2.883529020818226,MUTATED
1219,Gen 1219: ضبط الوقف P1 = 1.91 ATR,1315.2108650090022,27.46573534176277,5660.843460036009,1546,838,708,54.20439844760673,2.0300048745160755,2.883529020818226,MUTATED
1220,Gen 1220: ضبط الوقف P1 = 1.912 ATR,1315.2108650090022,27.46573534176277,5660.843460036009,1546,838,708,54.20439844760673,2.0300048745160755,2.883529020818226,MUTATED
1221,Gen 1221: ضبط الوقف P1 = 1.92 ATR,1315.2108650090022,27.46573534176277,5660.843460036009,1546,838,708,54.20439844760673,2.0300048745160755,2.883529020818226,MUTATED
1222,Gen 1222: ضبط الوقف P1 = 1.911 ATR,1315.2108650090022,27.46573534176277,5660.843460036009,1546,838,708,54.20439844760673,2.0300048745160755,2.883529020818226,MUTATED
1223,Gen 1223: ضبط الوقف P1 = 1.916 ATR,1315.2108650090022,27.46573534176277,5660.843460036009,1546,838,708,54.20439844760673,2.0300048745160755,2.883529020818226,MUTATED
1224,Gen 1224: ضبط الوقف P1 = 1.925 ATR,1315.2108650090022,27.46573534176277,5660.843460036009,1546,838,708,54.20439844760673,2.0300048745160755,2.883529020818226,MUTATED
1225,Gen 1225: ضبط الوقف P1 = 1.915 ATR,1315.2108650090022,27.46573534176277,5660.843460036009,1546,838,708,54.20439844760673,2.0300048745160755,2.883529020818226,MUTATED
1226,Gen 1226: ضبط الوقف P1 = 1.914 ATR,1315.2108650090022,27.46573534176277,5660.843460036009,1546,838,708,54.20439844760673,2.0300048745160755,2.883529020818226,MUTATED
1227,Gen 1227: ضبط الوقف P1 = 1.896 ATR,1315.2108650090022,27.46573534176277,5660.843460036009,1546,838,708,54.20439844760673,2.0300048745160755,2.883529020818226,MUTATED
1228,Gen 1228: ضبط الوقف P1 = 1.897 ATR,1315.2108650090022,27.46573534176277,5660.843460036009,1546,838,708,54.20439844760673,2.0300048745160755,2.883529020818226,MUTATED
1229,Gen 1229: ضبط الوقف P1 = 1.918 ATR,1315.2108650090022,27.46573534176277,5660.843460036009,1546,838,708,54.20439844760673,2.0300048745160755,2.883529020818226,MUTATED
1230,Gen 1230: ضبط الوقف P1 = 1.915 ATR,1315.2108650090022,27.46573534176277,5660.843460036009,1546,838,708,54.20439844760673,2.0300048745160755,2.883529020818226,MUTATED
1231,Gen 1231: ضبط الوقف P1 = 1.926 ATR,1315.2108650090022,27.46573534176277,5660.843460036009,1546,838,708,54.20439844760673,2.0300048745160755,2.883529020818226,MUTATED
1232,Gen 1232: ضبط الوقف P1 = 1.919 ATR,1315.2108650090022,27.46573534176277,5660.843460036009,1546,838,708,54.20439844760673,2.0300048745160755,2.883529020818226,MUTATED
1233,Gen 1233: ضبط الوقف P1 = 1.892 ATR,1315.2108650090022,27.46573534176277,5660.843460036009,1546,838,708,54.20439844760673,2.0300048745160755,2.883529020818226,MUTATED
1234,Gen 1234: ضبط الوقف P1 = 1.905 ATR,1315.2108650090022,27.46573534176277,5660.843460036009,1546,838,708,54.20439844760673,2.0300048745160755,2.883529020818226,MUTATED
1235,Gen 1235: ضبط الوقف P1 = 1.919 ATR,1315.2108650090022,27.46573534176277,5660.843460036009,1546,838,708,54.20439844760673,2.0300048745160755,2.883529020818226,MUTATED
1236,Gen 1236: ضبط الوقف P1 = 1.929 ATR,1315.2108650090022,27.46573534176277,5660.843460036009,1546,838,708,54.20439844760673,2.0300048745160755,2.883529020818226,MUTATED
1237,Gen 1237: ضبط الوقف P1 = 1.914 ATR,1315.2108650090022,27.46573534176277,5660.843460036009,1546,838,708,54.20439844760673,2.0300048745160755,2.883529020818226,MUTATED
1238,Gen 1238: ضبط الوقف P1 = 1.92 ATR,1315.2108650090022,27.46573534176277,5660.843460036009,1546,838,708,54.20439844760673,2.0300048745160755,2.883529020818226,MUTATED
1239,Gen 1239: ضبط الوقف P1 = 1.921 ATR,1315.2108650090022,27.46573534176277,5660.843460036009,1546,838,708,54.20439844760673,2.0300048745160755,2.883529020818226,MUTATED
1240,Gen 1240: ضبط الوقف P1 = 1.899 ATR,1315.2108650090022,27.46573534176277,5660.843460036009,1546,838,708,54.20439844760673,2.0300048745160755,2.883529020818226,MUTATED
1241,Gen 1241: ضبط الوقف P1 = 1.9 ATR,1315.2108650090022,27.46573534176277,5660.843460036009,1546,838,708,54.20439844760673,2.0300048745160755,2.883529020818226,MUTATED
1242,Gen 1242: ضبط الوقف P1 = 1.929 ATR,1315.2108650090022,27.46573534176277,5660.843460036009,1546,838,708,54.20439844760673,2.0300048745160755,2.883529020818226,MUTATED
1243,Gen 1243: ضبط الوقف P1 = 1.921 ATR,1315.2108650090022,27.46573534176277,5660.843460036009,1546,838,708,54.20439844760673,2.0300048745160755,2.883529020818226,MUTATED
1244,Gen 1244: ضبط الوقف P1 = 1.926 ATR,1315.2108650090022,27.46573534176277,5660.843460036009,1546,838,708,54.20439844760673,2.0300048745160755,2.883529020818226,MUTATED
1245,Gen 1245: ضبط الوقف P1 = 1.898 ATR,1315.2108650090022,27.46573534176277,5660.843460036009,1546,838,708,54.20439844760673,2.0300048745160755,2.883529020818226,MUTATED
1246,Gen 1246: ضبط الوقف P1 = 1.917 ATR,1315.2108650090022,27.46573534176277,5660.843460036009,1546,838,708,54.20439844760673,2.0300048745160755,2.883529020818226,MUTATED
1247,Gen 1247: ضبط الوقف P1 = 1.913 ATR,1315.2108650090022,27.46573534176277,5660.843460036009,1546,838,708,54.20439844760673,2.0300048745160755,2.883529020818226,MUTATED
1248,Gen 1248: ضبط الوقف P1 = 1.908 ATR,1315.2108650090022,27.46573534176277,5660.843460036009,1546,838,708,54.20439844760673,2.0300048745160755,2.883529020818226,MUTATED
1249,Gen 1249: ضبط الوقف P1 = 1.921 ATR,1315.2108650090022,27.46573534176277,5660.843460036009,1546,838,708,54.20439844760673,2.0300048745160755,2.883529020818226,MUTATED
1250,Gen 1250: ضبط الوقف P1 = 1.921 ATR,1315.2108650090022,27.46573534176277,5660.843460036009,1546,838,708,54.20439844760673,2.0300048745160755,2.883529020818226,MUTATED
1251,Gen 1251: ضبط الوقف P1 = 1.91 ATR,1315.2108650090022,27.46573534176277,5660.843460036009,1546,838,708,54.20439844760673,2.0300048745160755,2.883529020818226,MUTATED
1252,Gen 1252: ضبط الوقف P1 = 1.907 ATR,1315.2108650090022,27.46573534176277,5660.843460036009,1546,838,708,54.20439844760673,2.0300048745160755,2.883529020818226,MUTATED
1253,Gen 1253: ضبط الوقف P1 = 1.896 ATR,1315.2108650090022,27.46573534176277,5660.843460036009,1546,838,708,54.20439844760673,2.0300048745160755,2.883529020818226,MUTATED
1254,Gen 1254: ضبط الوقف P1 = 1.898 ATR,1315.2108650090022,27.46573534176277,5660.843460036009,1546,838,708,54.20439844760673,2.0300048745160755,2.883529020818226,MUTATED
1255,Gen 1255: ضبط الوقف P1 = 1.914 ATR,1315.2108650090022,27.46573534176277,5660.843460036009,1546,838,708,54.20439844760673,2.0300048745160755,2.883529020818226,MUTATED
1256,Gen 1256: ضبط الوقف P1 = 1.925 ATR,1315.2108650090022,27.46573534176277,5660.843460036009,1546,838,708,54.20439844760673,2.0300048745160755,2.883529020818226,MUTATED
1257,Gen 1257: ضبط الوقف P1 = 1.892 ATR,1315.2108650090022,27.46573534176277,5660.843460036009,1546,838,708,54.20439844760673,2.0300048745160755,2.883529020818226,MUTATED
1258,Gen 1258: ضبط الوقف P1 = 1.909 ATR,1315.2108650090022,27.46573534176277,5660.843460036009,1546,838,708,54.20439844760673,2.0300048745160755,2.883529020818226,MUTATED
1259,Gen 1259: ضبط الوقف P1 = 1.905 ATR,1315.2108650090022,27.46573534176277,5660.843460036009,1546,838,708,54.20439844760673,2.0300048745160755,2.883529020818226,MUTATED
1260,Gen 1260: ضبط الوقف P1 = 1.927 ATR,1315.2108650090022,27.46573534176277,5660.843460036009,1546,838,708,54.20439844760673,2.0300048745160755,2.883529020818226,MUTATED
1261,Gen 1261: ضبط الوقف P1 = 1.918 ATR,1315.2108650090022,27.46573534176277,5660.843460036009,1546,838,708,54.20439844760673,2.0300048745160755,2.883529020818226,MUTATED
1262,Gen 1262: ضبط الوقف P1 = 1.911 ATR,1315.2108650090022,27.46573534176277,5660.843460036009,1546,838,708,54.20439844760673,2.0300048745160755,2.883529020818226,MUTATED
1263,Gen 1263: ضبط الوقف P1 = 1.895 ATR,1315.2108650090022,27.46573534176277,5660.843460036009,1546,838,708,54.20439844760673,2.0300048745160755,2.883529020818226,MUTATED
1264,Gen 1264: ضبط الوقف P1 = 1.893 ATR,1315.2108650090022,27.46573534176277,5660.843460036009,1546,838,708,54.20439844760673,2.0300048745160755,2.883529020818226,MUTATED
1265,Gen 1265: ضبط الوقف P1 = 1.896 ATR,1315.2108650090022,27.46573534176277,5660.843460036009,1546,838,708,54.20439844760673,2.0300048745160755,2.883529020818226,MUTATED
1266,Gen 1266: ضبط الوقف P1 = 1.908 ATR,1315.2108650090022,27.46573534176277,5660.843460036009,1546,838,708,54.20439844760673,2.0300048745160755,2.883529020818226,MUTATED
1267,Gen 1267: ضبط الوقف P1 = 1.911 ATR,1315.2108650090022,27.46573534176277,5660.843460036009,1546,838,708,54.20439844760673,2.0300048745160755,2.883529020818226,MUTATED
1268,Gen 1268: ضبط الوقف P1 = 1.923 ATR,1315.2108650090022,27.46573534176277,5660.843460036009,1546,838,708,54.20439844760673,2.0300048745160755,2.883529020818226,MUTATED
1269,Gen 1269: ضبط الوقف P1 = 1.894 ATR,1315.2108650090022,27.46573534176277,5660.843460036009,1546,838,708,54.20439844760673,2.0300048745160755,2.883529020818226,MUTATED
1270,Gen 1270: ضبط الوقف P1 = 1.926 ATR,1315.2108650090022,27.46573534176277,5660.843460036009,1546,838,708,54.20439844760673,2.0300048745160755,2.883529020818226,MUTATED
1271,Gen 1271: ضبط الوقف P1 = 1.923 ATR,1315.2108650090022,27.46573534176277,5660.843460036009,1546,838,708,54.20439844760673,2.0300048745160755,2.883529020818226,MUTATED
1272,Gen 1272: ضبط الوقف P1 = 1.925 ATR,1315.2108650090022,27.46573534176277,5660.843460036009,1546,838,708,54.20439844760673,2.0300048745160755,2.883529020818226,MUTATED
1273,Gen 1273: ضبط الوقف P1 = 1.927 ATR,1315.2108650090022,27.46573534176277,5660.843460036009,1546,838,708,54.20439844760673,2.0300048745160755,2.883529020818226,MUTATED
1274,Gen 1274: ضبط الوقف P1 = 1.907 ATR,1315.2108650090022,27.46573534176277,5660.843460036009,1546,838,708,54.20439844760673,2.0300048745160755,2.883529020818226,MUTATED
1275,Gen 1275: ضبط الوقف P1 = 1.906 ATR,1315.2108650090022,27.46573534176277,5660.843460036009,1546,838,708,54.20439844760673,2.0300048745160755,2.883529020818226,MUTATED
1276,Gen 1276: ضبط الوقف P1 = 1.905 ATR,1315.2108650090022,27.46573534176277,5660.843460036009,1546,838,708,54.20439844760673,2.0300048745160755,2.883529020818226,MUTATED
1277,Gen 1277: ضبط الوقف P1 = 1.905 ATR,1315.2108650090022,27.46573534176277,5660.843460036009,1546,838,708,54.20439844760673,2.0300048745160755,2.883529020818226,MUTATED
1278,Gen 1278: ضبط الوقف P1 = 1.893 ATR,1315.2108650090022,27.46573534176277,5660.843460036009,1546,838,708,54.20439844760673,2.0300048745160755,2.883529020818226,MUTATED
1279,Gen 1279: ضبط الوقف P1 = 1.899 ATR,1315.2108650090022,27.46573534176277,5660.843460036009,1546,838,708,54.20439844760673,2.0300048745160755,2.883529020818226,MUTATED
1280,Gen 1280: ضبط الوقف P1 = 1.903 ATR,1315.2108650090022,27.46573534176277,5660.843460036009,1546,838,708,54.20439844760673,2.0300048745160755,2.883529020818226,MUTATED
1281,Gen 1281: ضبط الوقف P1 = 1.894 ATR,1315.2108650090022,27.46573534176277,5660.843460036009,1546,838,708,54.20439844760673,2.0300048745160755,2.883529020818226,MUTATED
1282,Gen 1282: ضبط الوقف P1 = 1.919 ATR,1315.2108650090022,27.46573534176277,5660.843460036009,1546,838,708,54.20439844760673,2.0300048745160755,2.883529020818226,MUTATED
1283,Gen 1283: ضبط الوقف P1 = 1.903 ATR,1315.2108650090022,27.46573534176277,5660.843460036009,1546,838,708,54.20439844760673,2.0300048745160755,2.883529020818226,MUTATED
1284,Gen 1284: ضبط الوقف P1 = 1.896 ATR,1315.2108650090022,27.46573534176277,5660.843460036009,1546,838,708,54.20439844760673,2.0300048745160755,2.883529020818226,MUTATED
1285,Gen 1285: ضبط الوقف P1 = 1.892 ATR,1315.2108650090022,27.46573534176277,5660.843460036009,1546,838,708,54.20439844760673,2.0300048745160755,2.883529020818226,MUTATED
1286,Gen 1286: ضبط الوقف P1 = 1.927 ATR,1315.2108650090022,27.46573534176277,5660.843460036009,1546,838,708,54.20439844760673,2.0300048745160755,2.883529020818226,MUTATED
1287,Gen 1287: ضبط الوقف P1 = 1.909 ATR,1315.2108650090022,27.46573534176277,5660.843460036009,1546,838,708,54.20439844760673,2.0300048745160755,2.883529020818226,MUTATED
1288,Gen 1288: ضبط الوقف P1 = 1.923 ATR,1315.2108650090022,27.46573534176277,5660.843460036009,1546,838,708,54.20439844760673,2.0300048745160755,2.883529020818226,MUTATED
1289,Gen 1289: ضبط الوقف P1 = 1.92 ATR,1315.2108650090022,27.46573534176277,5660.843460036009,1546,838,708,54.20439844760673,2.0300048745160755,2.883529020818226,MUTATED
1290,Gen 1290: ضبط الوقف P1 = 1.909 ATR,1315.2108650090022,27.46573534176277,5660.843460036009,1546,838,708,54.20439844760673,2.0300048745160755,2.883529020818226,MUTATED
1291,Gen 1291: ضبط الوقف P1 = 1.915 ATR,1315.2108650090022,27.46573534176277,5660.843460036009,1546,838,708,54.20439844760673,2.0300048745160755,2.883529020818226,MUTATED
1292,Gen 1292: ضبط الوقف P1 = 1.926 ATR,1315.2108650090022,27.46573534176277,5660.843460036009,1546,838,708,54.20439844760673,2.0300048745160755,2.883529020818226,MUTATED
1293,Gen 1293: ضبط الوقف P1 = 1.891 ATR,1315.2108650090022,27.46573534176277,5660.843460036009,1546,838,708,54.20439844760673,2.0300048745160755,2.883529020818226,MUTATED
1294,Gen 1294: ضبط الوقف P1 = 1.899 ATR,1315.2108650090022,27.46573534176277,5660.843460036009,1546,838,708,54.20439844760673,2.0300048745160755,2.883529020818226,MUTATED
1295,Gen 1295: ضبط الوقف P1 = 1.896 ATR,1315.2108650090022,27.46573534176277,5660.843460036009,1546,838,708,54.20439844760673,2.0300048745160755,2.883529020818226,MUTATED
1296,Gen 1296: ضبط الوقف P1 = 1.928 ATR,1315.2108650090022,27.46573534176277,5660.843460036009,1546,838,708,54.20439844760673,2.0300048745160755,2.883529020818226,MUTATED
1297,Gen 1297: ضبط الوقف P1 = 1.914 ATR,1315.2108650090022,27.46573534176277,5660.843460036009,1546,838,708,54.20439844760673,2.0300048745160755,2.883529020818226,MUTATED
1298,Gen 1298: ضبط الوقف P1 = 1.907 ATR,1315.2108650090022,27.46573534176277,5660.843460036009,1546,838,708,54.20439844760673,2.0300048745160755,2.883529020818226,MUTATED
1299,Gen 1299: ضبط الوقف P1 = 1.921 ATR,1315.2108650090022,27.46573534176277,5660.843460036009,1546,838,708,54.20439844760673,2.0300048745160755,2.883529020818226,MUTATED
1300,Gen 1300: ضبط الوقف P1 = 1.9 ATR,1315.2108650090022,27.46573534176277,5660.843460036009,1546,838,708,54.20439844760673,2.0300048745160755,2.883529020818226,MUTATED
1301,Gen 1301: موازنة ميزانيات [83.37/7.1/9.53],1315.2108650090022,27.46573534176277,5660.843460036009,1546,838,708,54.20439844760673,2.0300048745160755,2.883529020818226,MUTATED
1302,Gen 1302: موازنة ميزانيات [84.92/8.06/7.02],1315.2108650090022,27.46573534176277,5660.843460036009,1546,838,708,54.20439844760673,2.0300048745160755,2.883529020818226,MUTATED
1303,Gen 1303: موازنة ميزانيات [83.19/8.59/8.22],1315.2108650090022,27.46573534176277,5660.843460036009,1546,838,708,54.20439844760673,2.0300048745160755,2.883529020818226,MUTATED
1304,Gen 1304: موازنة ميزانيات [84.5/7.84/7.66],1315.2108650090022,27.46573534176277,5660.843460036009,1546,838,708,54.20439844760673,2.0300048745160755,2.883529020818226,MUTATED
1305,Gen 1305: موازنة ميزانيات [84.9/7.94/7.16],1315.2108650090022,27.46573534176277,5660.843460036009,1546,838,708,54.20439844760673,2.0300048745160755,2.883529020818226,MUTATED
1306,Gen 1306: موازنة ميزانيات [85.16/7.23/7.61],1315.2108650090022,27.46573534176277,5660.843460036009,1546,838,708,54.20439844760673,2.0300048745160755,2.883529020818226,MUTATED
1307,Gen 1307: موازنة ميزانيات [83.0/7.38/9.62],1315.2108650090022,27.46573534176277,5660.843460036009,1546,838,708,54.20439844760673,2.0300048745160755,2.883529020818226,MUTATED
1308,Gen 1308: موازنة ميزانيات [84.71/6.97/8.32],1315.2108650090022,27.46573534176277,5660.843460036009,1546,838,708,54.20439844760673,2.0300048745160755,2.883529020818226,MUTATED
1309,Gen 1309: موازنة ميزانيات [85.0/7.81/7.19],1315.2108650090022,27.46573534176277,5660.843460036009,1546,838,708,54.20439844760673,2.0300048745160755,2.883529020818226,MUTATED
1310,Gen 1310: موازنة ميزانيات [84.08/8.88/7.04],1315.2108650090022,27.46573534176277,5660.843460036009,1546,838,708,54.20439844760673,2.0300048745160755,2.883529020818226,MUTATED
1311,Gen 1311: موازنة ميزانيات [84.63/8.47/6.9],1315.2108650090022,27.46573534176277,5660.843460036009,1546,838,708,54.20439844760673,2.0300048745160755,2.883529020818226,MUTATED
1312,Gen 1312: موازنة ميزانيات [84.52/6.55/8.93],1315.2108650090022,27.46573534176277,5660.843460036009,1546,838,708,54.20439844760673,2.0300048745160755,2.883529020818226,MUTATED
1313,Gen 1313: موازنة ميزانيات [85.62/6.61/7.77],1316.1635458004753,27.419873161610443,5664.654183201901,1544,841,703,54.46891191709845,2.0333393099456964,2.8758799021974997,ADOPTED
1314,Gen 1314: موازنة ميزانيات [84.16/7.43/8.41],1316.1635458004753,27.419873161610443,5664.654183201901,1544,841,703,54.46891191709845,2.0333393099456964,2.8758799021974997,MUTATED
1315,Gen 1315: موازنة ميزانيات [85.24/7.39/7.37],1316.1635458004753,27.419873161610443,5664.654183201901,1544,841,703,54.46891191709845,2.0333393099456964,2.8758799021974997,MUTATED
1316,Gen 1316: موازنة ميزانيات [83.2/7.1/9.7],1316.1635458004753,27.419873161610443,5664.654183201901,1544,841,703,54.46891191709845,2.0333393099456964,2.8758799021974997,MUTATED
1317,Gen 1317: موازنة ميزانيات [84.97/6.76/8.27],1316.1635458004753,27.419873161610443,5664.654183201901,1544,841,703,54.46891191709845,2.0333393099456964,2.8758799021974997,MUTATED
1318,Gen 1318: موازنة ميزانيات [84.75/8.39/6.86],1316.1635458004753,27.419873161610443,5664.654183201901,1544,841,703,54.46891191709845,2.0333393099456964,2.8758799021974997,MUTATED
1319,Gen 1319: موازنة ميزانيات [83.4/7.38/9.22],1316.1635458004753,27.419873161610443,5664.654183201901,1544,841,703,54.46891191709845,2.0333393099456964,2.8758799021974997,MUTATED
1320,Gen 1320: موازنة ميزانيات [84.02/8.11/7.87],1316.1635458004753,27.419873161610443,5664.654183201901,1544,841,703,54.46891191709845,2.0333393099456964,2.8758799021974997,MUTATED
1321,Gen 1321: موازنة ميزانيات [85.49/8.21/6.3],1316.1635458004753,27.419873161610443,5664.654183201901,1544,841,703,54.46891191709845,2.0333393099456964,2.8758799021974997,MUTATED
1322,Gen 1322: موازنة ميزانيات [85.94/7.7/6.36],1316.1635458004753,27.419873161610443,5664.654183201901,1544,841,703,54.46891191709845,2.0333393099456964,2.8758799021974997,MUTATED
1323,Gen 1323: موازنة ميزانيات [83.55/6.84/9.61],1316.1635458004753,27.419873161610443,5664.654183201901,1544,841,703,54.46891191709845,2.0333393099456964,2.8758799021974997,MUTATED
1324,Gen 1324: موازنة ميزانيات [85.15/8.86/5.99],1316.1635458004753,27.419873161610443,5664.654183201901,1544,841,703,54.46891191709845,2.0333393099456964,2.8758799021974997,MUTATED
1325,Gen 1325: موازنة ميزانيات [83.11/7.0/9.89],1316.1635458004753,27.419873161610443,5664.654183201901,1544,841,703,54.46891191709845,2.0333393099456964,2.8758799021974997,MUTATED
1326,Gen 1326: موازنة ميزانيات [85.37/8.71/5.92],1316.1635458004753,27.419873161610443,5664.654183201901,1544,841,703,54.46891191709845,2.0333393099456964,2.8758799021974997,MUTATED
1327,Gen 1327: موازنة ميزانيات [83.95/7.28/8.77],1316.1635458004753,27.419873161610443,5664.654183201901,1544,841,703,54.46891191709845,2.0333393099456964,2.8758799021974997,MUTATED
1328,Gen 1328: موازنة ميزانيات [84.19/8.54/7.27],1316.1635458004753,27.419873161610443,5664.654183201901,1544,841,703,54.46891191709845,2.0333393099456964,2.8758799021974997,MUTATED
1329,Gen 1329: موازنة ميزانيات [84.42/6.59/8.99],1316.1635458004753,27.419873161610443,5664.654183201901,1544,841,703,54.46891191709845,2.0333393099456964,2.8758799021974997,MUTATED
1330,Gen 1330: موازنة ميزانيات [84.94/7.22/7.84],1316.1635458004753,27.419873161610443,5664.654183201901,1544,841,703,54.46891191709845,2.0333393099456964,2.8758799021974997,MUTATED
1331,Gen 1331: موازنة ميزانيات [85.59/6.62/7.79],1316.1635458004753,27.419873161610443,5664.654183201901,1544,841,703,54.46891191709845,2.0333393099456964,2.8758799021974997,MUTATED
1332,Gen 1332: موازنة ميزانيات [84.97/7.18/7.85],1316.1635458004753,27.419873161610443,5664.654183201901,1544,841,703,54.46891191709845,2.0333393099456964,2.8758799021974997,MUTATED
1333,Gen 1333: موازنة ميزانيات [85.4/7.59/7.01],1316.1635458004753,27.419873161610443,5664.654183201901,1544,841,703,54.46891191709845,2.0333393099456964,2.8758799021974997,MUTATED
1334,Gen 1334: موازنة ميزانيات [84.2/7.6/8.2],1316.1635458004753,27.419873161610443,5664.654183201901,1544,841,703,54.46891191709845,2.0333393099456964,2.8758799021974997,MUTATED
1335,Gen 1335: موازنة ميزانيات [85.87/7.35/6.78],1316.1635458004753,27.419873161610443,5664.654183201901,1544,841,703,54.46891191709845,2.0333393099456964,2.8758799021974997,MUTATED
1336,Gen 1336: موازنة ميزانيات [83.56/8.23/8.21],1316.1635458004753,27.419873161610443,5664.654183201901,1544,841,703,54.46891191709845,2.0333393099456964,2.8758799021974997,MUTATED
1337,Gen 1337: موازنة ميزانيات [84.1/8.49/7.41],1316.1635458004753,27.419873161610443,5664.654183201901,1544,841,703,54.46891191709845,2.0333393099456964,2.8758799021974997,MUTATED
1338,Gen 1338: موازنة ميزانيات [83.8/6.71/9.49],1316.1635458004753,27.419873161610443,5664.654183201901,1544,841,703,54.46891191709845,2.0333393099456964,2.8758799021974997,MUTATED
1339,Gen 1339: موازنة ميزانيات [84.27/7.58/8.15],1316.1635458004753,27.419873161610443,5664.654183201901,1544,841,703,54.46891191709845,2.0333393099456964,2.8758799021974997,MUTATED
1340,Gen 1340: موازنة ميزانيات [85.99/6.95/7.06],1316.1635458004753,27.419873161610443,5664.654183201901,1544,841,703,54.46891191709845,2.0333393099456964,2.8758799021974997,MUTATED
1341,Gen 1341: موازنة ميزانيات [83.88/6.76/9.36],1316.1635458004753,27.419873161610443,5664.654183201901,1544,841,703,54.46891191709845,2.0333393099456964,2.8758799021974997,MUTATED
1342,Gen 1342: موازنة ميزانيات [83.98/7.24/8.78],1316.1635458004753,27.419873161610443,5664.654183201901,1544,841,703,54.46891191709845,2.0333393099456964,2.8758799021974997,MUTATED
1343,Gen 1343: موازنة ميزانيات [84.34/8.29/7.37],1316.1635458004753,27.419873161610443,5664.654183201901,1544,841,703,54.46891191709845,2.0333393099456964,2.8758799021974997,MUTATED
1344,Gen 1344: موازنة ميزانيات [83.5/7.61/8.89],1316.1635458004753,27.419873161610443,5664.654183201901,1544,841,703,54.46891191709845,2.0333393099456964,2.8758799021974997,MUTATED
1345,Gen 1345: موازنة ميزانيات [84.34/8.32/7.34],1316.1635458004753,27.419873161610443,5664.654183201901,1544,841,703,54.46891191709845,2.0333393099456964,2.8758799021974997,MUTATED
1346,Gen 1346: موازنة ميزانيات [85.73/8.04/6.23],1316.1635458004753,27.419873161610443,5664.654183201901,1544,841,703,54.46891191709845,2.0333393099456964,2.8758799021974997,MUTATED
1347,Gen 1347: موازنة ميزانيات [84.3/8.1/7.6],1316.1635458004753,27.419873161610443,5664.654183201901,1544,841,703,54.46891191709845,2.0333393099456964,2.8758799021974997,MUTATED
1348,Gen 1348: موازنة ميزانيات [85.37/6.64/7.99],1316.1635458004753,27.419873161610443,5664.654183201901,1544,841,703,54.46891191709845,2.0333393099456964,2.8758799021974997,MUTATED
1349,Gen 1349: موازنة ميزانيات [85.01/7.52/7.47],1316.1635458004753,27.419873161610443,5664.654183201901,1544,841,703,54.46891191709845,2.0333393099456964,2.8758799021974997,MUTATED
1350,Gen 1350: موازنة ميزانيات [84.54/8.37/7.09],1316.1635458004753,27.419873161610443,5664.654183201901,1544,841,703,54.46891191709845,2.0333393099456964,2.8758799021974997,MUTATED
1351,Gen 1351: موازنة ميزانيات [83.48/6.58/9.94],1316.1635458004753,27.419873161610443,5664.654183201901,1544,841,703,54.46891191709845,2.0333393099456964,2.8758799021974997,MUTATED
1352,Gen 1352: موازنة ميزانيات [85.55/8.2/6.25],1316.1635458004753,27.419873161610443,5664.654183201901,1544,841,703,54.46891191709845,2.0333393099456964,2.8758799021974997,MUTATED
1353,Gen 1353: موازنة ميزانيات [84.31/6.82/8.87],1316.1635458004753,27.419873161610443,5664.654183201901,1544,841,703,54.46891191709845,2.0333393099456964,2.8758799021974997,MUTATED
1354,Gen 1354: موازنة ميزانيات [83.71/8.11/8.18],1316.1635458004753,27.419873161610443,5664.654183201901,1544,841,703,54.46891191709845,2.0333393099456964,2.8758799021974997,MUTATED
1355,Gen 1355: موازنة ميزانيات [84.09/8.87/7.04],1316.1635458004753,27.419873161610443,5664.654183201901,1544,841,703,54.46891191709845,2.0333393099456964,2.8758799021974997,MUTATED
1356,Gen 1356: موازنة ميزانيات [83.1/6.88/10.02],1316.1635458004753,27.419873161610443,5664.654183201901,1544,841,703,54.46891191709845,2.0333393099456964,2.8758799021974997,MUTATED
1357,Gen 1357: موازنة ميزانيات [84.35/7.43/8.22],1316.1635458004753,27.419873161610443,5664.654183201901,1544,841,703,54.46891191709845,2.0333393099456964,2.8758799021974997,MUTATED
1358,Gen 1358: موازنة ميزانيات [84.33/6.69/8.98],1316.1635458004753,27.419873161610443,5664.654183201901,1544,841,703,54.46891191709845,2.0333393099456964,2.8758799021974997,MUTATED
1359,Gen 1359: موازنة ميزانيات [83.41/7.42/9.17],1316.1635458004753,27.419873161610443,5664.654183201901,1544,841,703,54.46891191709845,2.0333393099456964,2.8758799021974997,MUTATED
1360,Gen 1360: موازنة ميزانيات [83.94/7.2/8.86],1316.1635458004753,27.419873161610443,5664.654183201901,1544,841,703,54.46891191709845,2.0333393099456964,2.8758799021974997,MUTATED
1361,Gen 1361: موازنة ميزانيات [85.88/6.56/7.56],1318.0106667755358,27.495989439401264,5672.042667102143,1545,838,707,54.239482200647245,2.0304026191509683,2.886317792363722,ADOPTED
1362,Gen 1362: موازنة ميزانيات [83.56/7.79/8.65],1318.0106667755358,27.495989439401264,5672.042667102143,1545,838,707,54.239482200647245,2.0304026191509683,2.886317792363722,MUTATED
1363,Gen 1363: موازنة ميزانيات [85.74/6.79/7.47],1318.0106667755358,27.495989439401264,5672.042667102143,1545,838,707,54.239482200647245,2.0304026191509683,2.886317792363722,MUTATED
1364,Gen 1364: موازنة ميزانيات [85.32/8.26/6.42],1318.0106667755358,27.495989439401264,5672.042667102143,1545,838,707,54.239482200647245,2.0304026191509683,2.886317792363722,MUTATED
1365,Gen 1365: موازنة ميزانيات [83.64/8.03/8.33],1318.0106667755358,27.495989439401264,5672.042667102143,1545,838,707,54.239482200647245,2.0304026191509683,2.886317792363722,MUTATED
1366,Gen 1366: موازنة ميزانيات [85.08/9.0/5.92],1318.0106667755358,27.495989439401264,5672.042667102143,1545,838,707,54.239482200647245,2.0304026191509683,2.886317792363722,MUTATED
1367,Gen 1367: موازنة ميزانيات [83.6/6.84/9.56],1318.0106667755358,27.495989439401264,5672.042667102143,1545,838,707,54.239482200647245,2.0304026191509683,2.886317792363722,MUTATED
1368,Gen 1368: موازنة ميزانيات [83.22/6.93/9.85],1318.0106667755358,27.495989439401264,5672.042667102143,1545,838,707,54.239482200647245,2.0304026191509683,2.886317792363722,MUTATED
1369,Gen 1369: موازنة ميزانيات [85.14/8.99/5.87],1318.0106667755358,27.495989439401264,5672.042667102143,1545,838,707,54.239482200647245,2.0304026191509683,2.886317792363722,MUTATED
1370,Gen 1370: موازنة ميزانيات [85.43/8.92/5.65],1318.0106667755358,27.495989439401264,5672.042667102143,1545,838,707,54.239482200647245,2.0304026191509683,2.886317792363722,MUTATED
1371,Gen 1371: موازنة ميزانيات [85.96/8.17/5.87],1318.0106667755358,27.495989439401264,5672.042667102143,1545,838,707,54.239482200647245,2.0304026191509683,2.886317792363722,MUTATED
1372,Gen 1372: موازنة ميزانيات [85.13/7.87/7.0],1318.0106667755358,27.495989439401264,5672.042667102143,1545,838,707,54.239482200647245,2.0304026191509683,2.886317792363722,MUTATED
1373,Gen 1373: موازنة ميزانيات [83.87/7.25/8.88],1318.0106667755358,27.495989439401264,5672.042667102143,1545,838,707,54.239482200647245,2.0304026191509683,2.886317792363722,MUTATED
1374,Gen 1374: موازنة ميزانيات [83.47/8.27/8.26],1318.0106667755358,27.495989439401264,5672.042667102143,1545,838,707,54.239482200647245,2.0304026191509683,2.886317792363722,MUTATED
1375,Gen 1375: موازنة ميزانيات [85.1/6.94/7.96],1318.0106667755358,27.495989439401264,5672.042667102143,1545,838,707,54.239482200647245,2.0304026191509683,2.886317792363722,MUTATED
1376,Gen 1376: موازنة ميزانيات [84.08/7.06/8.86],1318.0106667755358,27.495989439401264,5672.042667102143,1545,838,707,54.239482200647245,2.0304026191509683,2.886317792363722,MUTATED
1377,Gen 1377: موازنة ميزانيات [85.96/8.48/5.56],1318.0106667755358,27.495989439401264,5672.042667102143,1545,838,707,54.239482200647245,2.0304026191509683,2.886317792363722,MUTATED
1378,Gen 1378: موازنة ميزانيات [83.71/7.74/8.55],1318.0106667755358,27.495989439401264,5672.042667102143,1545,838,707,54.239482200647245,2.0304026191509683,2.886317792363722,MUTATED
1379,Gen 1379: موازنة ميزانيات [84.08/7.93/7.99],1318.0106667755358,27.495989439401264,5672.042667102143,1545,838,707,54.239482200647245,2.0304026191509683,2.886317792363722,MUTATED
1380,Gen 1380: موازنة ميزانيات [84.4/8.96/6.64],1318.0106667755358,27.495989439401264,5672.042667102143,1545,838,707,54.239482200647245,2.0304026191509683,2.886317792363722,MUTATED
1381,Gen 1381: موازنة ميزانيات [83.39/8.71/7.9],1318.0106667755358,27.495989439401264,5672.042667102143,1545,838,707,54.239482200647245,2.0304026191509683,2.886317792363722,MUTATED
1382,Gen 1382: موازنة ميزانيات [83.2/7.5/9.3],1318.0106667755358,27.495989439401264,5672.042667102143,1545,838,707,54.239482200647245,2.0304026191509683,2.886317792363722,MUTATED
1383,Gen 1383: موازنة ميزانيات [85.15/7.7/7.15],1318.0106667755358,27.495989439401264,5672.042667102143,1545,838,707,54.239482200647245,2.0304026191509683,2.886317792363722,MUTATED
1384,Gen 1384: موازنة ميزانيات [84.23/7.52/8.25],1318.0106667755358,27.495989439401264,5672.042667102143,1545,838,707,54.239482200647245,2.0304026191509683,2.886317792363722,MUTATED
1385,Gen 1385: موازنة ميزانيات [84.72/6.81/8.47],1318.0106667755358,27.495989439401264,5672.042667102143,1545,838,707,54.239482200647245,2.0304026191509683,2.886317792363722,MUTATED
1386,Gen 1386: موازنة ميزانيات [83.95/6.69/9.36],1318.0106667755358,27.495989439401264,5672.042667102143,1545,838,707,54.239482200647245,2.0304026191509683,2.886317792363722,MUTATED
1387,Gen 1387: موازنة ميزانيات [84.4/7.79/7.81],1318.0106667755358,27.495989439401264,5672.042667102143,1545,838,707,54.239482200647245,2.0304026191509683,2.886317792363722,MUTATED
1388,Gen 1388: موازنة ميزانيات [83.39/8.57/8.04],1318.0106667755358,27.495989439401264,5672.042667102143,1545,838,707,54.239482200647245,2.0304026191509683,2.886317792363722,MUTATED
1389,Gen 1389: موازنة ميزانيات [84.65/7.97/7.38],1318.0106667755358,27.495989439401264,5672.042667102143,1545,838,707,54.239482200647245,2.0304026191509683,2.886317792363722,MUTATED
1390,Gen 1390: موازنة ميزانيات [85.3/6.82/7.88],1318.0106667755358,27.495989439401264,5672.042667102143,1545,838,707,54.239482200647245,2.0304026191509683,2.886317792363722,MUTATED
1391,Gen 1391: موازنة ميزانيات [84.51/8.67/6.82],1318.0106667755358,27.495989439401264,5672.042667102143,1545,838,707,54.239482200647245,2.0304026191509683,2.886317792363722,MUTATED
1392,Gen 1392: موازنة ميزانيات [85.49/7.8/6.71],1318.0106667755358,27.495989439401264,5672.042667102143,1545,838,707,54.239482200647245,2.0304026191509683,2.886317792363722,MUTATED
1393,Gen 1393: موازنة ميزانيات [83.91/6.9/9.19],1318.0106667755358,27.495989439401264,5672.042667102143,1545,838,707,54.239482200647245,2.0304026191509683,2.886317792363722,MUTATED
1394,Gen 1394: موازنة ميزانيات [85.8/7.06/7.14],1318.0106667755358,27.495989439401264,5672.042667102143,1545,838,707,54.239482200647245,2.0304026191509683,2.886317792363722,MUTATED
1395,Gen 1395: موازنة ميزانيات [85.84/7.8/6.36],1318.0106667755358,27.495989439401264,5672.042667102143,1545,838,707,54.239482200647245,2.0304026191509683,2.886317792363722,MUTATED
1396,Gen 1396: موازنة ميزانيات [83.85/6.7/9.45],1318.0106667755358,27.495989439401264,5672.042667102143,1545,838,707,54.239482200647245,2.0304026191509683,2.886317792363722,MUTATED
1397,Gen 1397: موازنة ميزانيات [83.59/8.89/7.52],1318.0106667755358,27.495989439401264,5672.042667102143,1545,838,707,54.239482200647245,2.0304026191509683,2.886317792363722,MUTATED
1398,Gen 1398: موازنة ميزانيات [83.82/8.06/8.12],1318.0106667755358,27.495989439401264,5672.042667102143,1545,838,707,54.239482200647245,2.0304026191509683,2.886317792363722,MUTATED
1399,Gen 1399: موازنة ميزانيات [84.84/6.73/8.43],1318.0106667755358,27.495989439401264,5672.042667102143,1545,838,707,54.239482200647245,2.0304026191509683,2.886317792363722,MUTATED
1400,Gen 1400: موازنة ميزانيات [84.92/7.98/7.1],1318.0106667755358,27.495989439401264,5672.042667102143,1545,838,707,54.239482200647245,2.0304026191509683,2.886317792363722,MUTATED
1401,Gen 1401: تعميق T1 في P1 = 5.6 ATR (15.0%),1318.0106667755358,27.495989439401264,5672.042667102143,1545,838,707,54.239482200647245,2.0304026191509683,2.886317792363722,MUTATED
1402,Gen 1402: تعميق T1 في P1 = 5.62 ATR (19.4%),1318.0106667755358,27.495989439401264,5672.042667102143,1545,838,707,54.239482200647245,2.0304026191509683,2.886317792363722,MUTATED
1403,Gen 1403: تعميق T1 في P1 = 5.52 ATR (19.5%),1318.0106667755358,27.495989439401264,5672.042667102143,1545,838,707,54.239482200647245,2.0304026191509683,2.886317792363722,MUTATED
1404,Gen 1404: تعميق T1 في P1 = 5.41 ATR (19.2%),1318.0106667755358,27.495989439401264,5672.042667102143,1545,838,707,54.239482200647245,2.0304026191509683,2.886317792363722,MUTATED
1405,Gen 1405: تعميق T1 في P1 = 5.43 ATR (19.7%),1318.0106667755358,27.495989439401264,5672.042667102143,1545,838,707,54.239482200647245,2.0304026191509683,2.886317792363722,MUTATED
1406,Gen 1406: تعميق T1 في P1 = 5.67 ATR (15.6%),1318.0106667755358,27.495989439401264,5672.042667102143,1545,838,707,54.239482200647245,2.0304026191509683,2.886317792363722,MUTATED
1407,Gen 1407: تعميق T1 في P1 = 5.47 ATR (17.4%),1318.0106667755358,27.495989439401264,5672.042667102143,1545,838,707,54.239482200647245,2.0304026191509683,2.886317792363722,MUTATED
1408,Gen 1408: تعميق T1 في P1 = 5.62 ATR (14.2%),1318.0106667755358,27.495989439401264,5672.042667102143,1545,838,707,54.239482200647245,2.0304026191509683,2.886317792363722,MUTATED
1409,Gen 1409: تعميق T1 في P1 = 5.71 ATR (17.3%),1318.0106667755358,27.495989439401264,5672.042667102143,1545,838,707,54.239482200647245,2.0304026191509683,2.886317792363722,MUTATED
1410,Gen 1410: تعميق T1 في P1 = 5.62 ATR (15.8%),1318.0106667755358,27.495989439401264,5672.042667102143,1545,838,707,54.239482200647245,2.0304026191509683,2.886317792363722,MUTATED
1411,Gen 1411: تعميق T1 في P1 = 5.49 ATR (18.8%),1318.0106667755358,27.495989439401264,5672.042667102143,1545,838,707,54.239482200647245,2.0304026191509683,2.886317792363722,MUTATED
1412,Gen 1412: تعميق T1 في P1 = 5.54 ATR (16.7%),1318.0106667755358,27.495989439401264,5672.042667102143,1545,838,707,54.239482200647245,2.0304026191509683,2.886317792363722,MUTATED
1413,Gen 1413: تعميق T1 في P1 = 5.64 ATR (14.9%),1318.0106667755358,27.495989439401264,5672.042667102143,1545,838,707,54.239482200647245,2.0304026191509683,2.886317792363722,MUTATED
1414,Gen 1414: تعميق T1 في P1 = 5.55 ATR (16.8%),1318.0106667755358,27.495989439401264,5672.042667102143,1545,838,707,54.239482200647245,2.0304026191509683,2.886317792363722,MUTATED
1415,Gen 1415: تعميق T1 في P1 = 5.52 ATR (14.9%),1318.0106667755358,27.495989439401264,5672.042667102143,1545,838,707,54.239482200647245,2.0304026191509683,2.886317792363722,MUTATED
1416,Gen 1416: تعميق T1 في P1 = 5.7 ATR (15.9%),1318.0106667755358,27.495989439401264,5672.042667102143,1545,838,707,54.239482200647245,2.0304026191509683,2.886317792363722,MUTATED
1417,Gen 1417: تعميق T1 في P1 = 5.75 ATR (16.1%),1318.0106667755358,27.495989439401264,5672.042667102143,1545,838,707,54.239482200647245,2.0304026191509683,2.886317792363722,MUTATED
1418,Gen 1418: تعميق T1 في P1 = 5.54 ATR (18.6%),1318.0106667755358,27.495989439401264,5672.042667102143,1545,838,707,54.239482200647245,2.0304026191509683,2.886317792363722,MUTATED
1419,Gen 1419: تعميق T1 في P1 = 5.58 ATR (14.6%),1318.0106667755358,27.495989439401264,5672.042667102143,1545,838,707,54.239482200647245,2.0304026191509683,2.886317792363722,MUTATED
1420,Gen 1420: تعميق T1 في P1 = 5.48 ATR (14.7%),1318.0106667755358,27.495989439401264,5672.042667102143,1545,838,707,54.239482200647245,2.0304026191509683,2.886317792363722,MUTATED
1421,Gen 1421: تعميق T1 في P1 = 5.56 ATR (14.8%),1318.0106667755358,27.495989439401264,5672.042667102143,1545,838,707,54.239482200647245,2.0304026191509683,2.886317792363722,MUTATED
1422,Gen 1422: تعميق T1 في P1 = 5.42 ATR (19.7%),1318.0106667755358,27.495989439401264,5672.042667102143,1545,838,707,54.239482200647245,2.0304026191509683,2.886317792363722,MUTATED
1423,Gen 1423: تعميق T1 في P1 = 5.7 ATR (16.5%),1318.0106667755358,27.495989439401264,5672.042667102143,1545,838,707,54.239482200647245,2.0304026191509683,2.886317792363722,MUTATED
1424,Gen 1424: تعميق T1 في P1 = 5.74 ATR (19.4%),1318.0106667755358,27.495989439401264,5672.042667102143,1545,838,707,54.239482200647245,2.0304026191509683,2.886317792363722,MUTATED
1425,Gen 1425: تعميق T1 في P1 = 5.68 ATR (19.6%),1318.0106667755358,27.495989439401264,5672.042667102143,1545,838,707,54.239482200647245,2.0304026191509683,2.886317792363722,MUTATED
1426,Gen 1426: تعميق T1 في P1 = 5.65 ATR (15.1%),1318.0106667755358,27.495989439401264,5672.042667102143,1545,838,707,54.239482200647245,2.0304026191509683,2.886317792363722,MUTATED
1427,Gen 1427: تعميق T1 في P1 = 5.46 ATR (20.0%),1318.0106667755358,27.495989439401264,5672.042667102143,1545,838,707,54.239482200647245,2.0304026191509683,2.886317792363722,MUTATED
1428,Gen 1428: تعميق T1 في P1 = 5.56 ATR (19.3%),1318.0106667755358,27.495989439401264,5672.042667102143,1545,838,707,54.239482200647245,2.0304026191509683,2.886317792363722,MUTATED
1429,Gen 1429: تعميق T1 في P1 = 5.57 ATR (14.5%),1318.0106667755358,27.495989439401264,5672.042667102143,1545,838,707,54.239482200647245,2.0304026191509683,2.886317792363722,MUTATED
1430,Gen 1430: تعميق T1 في P1 = 5.54 ATR (16.7%),1318.0106667755358,27.495989439401264,5672.042667102143,1545,838,707,54.239482200647245,2.0304026191509683,2.886317792363722,MUTATED
1431,Gen 1431: تعميق T1 في P1 = 5.48 ATR (17.5%),1318.0106667755358,27.495989439401264,5672.042667102143,1545,838,707,54.239482200647245,2.0304026191509683,2.886317792363722,MUTATED
1432,Gen 1432: تعميق T1 في P1 = 5.42 ATR (15.7%),1318.0106667755358,27.495989439401264,5672.042667102143,1545,838,707,54.239482200647245,2.0304026191509683,2.886317792363722,MUTATED
1433,Gen 1433: تعميق T1 في P1 = 5.61 ATR (19.1%),1318.0106667755358,27.495989439401264,5672.042667102143,1545,838,707,54.239482200647245,2.0304026191509683,2.886317792363722,MUTATED
1434,Gen 1434: تعميق T1 في P1 = 5.64 ATR (15.7%),1318.0106667755358,27.495989439401264,5672.042667102143,1545,838,707,54.239482200647245,2.0304026191509683,2.886317792363722,MUTATED
1435,Gen 1435: تعميق T1 في P1 = 5.4 ATR (14.6%),1318.0106667755358,27.495989439401264,5672.042667102143,1545,838,707,54.239482200647245,2.0304026191509683,2.886317792363722,MUTATED
1436,Gen 1436: تعميق T1 في P1 = 5.45 ATR (15.6%),1318.0106667755358,27.495989439401264,5672.042667102143,1545,838,707,54.239482200647245,2.0304026191509683,2.886317792363722,MUTATED
1437,Gen 1437: تعميق T1 في P1 = 5.53 ATR (16.4%),1318.0106667755358,27.495989439401264,5672.042667102143,1545,838,707,54.239482200647245,2.0304026191509683,2.886317792363722,MUTATED
1438,Gen 1438: تعميق T1 في P1 = 5.42 ATR (14.3%),1318.0106667755358,27.495989439401264,5672.042667102143,1545,838,707,54.239482200647245,2.0304026191509683,2.886317792363722,MUTATED
1439,Gen 1439: تعميق T1 في P1 = 5.6 ATR (16.2%),1318.0106667755358,27.495989439401264,5672.042667102143,1545,838,707,54.239482200647245,2.0304026191509683,2.886317792363722,MUTATED
1440,Gen 1440: تعميق T1 في P1 = 5.5 ATR (16.3%),1318.0106667755358,27.495989439401264,5672.042667102143,1545,838,707,54.239482200647245,2.0304026191509683,2.886317792363722,MUTATED
1441,Gen 1441: تعميق T1 في P1 = 5.56 ATR (17.3%),1318.0106667755358,27.495989439401264,5672.042667102143,1545,838,707,54.239482200647245,2.0304026191509683,2.886317792363722,MUTATED
1442,Gen 1442: تعميق T1 في P1 = 5.69 ATR (17.7%),1318.0106667755358,27.495989439401264,5672.042667102143,1545,838,707,54.239482200647245,2.0304026191509683,2.886317792363722,MUTATED
1443,Gen 1443: تعميق T1 في P1 = 5.61 ATR (14.8%),1318.0106667755358,27.495989439401264,5672.042667102143,1545,838,707,54.239482200647245,2.0304026191509683,2.886317792363722,MUTATED
1444,Gen 1444: تعميق T1 في P1 = 5.43 ATR (16.2%),1318.0106667755358,27.495989439401264,5672.042667102143,1545,838,707,54.239482200647245,2.0304026191509683,2.886317792363722,MUTATED
1445,Gen 1445: تعميق T1 في P1 = 5.75 ATR (17.3%),1318.0106667755358,27.495989439401264,5672.042667102143,1545,838,707,54.239482200647245,2.0304026191509683,2.886317792363722,MUTATED
1446,Gen 1446: تعميق T1 في P1 = 5.53 ATR (14.9%),1318.0106667755358,27.495989439401264,5672.042667102143,1545,838,707,54.239482200647245,2.0304026191509683,2.886317792363722,MUTATED
1447,Gen 1447: تعميق T1 في P1 = 5.61 ATR (16.4%),1318.0106667755358,27.495989439401264,5672.042667102143,1545,838,707,54.239482200647245,2.0304026191509683,2.886317792363722,MUTATED
1448,Gen 1448: تعميق T1 في P1 = 5.41 ATR (14.2%),1318.0106667755358,27.495989439401264,5672.042667102143,1545,838,707,54.239482200647245,2.0304026191509683,2.886317792363722,MUTATED
1449,Gen 1449: تعميق T1 في P1 = 5.65 ATR (18.8%),1318.0106667755358,27.495989439401264,5672.042667102143,1545,838,707,54.239482200647245,2.0304026191509683,2.886317792363722,MUTATED
1450,Gen 1450: تعميق T1 في P1 = 5.58 ATR (14.9%),1318.0106667755358,27.495989439401264,5672.042667102143,1545,838,707,54.239482200647245,2.0304026191509683,2.886317792363722,MUTATED
1451,Gen 1451: تعميق T1 في P1 = 5.71 ATR (14.8%),1318.0106667755358,27.495989439401264,5672.042667102143,1545,838,707,54.239482200647245,2.0304026191509683,2.886317792363722,MUTATED
1452,Gen 1452: تعميق T1 في P1 = 5.73 ATR (15.9%),1318.0106667755358,27.495989439401264,5672.042667102143,1545,838,707,54.239482200647245,2.0304026191509683,2.886317792363722,MUTATED
1453,Gen 1453: تعميق T1 في P1 = 5.54 ATR (17.7%),1318.0106667755358,27.495989439401264,5672.042667102143,1545,838,707,54.239482200647245,2.0304026191509683,2.886317792363722,MUTATED
1454,Gen 1454: تعميق T1 في P1 = 5.69 ATR (17.6%),1318.0106667755358,27.495989439401264,5672.042667102143,1545,838,707,54.239482200647245,2.0304026191509683,2.886317792363722,MUTATED
1455,Gen 1455: تعميق T1 في P1 = 5.58 ATR (17.1%),1318.0106667755358,27.495989439401264,5672.042667102143,1545,838,707,54.239482200647245,2.0304026191509683,2.886317792363722,MUTATED
1456,Gen 1456: تعميق T1 في P1 = 5.57 ATR (17.4%),1318.0106667755358,27.495989439401264,5672.042667102143,1545,838,707,54.239482200647245,2.0304026191509683,2.886317792363722,MUTATED
1457,Gen 1457: تعميق T1 في P1 = 5.57 ATR (14.1%),1318.0106667755358,27.495989439401264,5672.042667102143,1545,838,707,54.239482200647245,2.0304026191509683,2.886317792363722,MUTATED
1458,Gen 1458: تعميق T1 في P1 = 5.52 ATR (14.7%),1318.0106667755358,27.495989439401264,5672.042667102143,1545,838,707,54.239482200647245,2.0304026191509683,2.886317792363722,MUTATED
1459,Gen 1459: تعميق T1 في P1 = 5.55 ATR (15.8%),1318.0106667755358,27.495989439401264,5672.042667102143,1545,838,707,54.239482200647245,2.0304026191509683,2.886317792363722,MUTATED
1460,Gen 1460: تعميق T1 في P1 = 5.71 ATR (19.2%),1318.0106667755358,27.495989439401264,5672.042667102143,1545,838,707,54.239482200647245,2.0304026191509683,2.886317792363722,MUTATED
1461,Gen 1461: تعميق T1 في P1 = 5.62 ATR (17.6%),1318.0106667755358,27.495989439401264,5672.042667102143,1545,838,707,54.239482200647245,2.0304026191509683,2.886317792363722,MUTATED
1462,Gen 1462: تعميق T1 في P1 = 5.49 ATR (17.9%),1318.0106667755358,27.495989439401264,5672.042667102143,1545,838,707,54.239482200647245,2.0304026191509683,2.886317792363722,MUTATED
1463,Gen 1463: تعميق T1 في P1 = 5.74 ATR (17.5%),1318.0106667755358,27.495989439401264,5672.042667102143,1545,838,707,54.239482200647245,2.0304026191509683,2.886317792363722,MUTATED
1464,Gen 1464: تعميق T1 في P1 = 5.48 ATR (14.3%),1318.0106667755358,27.495989439401264,5672.042667102143,1545,838,707,54.239482200647245,2.0304026191509683,2.886317792363722,MUTATED
1465,Gen 1465: تعميق T1 في P1 = 5.57 ATR (17.1%),1318.0106667755358,27.495989439401264,5672.042667102143,1545,838,707,54.239482200647245,2.0304026191509683,2.886317792363722,MUTATED
1466,Gen 1466: تعميق T1 في P1 = 5.65 ATR (18.6%),1318.0106667755358,27.495989439401264,5672.042667102143,1545,838,707,54.239482200647245,2.0304026191509683,2.886317792363722,MUTATED
1467,Gen 1467: تعميق T1 في P1 = 5.53 ATR (18.9%),1318.0106667755358,27.495989439401264,5672.042667102143,1545,838,707,54.239482200647245,2.0304026191509683,2.886317792363722,MUTATED
1468,Gen 1468: تعميق T1 في P1 = 5.48 ATR (17.4%),1318.0106667755358,27.495989439401264,5672.042667102143,1545,838,707,54.239482200647245,2.0304026191509683,2.886317792363722,MUTATED
1469,Gen 1469: تعميق T1 في P1 = 5.65 ATR (15.1%),1318.0106667755358,27.495989439401264,5672.042667102143,1545,838,707,54.239482200647245,2.0304026191509683,2.886317792363722,MUTATED
1470,Gen 1470: تعميق T1 في P1 = 5.55 ATR (16.5%),1318.0106667755358,27.495989439401264,5672.042667102143,1545,838,707,54.239482200647245,2.0304026191509683,2.886317792363722,MUTATED
1471,Gen 1471: تعميق T1 في P1 = 5.54 ATR (15.2%),1318.0106667755358,27.495989439401264,5672.042667102143,1545,838,707,54.239482200647245,2.0304026191509683,2.886317792363722,MUTATED
1472,Gen 1472: تعميق T1 في P1 = 5.58 ATR (17.7%),1318.0106667755358,27.495989439401264,5672.042667102143,1545,838,707,54.239482200647245,2.0304026191509683,2.886317792363722,MUTATED
1473,Gen 1473: تعميق T1 في P1 = 5.57 ATR (19.1%),1318.0106667755358,27.495989439401264,5672.042667102143,1545,838,707,54.239482200647245,2.0304026191509683,2.886317792363722,MUTATED
1474,Gen 1474: تعميق T1 في P1 = 5.65 ATR (18.2%),1318.0106667755358,27.495989439401264,5672.042667102143,1545,838,707,54.239482200647245,2.0304026191509683,2.886317792363722,MUTATED
1475,Gen 1475: تعميق T1 في P1 = 5.58 ATR (17.4%),1318.0106667755358,27.495989439401264,5672.042667102143,1545,838,707,54.239482200647245,2.0304026191509683,2.886317792363722,MUTATED
1476,Gen 1476: تعميق T1 في P1 = 5.75 ATR (16.9%),1318.0106667755358,27.495989439401264,5672.042667102143,1545,838,707,54.239482200647245,2.0304026191509683,2.886317792363722,MUTATED
1477,Gen 1477: تعميق T1 في P1 = 5.53 ATR (19.7%),1318.0106667755358,27.495989439401264,5672.042667102143,1545,838,707,54.239482200647245,2.0304026191509683,2.886317792363722,MUTATED
1478,Gen 1478: تعميق T1 في P1 = 5.56 ATR (17.2%),1318.0106667755358,27.495989439401264,5672.042667102143,1545,838,707,54.239482200647245,2.0304026191509683,2.886317792363722,MUTATED
1479,Gen 1479: تعميق T1 في P1 = 5.59 ATR (18.1%),1318.0106667755358,27.495989439401264,5672.042667102143,1545,838,707,54.239482200647245,2.0304026191509683,2.886317792363722,MUTATED
1480,Gen 1480: تعميق T1 في P1 = 5.7 ATR (18.1%),1318.0106667755358,27.495989439401264,5672.042667102143,1545,838,707,54.239482200647245,2.0304026191509683,2.886317792363722,MUTATED
1481,Gen 1481: تعميق T1 في P1 = 5.68 ATR (15.6%),1318.0106667755358,27.495989439401264,5672.042667102143,1545,838,707,54.239482200647245,2.0304026191509683,2.886317792363722,MUTATED
1482,Gen 1482: تعميق T1 في P1 = 5.57 ATR (19.7%),1318.0106667755358,27.495989439401264,5672.042667102143,1545,838,707,54.239482200647245,2.0304026191509683,2.886317792363722,MUTATED
1483,Gen 1483: تعميق T1 في P1 = 5.5 ATR (15.8%),1318.0106667755358,27.495989439401264,5672.042667102143,1545,838,707,54.239482200647245,2.0304026191509683,2.886317792363722,MUTATED
1484,Gen 1484: تعميق T1 في P1 = 5.73 ATR (19.9%),1318.0106667755358,27.495989439401264,5672.042667102143,1545,838,707,54.239482200647245,2.0304026191509683,2.886317792363722,MUTATED
1485,Gen 1485: تعميق T1 في P1 = 5.67 ATR (18.2%),1318.0106667755358,27.495989439401264,5672.042667102143,1545,838,707,54.239482200647245,2.0304026191509683,2.886317792363722,MUTATED
1486,Gen 1486: تعميق T1 في P1 = 5.64 ATR (16.9%),1318.0106667755358,27.495989439401264,5672.042667102143,1545,838,707,54.239482200647245,2.0304026191509683,2.886317792363722,MUTATED
1487,Gen 1487: تعميق T1 في P1 = 5.57 ATR (17.4%),1318.0106667755358,27.495989439401264,5672.042667102143,1545,838,707,54.239482200647245,2.0304026191509683,2.886317792363722,MUTATED
1488,Gen 1488: تعميق T1 في P1 = 5.73 ATR (18.3%),1318.0106667755358,27.495989439401264,5672.042667102143,1545,838,707,54.239482200647245,2.0304026191509683,2.886317792363722,MUTATED
1489,Gen 1489: تعميق T1 في P1 = 5.5 ATR (17.4%),1318.0106667755358,27.495989439401264,5672.042667102143,1545,838,707,54.239482200647245,2.0304026191509683,2.886317792363722,MUTATED
1490,Gen 1490: تعميق T1 في P1 = 5.59 ATR (19.4%),1318.0106667755358,27.495989439401264,5672.042667102143,1545,838,707,54.239482200647245,2.0304026191509683,2.886317792363722,MUTATED
1491,Gen 1491: تعميق T1 في P1 = 5.54 ATR (16.1%),1318.0106667755358,27.495989439401264,5672.042667102143,1545,838,707,54.239482200647245,2.0304026191509683,2.886317792363722,MUTATED
1492,Gen 1492: تعميق T1 في P1 = 5.67 ATR (14.9%),1318.0106667755358,27.495989439401264,5672.042667102143,1545,838,707,54.239482200647245,2.0304026191509683,2.886317792363722,MUTATED
1493,Gen 1493: تعميق T1 في P1 = 5.41 ATR (19.7%),1318.0106667755358,27.495989439401264,5672.042667102143,1545,838,707,54.239482200647245,2.0304026191509683,2.886317792363722,MUTATED
1494,Gen 1494: تعميق T1 في P1 = 5.43 ATR (19.5%),1318.0106667755358,27.495989439401264,5672.042667102143,1545,838,707,54.239482200647245,2.0304026191509683,2.886317792363722,MUTATED
1495,Gen 1495: تعميق T1 في P1 = 5.63 ATR (18.5%),1318.0106667755358,27.495989439401264,5672.042667102143,1545,838,707,54.239482200647245,2.0304026191509683,2.886317792363722,MUTATED
1496,Gen 1496: تعميق T1 في P1 = 5.47 ATR (19.0%),1318.0106667755358,27.495989439401264,5672.042667102143,1545,838,707,54.239482200647245,2.0304026191509683,2.886317792363722,MUTATED
1497,Gen 1497: تعميق T1 في P1 = 5.49 ATR (17.4%),1318.0106667755358,27.495989439401264,5672.042667102143,1545,838,707,54.239482200647245,2.0304026191509683,2.886317792363722,MUTATED
1498,Gen 1498: تعميق T1 في P1 = 5.5 ATR (14.7%),1318.0106667755358,27.495989439401264,5672.042667102143,1545,838,707,54.239482200647245,2.0304026191509683,2.886317792363722,MUTATED
1499,Gen 1499: تعميق T1 في P1 = 5.66 ATR (15.4%),1318.0106667755358,27.495989439401264,5672.042667102143,1545,838,707,54.239482200647245,2.0304026191509683,2.886317792363722,MUTATED
1500,Gen 1500: تعميق T1 في P1 = 5.42 ATR (19.4%),1318.0106667755358,27.495989439401264,5672.042667102143,1545,838,707,54.239482200647245,2.0304026191509683,2.886317792363722,MUTATED
1501,Gen 1501: مضاعف التعافي rec_boost = 1.4,1318.0106667755358,27.495989439401264,5672.042667102143,1545,838,707,54.239482200647245,2.0304026191509683,2.886317792363722,MUTATED
1502,Gen 1502: مضاعف التعافي rec_boost = 1.4,1318.0106667755358,27.495989439401264,5672.042667102143,1545,838,707,54.239482200647245,2.0304026191509683,2.886317792363722,MUTATED
1503,Gen 1503: مضاعف التعافي rec_boost = 1.37,1318.0106667755358,27.495989439401264,5672.042667102143,1545,838,707,54.239482200647245,2.0304026191509683,2.886317792363722,MUTATED
1504,Gen 1504: مضاعف التعافي rec_boost = 1.42,1318.0106667755358,27.495989439401264,5672.042667102143,1545,838,707,54.239482200647245,2.0304026191509683,2.886317792363722,MUTATED
1505,Gen 1505: مضاعف التعافي rec_boost = 1.44,1318.0106667755358,27.495989439401264,5672.042667102143,1545,838,707,54.239482200647245,2.0304026191509683,2.886317792363722,MUTATED
1506,Gen 1506: مضاعف التعافي rec_boost = 1.49,1318.0106667755358,27.495989439401264,5672.042667102143,1545,838,707,54.239482200647245,2.0304026191509683,2.886317792363722,MUTATED
1507,Gen 1507: مضاعف التعافي rec_boost = 1.38,1318.0106667755358,27.495989439401264,5672.042667102143,1545,838,707,54.239482200647245,2.0304026191509683,2.886317792363722,MUTATED
1508,Gen 1508: مضاعف التعافي rec_boost = 1.54,1318.0106667755358,27.495989439401264,5672.042667102143,1545,838,707,54.239482200647245,2.0304026191509683,2.886317792363722,MUTATED
1509,Gen 1509: مضاعف التعافي rec_boost = 1.55,1318.0106667755358,27.495989439401264,5672.042667102143,1545,838,707,54.239482200647245,2.0304026191509683,2.886317792363722,MUTATED
1510,Gen 1510: مضاعف التعافي rec_boost = 1.38,1318.0106667755358,27.495989439401264,5672.042667102143,1545,838,707,54.239482200647245,2.0304026191509683,2.886317792363722,MUTATED
1511,Gen 1511: مضاعف التعافي rec_boost = 1.48,1318.0106667755358,27.495989439401264,5672.042667102143,1545,838,707,54.239482200647245,2.0304026191509683,2.886317792363722,MUTATED
1512,Gen 1512: مضاعف التعافي rec_boost = 1.53,1318.0106667755358,27.495989439401264,5672.042667102143,1545,838,707,54.239482200647245,2.0304026191509683,2.886317792363722,MUTATED
1513,Gen 1513: مضاعف التعافي rec_boost = 1.45,1318.0106667755358,27.495989439401264,5672.042667102143,1545,838,707,54.239482200647245,2.0304026191509683,2.886317792363722,MUTATED
1514,Gen 1514: مضاعف التعافي rec_boost = 1.48,1318.0106667755358,27.495989439401264,5672.042667102143,1545,838,707,54.239482200647245,2.0304026191509683,2.886317792363722,MUTATED
1515,Gen 1515: مضاعف التعافي rec_boost = 1.5,1318.0106667755358,27.495989439401264,5672.042667102143,1545,838,707,54.239482200647245,2.0304026191509683,2.886317792363722,MUTATED
1516,Gen 1516: مضاعف التعافي rec_boost = 1.41,1318.0106667755358,27.495989439401264,5672.042667102143,1545,838,707,54.239482200647245,2.0304026191509683,2.886317792363722,MUTATED
1517,Gen 1517: مضاعف التعافي rec_boost = 1.41,1318.0106667755358,27.495989439401264,5672.042667102143,1545,838,707,54.239482200647245,2.0304026191509683,2.886317792363722,MUTATED
1518,Gen 1518: مضاعف التعافي rec_boost = 1.36,1318.0106667755358,27.495989439401264,5672.042667102143,1545,838,707,54.239482200647245,2.0304026191509683,2.886317792363722,MUTATED
1519,Gen 1519: مضاعف التعافي rec_boost = 1.5,1318.0106667755358,27.495989439401264,5672.042667102143,1545,838,707,54.239482200647245,2.0304026191509683,2.886317792363722,MUTATED
1520,Gen 1520: مضاعف التعافي rec_boost = 1.48,1318.0106667755358,27.495989439401264,5672.042667102143,1545,838,707,54.239482200647245,2.0304026191509683,2.886317792363722,MUTATED
1521,Gen 1521: مضاعف التعافي rec_boost = 1.4,1318.0106667755358,27.495989439401264,5672.042667102143,1545,838,707,54.239482200647245,2.0304026191509683,2.886317792363722,MUTATED
1522,Gen 1522: مضاعف التعافي rec_boost = 1.5,1318.0106667755358,27.495989439401264,5672.042667102143,1545,838,707,54.239482200647245,2.0304026191509683,2.886317792363722,MUTATED
1523,Gen 1523: مضاعف التعافي rec_boost = 1.52,1318.0106667755358,27.495989439401264,5672.042667102143,1545,838,707,54.239482200647245,2.0304026191509683,2.886317792363722,MUTATED
1524,Gen 1524: مضاعف التعافي rec_boost = 1.36,1318.0106667755358,27.495989439401264,5672.042667102143,1545,838,707,54.239482200647245,2.0304026191509683,2.886317792363722,MUTATED
1525,Gen 1525: مضاعف التعافي rec_boost = 1.53,1318.0106667755358,27.495989439401264,5672.042667102143,1545,838,707,54.239482200647245,2.0304026191509683,2.886317792363722,MUTATED
1526,Gen 1526: مضاعف التعافي rec_boost = 1.43,1318.0106667755358,27.495989439401264,5672.042667102143,1545,838,707,54.239482200647245,2.0304026191509683,2.886317792363722,MUTATED
1527,Gen 1527: مضاعف التعافي rec_boost = 1.52,1318.0106667755358,27.495989439401264,5672.042667102143,1545,838,707,54.239482200647245,2.0304026191509683,2.886317792363722,MUTATED
1528,Gen 1528: مضاعف التعافي rec_boost = 1.54,1318.0106667755358,27.495989439401264,5672.042667102143,1545,838,707,54.239482200647245,2.0304026191509683,2.886317792363722,MUTATED
1529,Gen 1529: مضاعف التعافي rec_boost = 1.36,1318.0106667755358,27.495989439401264,5672.042667102143,1545,838,707,54.239482200647245,2.0304026191509683,2.886317792363722,MUTATED
1530,Gen 1530: مضاعف التعافي rec_boost = 1.52,1318.0106667755358,27.495989439401264,5672.042667102143,1545,838,707,54.239482200647245,2.0304026191509683,2.886317792363722,MUTATED
1531,Gen 1531: مضاعف التعافي rec_boost = 1.51,1318.0106667755358,27.495989439401264,5672.042667102143,1545,838,707,54.239482200647245,2.0304026191509683,2.886317792363722,MUTATED
1532,Gen 1532: مضاعف التعافي rec_boost = 1.39,1318.0106667755358,27.495989439401264,5672.042667102143,1545,838,707,54.239482200647245,2.0304026191509683,2.886317792363722,MUTATED
1533,Gen 1533: مضاعف التعافي rec_boost = 1.5,1318.0106667755358,27.495989439401264,5672.042667102143,1545,838,707,54.239482200647245,2.0304026191509683,2.886317792363722,MUTATED
1534,Gen 1534: مضاعف التعافي rec_boost = 1.52,1318.0106667755358,27.495989439401264,5672.042667102143,1545,838,707,54.239482200647245,2.0304026191509683,2.886317792363722,MUTATED
1535,Gen 1535: مضاعف التعافي rec_boost = 1.41,1318.0106667755358,27.495989439401264,5672.042667102143,1545,838,707,54.239482200647245,2.0304026191509683,2.886317792363722,MUTATED
1536,Gen 1536: مضاعف التعافي rec_boost = 1.36,1318.0106667755358,27.495989439401264,5672.042667102143,1545,838,707,54.239482200647245,2.0304026191509683,2.886317792363722,MUTATED
1537,Gen 1537: مضاعف التعافي rec_boost = 1.41,1318.0106667755358,27.495989439401264,5672.042667102143,1545,838,707,54.239482200647245,2.0304026191509683,2.886317792363722,MUTATED
1538,Gen 1538: مضاعف التعافي rec_boost = 1.47,1318.0106667755358,27.495989439401264,5672.042667102143,1545,838,707,54.239482200647245,2.0304026191509683,2.886317792363722,MUTATED
1539,Gen 1539: مضاعف التعافي rec_boost = 1.54,1318.0106667755358,27.495989439401264,5672.042667102143,1545,838,707,54.239482200647245,2.0304026191509683,2.886317792363722,MUTATED
1540,Gen 1540: مضاعف التعافي rec_boost = 1.42,1318.0106667755358,27.495989439401264,5672.042667102143,1545,838,707,54.239482200647245,2.0304026191509683,2.886317792363722,MUTATED
1541,Gen 1541: مضاعف التعافي rec_boost = 1.44,1318.0106667755358,27.495989439401264,5672.042667102143,1545,838,707,54.239482200647245,2.0304026191509683,2.886317792363722,MUTATED
1542,Gen 1542: مضاعف التعافي rec_boost = 1.48,1318.0106667755358,27.495989439401264,5672.042667102143,1545,838,707,54.239482200647245,2.0304026191509683,2.886317792363722,MUTATED
1543,Gen 1543: مضاعف التعافي rec_boost = 1.45,1318.0106667755358,27.495989439401264,5672.042667102143,1545,838,707,54.239482200647245,2.0304026191509683,2.886317792363722,MUTATED
1544,Gen 1544: مضاعف التعافي rec_boost = 1.53,1318.0106667755358,27.495989439401264,5672.042667102143,1545,838,707,54.239482200647245,2.0304026191509683,2.886317792363722,MUTATED
1545,Gen 1545: مضاعف التعافي rec_boost = 1.38,1318.0106667755358,27.495989439401264,5672.042667102143,1545,838,707,54.239482200647245,2.0304026191509683,2.886317792363722,MUTATED
1546,Gen 1546: مضاعف التعافي rec_boost = 1.45,1318.0106667755358,27.495989439401264,5672.042667102143,1545,838,707,54.239482200647245,2.0304026191509683,2.886317792363722,MUTATED
1547,Gen 1547: مضاعف التعافي rec_boost = 1.4,1318.0106667755358,27.495989439401264,5672.042667102143,1545,838,707,54.239482200647245,2.0304026191509683,2.886317792363722,MUTATED
1548,Gen 1548: مضاعف التعافي rec_boost = 1.51,1318.0106667755358,27.495989439401264,5672.042667102143,1545,838,707,54.239482200647245,2.0304026191509683,2.886317792363722,MUTATED
1549,Gen 1549: مضاعف التعافي rec_boost = 1.42,1318.0106667755358,27.495989439401264,5672.042667102143,1545,838,707,54.239482200647245,2.0304026191509683,2.886317792363722,MUTATED
1550,Gen 1550: مضاعف التعافي rec_boost = 1.5,1318.0106667755358,27.495989439401264,5672.042667102143,1545,838,707,54.239482200647245,2.0304026191509683,2.886317792363722,MUTATED
1551,Gen 1551: مضاعف التعافي rec_boost = 1.48,1318.0106667755358,27.495989439401264,5672.042667102143,1545,838,707,54.239482200647245,2.0304026191509683,2.886317792363722,MUTATED
1552,Gen 1552: مضاعف التعافي rec_boost = 1.49,1318.0106667755358,27.495989439401264,5672.042667102143,1545,838,707,54.239482200647245,2.0304026191509683,2.886317792363722,MUTATED
1553,Gen 1553: مضاعف التعافي rec_boost = 1.35,1318.0106667755358,27.495989439401264,5672.042667102143,1545,838,707,54.239482200647245,2.0304026191509683,2.886317792363722,MUTATED
1554,Gen 1554: مضاعف التعافي rec_boost = 1.42,1318.0106667755358,27.495989439401264,5672.042667102143,1545,838,707,54.239482200647245,2.0304026191509683,2.886317792363722,MUTATED
1555,Gen 1555: مضاعف التعافي rec_boost = 1.41,1318.0106667755358,27.495989439401264,5672.042667102143,1545,838,707,54.239482200647245,2.0304026191509683,2.886317792363722,MUTATED
1556,Gen 1556: مضاعف التعافي rec_boost = 1.48,1318.0106667755358,27.495989439401264,5672.042667102143,1545,838,707,54.239482200647245,2.0304026191509683,2.886317792363722,MUTATED
1557,Gen 1557: مضاعف التعافي rec_boost = 1.39,1318.0106667755358,27.495989439401264,5672.042667102143,1545,838,707,54.239482200647245,2.0304026191509683,2.886317792363722,MUTATED
1558,Gen 1558: مضاعف التعافي rec_boost = 1.47,1318.0106667755358,27.495989439401264,5672.042667102143,1545,838,707,54.239482200647245,2.0304026191509683,2.886317792363722,MUTATED
1559,Gen 1559: مضاعف التعافي rec_boost = 1.48,1318.0106667755358,27.495989439401264,5672.042667102143,1545,838,707,54.239482200647245,2.0304026191509683,2.886317792363722,MUTATED
1560,Gen 1560: مضاعف التعافي rec_boost = 1.43,1318.0106667755358,27.495989439401264,5672.042667102143,1545,838,707,54.239482200647245,2.0304026191509683,2.886317792363722,MUTATED
1561,Gen 1561: مضاعف التعافي rec_boost = 1.44,1318.0106667755358,27.495989439401264,5672.042667102143,1545,838,707,54.239482200647245,2.0304026191509683,2.886317792363722,MUTATED
1562,Gen 1562: مضاعف التعافي rec_boost = 1.42,1318.0106667755358,27.495989439401264,5672.042667102143,1545,838,707,54.239482200647245,2.0304026191509683,2.886317792363722,MUTATED
1563,Gen 1563: مضاعف التعافي rec_boost = 1.43,1318.0106667755358,27.495989439401264,5672.042667102143,1545,838,707,54.239482200647245,2.0304026191509683,2.886317792363722,MUTATED
1564,Gen 1564: مضاعف التعافي rec_boost = 1.37,1318.0106667755358,27.495989439401264,5672.042667102143,1545,838,707,54.239482200647245,2.0304026191509683,2.886317792363722,MUTATED
1565,Gen 1565: مضاعف التعافي rec_boost = 1.55,1318.0106667755358,27.495989439401264,5672.042667102143,1545,838,707,54.239482200647245,2.0304026191509683,2.886317792363722,MUTATED
1566,Gen 1566: مضاعف التعافي rec_boost = 1.45,1318.0106667755358,27.495989439401264,5672.042667102143,1545,838,707,54.239482200647245,2.0304026191509683,2.886317792363722,MUTATED
1567,Gen 1567: مضاعف التعافي rec_boost = 1.54,1318.0106667755358,27.495989439401264,5672.042667102143,1545,838,707,54.239482200647245,2.0304026191509683,2.886317792363722,MUTATED
1568,Gen 1568: مضاعف التعافي rec_boost = 1.35,1318.0106667755358,27.495989439401264,5672.042667102143,1545,838,707,54.239482200647245,2.0304026191509683,2.886317792363722,MUTATED
1569,Gen 1569: مضاعف التعافي rec_boost = 1.43,1318.0106667755358,27.495989439401264,5672.042667102143,1545,838,707,54.239482200647245,2.0304026191509683,2.886317792363722,MUTATED
1570,Gen 1570: مضاعف التعافي rec_boost = 1.44,1318.0106667755358,27.495989439401264,5672.042667102143,1545,838,707,54.239482200647245,2.0304026191509683,2.886317792363722,MUTATED
1571,Gen 1571: مضاعف التعافي rec_boost = 1.4,1318.0106667755358,27.495989439401264,5672.042667102143,1545,838,707,54.239482200647245,2.0304026191509683,2.886317792363722,MUTATED
1572,Gen 1572: مضاعف التعافي rec_boost = 1.42,1318.0106667755358,27.495989439401264,5672.042667102143,1545,838,707,54.239482200647245,2.0304026191509683,2.886317792363722,MUTATED
1573,Gen 1573: مضاعف التعافي rec_boost = 1.47,1318.0106667755358,27.495989439401264,5672.042667102143,1545,838,707,54.239482200647245,2.0304026191509683,2.886317792363722,MUTATED
1574,Gen 1574: مضاعف التعافي rec_boost = 1.46,1318.0106667755358,27.495989439401264,5672.042667102143,1545,838,707,54.239482200647245,2.0304026191509683,2.886317792363722,MUTATED
1575,Gen 1575: مضاعف التعافي rec_boost = 1.4,1318.0106667755358,27.495989439401264,5672.042667102143,1545,838,707,54.239482200647245,2.0304026191509683,2.886317792363722,MUTATED
1576,Gen 1576: مضاعف التعافي rec_boost = 1.42,1318.0106667755358,27.495989439401264,5672.042667102143,1545,838,707,54.239482200647245,2.0304026191509683,2.886317792363722,MUTATED
1577,Gen 1577: مضاعف التعافي rec_boost = 1.4,1318.0106667755358,27.495989439401264,5672.042667102143,1545,838,707,54.239482200647245,2.0304026191509683,2.886317792363722,MUTATED
1578,Gen 1578: مضاعف التعافي rec_boost = 1.48,1318.0106667755358,27.495989439401264,5672.042667102143,1545,838,707,54.239482200647245,2.0304026191509683,2.886317792363722,MUTATED
1579,Gen 1579: مضاعف التعافي rec_boost = 1.44,1318.0106667755358,27.495989439401264,5672.042667102143,1545,838,707,54.239482200647245,2.0304026191509683,2.886317792363722,MUTATED
1580,Gen 1580: مضاعف التعافي rec_boost = 1.38,1318.0106667755358,27.495989439401264,5672.042667102143,1545,838,707,54.239482200647245,2.0304026191509683,2.886317792363722,MUTATED
1581,Gen 1581: مضاعف التعافي rec_boost = 1.49,1318.0106667755358,27.495989439401264,5672.042667102143,1545,838,707,54.239482200647245,2.0304026191509683,2.886317792363722,MUTATED
1582,Gen 1582: مضاعف التعافي rec_boost = 1.53,1318.0106667755358,27.495989439401264,5672.042667102143,1545,838,707,54.239482200647245,2.0304026191509683,2.886317792363722,MUTATED
1583,Gen 1583: مضاعف التعافي rec_boost = 1.53,1318.0106667755358,27.495989439401264,5672.042667102143,1545,838,707,54.239482200647245,2.0304026191509683,2.886317792363722,MUTATED
1584,Gen 1584: مضاعف التعافي rec_boost = 1.5,1318.0106667755358,27.495989439401264,5672.042667102143,1545,838,707,54.239482200647245,2.0304026191509683,2.886317792363722,MUTATED
1585,Gen 1585: مضاعف التعافي rec_boost = 1.49,1318.0106667755358,27.495989439401264,5672.042667102143,1545,838,707,54.239482200647245,2.0304026191509683,2.886317792363722,MUTATED
1586,Gen 1586: مضاعف التعافي rec_boost = 1.48,1318.0106667755358,27.495989439401264,5672.042667102143,1545,838,707,54.239482200647245,2.0304026191509683,2.886317792363722,MUTATED
1587,Gen 1587: مضاعف التعافي rec_boost = 1.54,1318.0106667755358,27.495989439401264,5672.042667102143,1545,838,707,54.239482200647245,2.0304026191509683,2.886317792363722,MUTATED
1588,Gen 1588: مضاعف التعافي rec_boost = 1.42,1318.0106667755358,27.495989439401264,5672.042667102143,1545,838,707,54.239482200647245,2.0304026191509683,2.886317792363722,MUTATED
1589,Gen 1589: مضاعف التعافي rec_boost = 1.39,1318.0106667755358,27.495989439401264,5672.042667102143,1545,838,707,54.239482200647245,2.0304026191509683,2.886317792363722,MUTATED
1590,Gen 1590: مضاعف التعافي rec_boost = 1.54,1318.0106667755358,27.495989439401264,5672.042667102143,1545,838,707,54.239482200647245,2.0304026191509683,2.886317792363722,MUTATED
1591,Gen 1591: مضاعف التعافي rec_boost = 1.45,1318.0106667755358,27.495989439401264,5672.042667102143,1545,838,707,54.239482200647245,2.0304026191509683,2.886317792363722,MUTATED
1592,Gen 1592: مضاعف التعافي rec_boost = 1.44,1318.0106667755358,27.495989439401264,5672.042667102143,1545,838,707,54.239482200647245,2.0304026191509683,2.886317792363722,MUTATED
1593,Gen 1593: مضاعف التعافي rec_boost = 1.55,1318.0106667755358,27.495989439401264,5672.042667102143,1545,838,707,54.239482200647245,2.0304026191509683,2.886317792363722,MUTATED
1594,Gen 1594: مضاعف التعافي rec_boost = 1.42,1318.0106667755358,27.495989439401264,5672.042667102143,1545,838,707,54.239482200647245,2.0304026191509683,2.886317792363722,MUTATED
1595,Gen 1595: مضاعف التعافي rec_boost = 1.49,1318.0106667755358,27.495989439401264,5672.042667102143,1545,838,707,54.239482200647245,2.0304026191509683,2.886317792363722,MUTATED
1596,Gen 1596: مضاعف التعافي rec_boost = 1.53,1318.0106667755358,27.495989439401264,5672.042667102143,1545,838,707,54.239482200647245,2.0304026191509683,2.886317792363722,MUTATED
1597,Gen 1597: مضاعف التعافي rec_boost = 1.5,1318.0106667755358,27.495989439401264,5672.042667102143,1545,838,707,54.239482200647245,2.0304026191509683,2.886317792363722,MUTATED
1598,Gen 1598: مضاعف التعافي rec_boost = 1.51,1318.0106667755358,27.495989439401264,5672.042667102143,1545,838,707,54.239482200647245,2.0304026191509683,2.886317792363722,MUTATED
1599,Gen 1599: مضاعف التعافي rec_boost = 1.52,1318.0106667755358,27.495989439401264,5672.042667102143,1545,838,707,54.239482200647245,2.0304026191509683,2.886317792363722,MUTATED
1600,Gen 1600: مضاعف التعافي rec_boost = 1.5,1318.0106667755358,27.495989439401264,5672.042667102143,1545,838,707,54.239482200647245,2.0304026191509683,2.886317792363722,MUTATED
1601,Gen 1601: شمعات التعافي rec_bars = 96,1318.0106667755358,27.495989439401264,5672.042667102143,1545,838,707,54.239482200647245,2.0304026191509683,2.886317792363722,MUTATED
1602,Gen 1602: شمعات التعافي rec_bars = 120,1318.0106667755358,27.495989439401264,5672.042667102143,1545,838,707,54.239482200647245,2.0304026191509683,2.886317792363722,MUTATED
1603,Gen 1603: شمعات التعافي rec_bars = 112,1318.0106667755358,27.495989439401264,5672.042667102143,1545,838,707,54.239482200647245,2.0304026191509683,2.886317792363722,MUTATED
1604,Gen 1604: شمعات التعافي rec_bars = 96,1318.0106667755358,27.495989439401264,5672.042667102143,1545,838,707,54.239482200647245,2.0304026191509683,2.886317792363722,MUTATED
1605,Gen 1605: شمعات التعافي rec_bars = 96,1318.0106667755358,27.495989439401264,5672.042667102143,1545,838,707,54.239482200647245,2.0304026191509683,2.886317792363722,MUTATED
1606,Gen 1606: شمعات التعافي rec_bars = 92,1318.0106667755358,27.495989439401264,5672.042667102143,1545,838,707,54.239482200647245,2.0304026191509683,2.886317792363722,MUTATED
1607,Gen 1607: شمعات التعافي rec_bars = 104,1318.0106667755358,27.495989439401264,5672.042667102143,1545,838,707,54.239482200647245,2.0304026191509683,2.886317792363722,MUTATED
1608,Gen 1608: شمعات التعافي rec_bars = 100,1318.0106667755358,27.495989439401264,5672.042667102143,1545,838,707,54.239482200647245,2.0304026191509683,2.886317792363722,MUTATED
1609,Gen 1609: شمعات التعافي rec_bars = 100,1318.0106667755358,27.495989439401264,5672.042667102143,1545,838,707,54.239482200647245,2.0304026191509683,2.886317792363722,MUTATED
1610,Gen 1610: شمعات التعافي rec_bars = 112,1318.0106667755358,27.495989439401264,5672.042667102143,1545,838,707,54.239482200647245,2.0304026191509683,2.886317792363722,MUTATED
1611,Gen 1611: شمعات التعافي rec_bars = 120,1318.0106667755358,27.495989439401264,5672.042667102143,1545,838,707,54.239482200647245,2.0304026191509683,2.886317792363722,MUTATED
1612,Gen 1612: شمعات التعافي rec_bars = 96,1318.0106667755358,27.495989439401264,5672.042667102143,1545,838,707,54.239482200647245,2.0304026191509683,2.886317792363722,MUTATED
1613,Gen 1613: شمعات التعافي rec_bars = 104,1318.0106667755358,27.495989439401264,5672.042667102143,1545,838,707,54.239482200647245,2.0304026191509683,2.886317792363722,MUTATED
1614,Gen 1614: شمعات التعافي rec_bars = 120,1318.0106667755358,27.495989439401264,5672.042667102143,1545,838,707,54.239482200647245,2.0304026191509683,2.886317792363722,MUTATED
1615,Gen 1615: شمعات التعافي rec_bars = 96,1318.0106667755358,27.495989439401264,5672.042667102143,1545,838,707,54.239482200647245,2.0304026191509683,2.886317792363722,MUTATED
1616,Gen 1616: شمعات التعافي rec_bars = 120,1318.0106667755358,27.495989439401264,5672.042667102143,1545,838,707,54.239482200647245,2.0304026191509683,2.886317792363722,MUTATED
1617,Gen 1617: شمعات التعافي rec_bars = 92,1318.0106667755358,27.495989439401264,5672.042667102143,1545,838,707,54.239482200647245,2.0304026191509683,2.886317792363722,MUTATED
1618,Gen 1618: شمعات التعافي rec_bars = 120,1318.0106667755358,27.495989439401264,5672.042667102143,1545,838,707,54.239482200647245,2.0304026191509683,2.886317792363722,MUTATED
1619,Gen 1619: شمعات التعافي rec_bars = 100,1318.0106667755358,27.495989439401264,5672.042667102143,1545,838,707,54.239482200647245,2.0304026191509683,2.886317792363722,MUTATED
1620,Gen 1620: شمعات التعافي rec_bars = 116,1318.0106667755358,27.495989439401264,5672.042667102143,1545,838,707,54.239482200647245,2.0304026191509683,2.886317792363722,MUTATED
1621,Gen 1621: شمعات التعافي rec_bars = 120,1318.0106667755358,27.495989439401264,5672.042667102143,1545,838,707,54.239482200647245,2.0304026191509683,2.886317792363722,MUTATED
1622,Gen 1622: شمعات التعافي rec_bars = 92,1318.0106667755358,27.495989439401264,5672.042667102143,1545,838,707,54.239482200647245,2.0304026191509683,2.886317792363722,MUTATED
1623,Gen 1623: شمعات التعافي rec_bars = 120,1318.0106667755358,27.495989439401264,5672.042667102143,1545,838,707,54.239482200647245,2.0304026191509683,2.886317792363722,MUTATED
1624,Gen 1624: شمعات التعافي rec_bars = 108,1318.0106667755358,27.495989439401264,5672.042667102143,1545,838,707,54.239482200647245,2.0304026191509683,2.886317792363722,MUTATED
1625,Gen 1625: شمعات التعافي rec_bars = 92,1318.0106667755358,27.495989439401264,5672.042667102143,1545,838,707,54.239482200647245,2.0304026191509683,2.886317792363722,MUTATED
1626,Gen 1626: شمعات التعافي rec_bars = 116,1318.0106667755358,27.495989439401264,5672.042667102143,1545,838,707,54.239482200647245,2.0304026191509683,2.886317792363722,MUTATED
1627,Gen 1627: شمعات التعافي rec_bars = 108,1318.0106667755358,27.495989439401264,5672.042667102143,1545,838,707,54.239482200647245,2.0304026191509683,2.886317792363722,MUTATED
1628,Gen 1628: شمعات التعافي rec_bars = 92,1318.0106667755358,27.495989439401264,5672.042667102143,1545,838,707,54.239482200647245,2.0304026191509683,2.886317792363722,MUTATED
1629,Gen 1629: شمعات التعافي rec_bars = 104,1318.0106667755358,27.495989439401264,5672.042667102143,1545,838,707,54.239482200647245,2.0304026191509683,2.886317792363722,MUTATED
1630,Gen 1630: شمعات التعافي rec_bars = 96,1318.0106667755358,27.495989439401264,5672.042667102143,1545,838,707,54.239482200647245,2.0304026191509683,2.886317792363722,MUTATED
1631,Gen 1631: شمعات التعافي rec_bars = 92,1318.0106667755358,27.495989439401264,5672.042667102143,1545,838,707,54.239482200647245,2.0304026191509683,2.886317792363722,MUTATED
1632,Gen 1632: شمعات التعافي rec_bars = 116,1318.0106667755358,27.495989439401264,5672.042667102143,1545,838,707,54.239482200647245,2.0304026191509683,2.886317792363722,MUTATED
1633,Gen 1633: شمعات التعافي rec_bars = 112,1318.0106667755358,27.495989439401264,5672.042667102143,1545,838,707,54.239482200647245,2.0304026191509683,2.886317792363722,MUTATED
1634,Gen 1634: شمعات التعافي rec_bars = 96,1318.0106667755358,27.495989439401264,5672.042667102143,1545,838,707,54.239482200647245,2.0304026191509683,2.886317792363722,MUTATED
1635,Gen 1635: شمعات التعافي rec_bars = 92,1318.0106667755358,27.495989439401264,5672.042667102143,1545,838,707,54.239482200647245,2.0304026191509683,2.886317792363722,MUTATED
1636,Gen 1636: شمعات التعافي rec_bars = 96,1318.0106667755358,27.495989439401264,5672.042667102143,1545,838,707,54.239482200647245,2.0304026191509683,2.886317792363722,MUTATED
1637,Gen 1637: شمعات التعافي rec_bars = 120,1318.0106667755358,27.495989439401264,5672.042667102143,1545,838,707,54.239482200647245,2.0304026191509683,2.886317792363722,MUTATED
1638,Gen 1638: شمعات التعافي rec_bars = 92,1318.0106667755358,27.495989439401264,5672.042667102143,1545,838,707,54.239482200647245,2.0304026191509683,2.886317792363722,MUTATED
1639,Gen 1639: شمعات التعافي rec_bars = 108,1318.0106667755358,27.495989439401264,5672.042667102143,1545,838,707,54.239482200647245,2.0304026191509683,2.886317792363722,MUTATED
1640,Gen 1640: شمعات التعافي rec_bars = 116,1318.0106667755358,27.495989439401264,5672.042667102143,1545,838,707,54.239482200647245,2.0304026191509683,2.886317792363722,MUTATED
1641,Gen 1641: شمعات التعافي rec_bars = 100,1318.0106667755358,27.495989439401264,5672.042667102143,1545,838,707,54.239482200647245,2.0304026191509683,2.886317792363722,MUTATED
1642,Gen 1642: شمعات التعافي rec_bars = 100,1318.0106667755358,27.495989439401264,5672.042667102143,1545,838,707,54.239482200647245,2.0304026191509683,2.886317792363722,MUTATED
1643,Gen 1643: شمعات التعافي rec_bars = 116,1318.0106667755358,27.495989439401264,5672.042667102143,1545,838,707,54.239482200647245,2.0304026191509683,2.886317792363722,MUTATED
1644,Gen 1644: شمعات التعافي rec_bars = 112,1318.0106667755358,27.495989439401264,5672.042667102143,1545,838,707,54.239482200647245,2.0304026191509683,2.886317792363722,MUTATED
1645,Gen 1645: شمعات التعافي rec_bars = 116,1318.0106667755358,27.495989439401264,5672.042667102143,1545,838,707,54.239482200647245,2.0304026191509683,2.886317792363722,MUTATED
1646,Gen 1646: شمعات التعافي rec_bars = 120,1318.0106667755358,27.495989439401264,5672.042667102143,1545,838,707,54.239482200647245,2.0304026191509683,2.886317792363722,MUTATED
1647,Gen 1647: شمعات التعافي rec_bars = 116,1318.0106667755358,27.495989439401264,5672.042667102143,1545,838,707,54.239482200647245,2.0304026191509683,2.886317792363722,MUTATED
1648,Gen 1648: شمعات التعافي rec_bars = 116,1318.0106667755358,27.495989439401264,5672.042667102143,1545,838,707,54.239482200647245,2.0304026191509683,2.886317792363722,MUTATED
1649,Gen 1649: شمعات التعافي rec_bars = 96,1318.0106667755358,27.495989439401264,5672.042667102143,1545,838,707,54.239482200647245,2.0304026191509683,2.886317792363722,MUTATED
1650,Gen 1650: شمعات التعافي rec_bars = 100,1318.0106667755358,27.495989439401264,5672.042667102143,1545,838,707,54.239482200647245,2.0304026191509683,2.886317792363722,MUTATED
1651,Gen 1651: شمعات التعافي rec_bars = 112,1318.0106667755358,27.495989439401264,5672.042667102143,1545,838,707,54.239482200647245,2.0304026191509683,2.886317792363722,MUTATED
1652,Gen 1652: شمعات التعافي rec_bars = 96,1318.0106667755358,27.495989439401264,5672.042667102143,1545,838,707,54.239482200647245,2.0304026191509683,2.886317792363722,MUTATED
1653,Gen 1653: شمعات التعافي rec_bars = 100,1318.0106667755358,27.495989439401264,5672.042667102143,1545,838,707,54.239482200647245,2.0304026191509683,2.886317792363722,MUTATED
1654,Gen 1654: شمعات التعافي rec_bars = 116,1318.0106667755358,27.495989439401264,5672.042667102143,1545,838,707,54.239482200647245,2.0304026191509683,2.886317792363722,MUTATED
1655,Gen 1655: شمعات التعافي rec_bars = 100,1318.0106667755358,27.495989439401264,5672.042667102143,1545,838,707,54.239482200647245,2.0304026191509683,2.886317792363722,MUTATED
1656,Gen 1656: شمعات التعافي rec_bars = 104,1318.0106667755358,27.495989439401264,5672.042667102143,1545,838,707,54.239482200647245,2.0304026191509683,2.886317792363722,MUTATED
1657,Gen 1657: شمعات التعافي rec_bars = 92,1318.0106667755358,27.495989439401264,5672.042667102143,1545,838,707,54.239482200647245,2.0304026191509683,2.886317792363722,MUTATED
1658,Gen 1658: شمعات التعافي rec_bars = 92,1318.0106667755358,27.495989439401264,5672.042667102143,1545,838,707,54.239482200647245,2.0304026191509683,2.886317792363722,MUTATED
1659,Gen 1659: شمعات التعافي rec_bars = 108,1318.0106667755358,27.495989439401264,5672.042667102143,1545,838,707,54.239482200647245,2.0304026191509683,2.886317792363722,MUTATED
1660,Gen 1660: شمعات التعافي rec_bars = 120,1318.0106667755358,27.495989439401264,5672.042667102143,1545,838,707,54.239482200647245,2.0304026191509683,2.886317792363722,MUTATED
1661,Gen 1661: شمعات التعافي rec_bars = 116,1318.0106667755358,27.495989439401264,5672.042667102143,1545,838,707,54.239482200647245,2.0304026191509683,2.886317792363722,MUTATED
1662,Gen 1662: شمعات التعافي rec_bars = 116,1318.0106667755358,27.495989439401264,5672.042667102143,1545,838,707,54.239482200647245,2.0304026191509683,2.886317792363722,MUTATED
1663,Gen 1663: شمعات التعافي rec_bars = 104,1318.0106667755358,27.495989439401264,5672.042667102143,1545,838,707,54.239482200647245,2.0304026191509683,2.886317792363722,MUTATED
1664,Gen 1664: شمعات التعافي rec_bars = 104,1318.0106667755358,27.495989439401264,5672.042667102143,1545,838,707,54.239482200647245,2.0304026191509683,2.886317792363722,MUTATED
1665,Gen 1665: شمعات التعافي rec_bars = 120,1318.0106667755358,27.495989439401264,5672.042667102143,1545,838,707,54.239482200647245,2.0304026191509683,2.886317792363722,MUTATED
1666,Gen 1666: شمعات التعافي rec_bars = 112,1318.0106667755358,27.495989439401264,5672.042667102143,1545,838,707,54.239482200647245,2.0304026191509683,2.886317792363722,MUTATED
1667,Gen 1667: شمعات التعافي rec_bars = 100,1318.0106667755358,27.495989439401264,5672.042667102143,1545,838,707,54.239482200647245,2.0304026191509683,2.886317792363722,MUTATED
1668,Gen 1668: شمعات التعافي rec_bars = 108,1318.0106667755358,27.495989439401264,5672.042667102143,1545,838,707,54.239482200647245,2.0304026191509683,2.886317792363722,MUTATED
1669,Gen 1669: شمعات التعافي rec_bars = 104,1318.0106667755358,27.495989439401264,5672.042667102143,1545,838,707,54.239482200647245,2.0304026191509683,2.886317792363722,MUTATED
1670,Gen 1670: شمعات التعافي rec_bars = 96,1318.0106667755358,27.495989439401264,5672.042667102143,1545,838,707,54.239482200647245,2.0304026191509683,2.886317792363722,MUTATED
1671,Gen 1671: شمعات التعافي rec_bars = 92,1318.0106667755358,27.495989439401264,5672.042667102143,1545,838,707,54.239482200647245,2.0304026191509683,2.886317792363722,MUTATED
1672,Gen 1672: شمعات التعافي rec_bars = 116,1318.0106667755358,27.495989439401264,5672.042667102143,1545,838,707,54.239482200647245,2.0304026191509683,2.886317792363722,MUTATED
1673,Gen 1673: شمعات التعافي rec_bars = 92,1318.0106667755358,27.495989439401264,5672.042667102143,1545,838,707,54.239482200647245,2.0304026191509683,2.886317792363722,MUTATED
1674,Gen 1674: شمعات التعافي rec_bars = 104,1318.0106667755358,27.495989439401264,5672.042667102143,1545,838,707,54.239482200647245,2.0304026191509683,2.886317792363722,MUTATED
1675,Gen 1675: شمعات التعافي rec_bars = 104,1318.0106667755358,27.495989439401264,5672.042667102143,1545,838,707,54.239482200647245,2.0304026191509683,2.886317792363722,MUTATED
1676,Gen 1676: شمعات التعافي rec_bars = 96,1318.0106667755358,27.495989439401264,5672.042667102143,1545,838,707,54.239482200647245,2.0304026191509683,2.886317792363722,MUTATED
1677,Gen 1677: شمعات التعافي rec_bars = 96,1318.0106667755358,27.495989439401264,5672.042667102143,1545,838,707,54.239482200647245,2.0304026191509683,2.886317792363722,MUTATED
1678,Gen 1678: شمعات التعافي rec_bars = 92,1318.0106667755358,27.495989439401264,5672.042667102143,1545,838,707,54.239482200647245,2.0304026191509683,2.886317792363722,MUTATED
1679,Gen 1679: شمعات التعافي rec_bars = 120,1318.0106667755358,27.495989439401264,5672.042667102143,1545,838,707,54.239482200647245,2.0304026191509683,2.886317792363722,MUTATED
1680,Gen 1680: شمعات التعافي rec_bars = 92,1318.0106667755358,27.495989439401264,5672.042667102143,1545,838,707,54.239482200647245,2.0304026191509683,2.886317792363722,MUTATED
1681,Gen 1681: شمعات التعافي rec_bars = 104,1318.0106667755358,27.495989439401264,5672.042667102143,1545,838,707,54.239482200647245,2.0304026191509683,2.886317792363722,MUTATED
1682,Gen 1682: شمعات التعافي rec_bars = 92,1318.0106667755358,27.495989439401264,5672.042667102143,1545,838,707,54.239482200647245,2.0304026191509683,2.886317792363722,MUTATED
1683,Gen 1683: شمعات التعافي rec_bars = 116,1318.0106667755358,27.495989439401264,5672.042667102143,1545,838,707,54.239482200647245,2.0304026191509683,2.886317792363722,MUTATED
1684,Gen 1684: شمعات التعافي rec_bars = 120,1318.0106667755358,27.495989439401264,5672.042667102143,1545,838,707,54.239482200647245,2.0304026191509683,2.886317792363722,MUTATED
1685,Gen 1685: شمعات التعافي rec_bars = 104,1318.0106667755358,27.495989439401264,5672.042667102143,1545,838,707,54.239482200647245,2.0304026191509683,2.886317792363722,MUTATED
1686,Gen 1686: شمعات التعافي rec_bars = 104,1318.0106667755358,27.495989439401264,5672.042667102143,1545,838,707,54.239482200647245,2.0304026191509683,2.886317792363722,MUTATED
1687,Gen 1687: شمعات التعافي rec_bars = 92,1318.0106667755358,27.495989439401264,5672.042667102143,1545,838,707,54.239482200647245,2.0304026191509683,2.886317792363722,MUTATED
1688,Gen 1688: شمعات التعافي rec_bars = 100,1318.0106667755358,27.495989439401264,5672.042667102143,1545,838,707,54.239482200647245,2.0304026191509683,2.886317792363722,MUTATED
1689,Gen 1689: شمعات التعافي rec_bars = 108,1318.0106667755358,27.495989439401264,5672.042667102143,1545,838,707,54.239482200647245,2.0304026191509683,2.886317792363722,MUTATED
1690,Gen 1690: شمعات التعافي rec_bars = 104,1318.0106667755358,27.495989439401264,5672.042667102143,1545,838,707,54.239482200647245,2.0304026191509683,2.886317792363722,MUTATED
1691,Gen 1691: شمعات التعافي rec_bars = 112,1318.0106667755358,27.495989439401264,5672.042667102143,1545,838,707,54.239482200647245,2.0304026191509683,2.886317792363722,MUTATED
1692,Gen 1692: شمعات التعافي rec_bars = 112,1318.0106667755358,27.495989439401264,5672.042667102143,1545,838,707,54.239482200647245,2.0304026191509683,2.886317792363722,MUTATED
1693,Gen 1693: شمعات التعافي rec_bars = 104,1318.0106667755358,27.495989439401264,5672.042667102143,1545,838,707,54.239482200647245,2.0304026191509683,2.886317792363722,MUTATED
1694,Gen 1694: شمعات التعافي rec_bars = 108,1318.0106667755358,27.495989439401264,5672.042667102143,1545,838,707,54.239482200647245,2.0304026191509683,2.886317792363722,MUTATED
1695,Gen 1695: شمعات التعافي rec_bars = 100,1318.0106667755358,27.495989439401264,5672.042667102143,1545,838,707,54.239482200647245,2.0304026191509683,2.886317792363722,MUTATED
1696,Gen 1696: شمعات التعافي rec_bars = 104,1318.0106667755358,27.495989439401264,5672.042667102143,1545,838,707,54.239482200647245,2.0304026191509683,2.886317792363722,MUTATED
1697,Gen 1697: شمعات التعافي rec_bars = 116,1318.0106667755358,27.495989439401264,5672.042667102143,1545,838,707,54.239482200647245,2.0304026191509683,2.886317792363722,MUTATED
1698,Gen 1698: شمعات التعافي rec_bars = 108,1318.0106667755358,27.495989439401264,5672.042667102143,1545,838,707,54.239482200647245,2.0304026191509683,2.886317792363722,MUTATED
1699,Gen 1699: شمعات التعافي rec_bars = 108,1318.0106667755358,27.495989439401264,5672.042667102143,1545,838,707,54.239482200647245,2.0304026191509683,2.886317792363722,MUTATED
1700,Gen 1700: شمعات التعافي rec_bars = 92,1318.0106667755358,27.495989439401264,5672.042667102143,1545,838,707,54.239482200647245,2.0304026191509683,2.886317792363722,MUTATED
1701,Gen 1701: قفل أرباح T2 في P1 = 10.75 ATR (12%),1318.0106667755358,27.495989439401264,5672.042667102143,1545,838,707,54.239482200647245,2.0304026191509683,2.886317792363722,MUTATED
1702,Gen 1702: قفل أرباح T2 في P1 = 11.05 ATR (9%),1318.0106667755358,27.495989439401264,5672.042667102143,1545,838,707,54.239482200647245,2.0304026191509683,2.886317792363722,MUTATED
1703,Gen 1703: قفل أرباح T2 في P1 = 10.95 ATR (12%),1318.0106667755358,27.495989439401264,5672.042667102143,1545,838,707,54.239482200647245,2.0304026191509683,2.886317792363722,MUTATED
1704,Gen 1704: قفل أرباح T2 في P1 = 9.88 ATR (10%),1318.0106667755358,27.495989439401264,5672.042667102143,1545,838,707,54.239482200647245,2.0304026191509683,2.886317792363722,MUTATED
1705,Gen 1705: قفل أرباح T2 في P1 = 10.89 ATR (11%),1318.0106667755358,27.495989439401264,5672.042667102143,1545,838,707,54.239482200647245,2.0304026191509683,2.886317792363722,MUTATED
1706,Gen 1706: قفل أرباح T2 في P1 = 10.69 ATR (13%),1318.0106667755358,27.495989439401264,5672.042667102143,1545,838,707,54.239482200647245,2.0304026191509683,2.886317792363722,MUTATED
1707,Gen 1707: قفل أرباح T2 في P1 = 10.49 ATR (10%),1318.0106667755358,27.495989439401264,5672.042667102143,1545,838,707,54.239482200647245,2.0304026191509683,2.886317792363722,MUTATED
1708,Gen 1708: قفل أرباح T2 في P1 = 10.11 ATR (12%),1318.0106667755358,27.495989439401264,5672.042667102143,1545,838,707,54.239482200647245,2.0304026191509683,2.886317792363722,MUTATED
1709,Gen 1709: قفل أرباح T2 في P1 = 10.21 ATR (10%),1318.0106667755358,27.495989439401264,5672.042667102143,1545,838,707,54.239482200647245,2.0304026191509683,2.886317792363722,MUTATED
1710,Gen 1710: قفل أرباح T2 في P1 = 11.26 ATR (9%),1318.0106667755358,27.495989439401264,5672.042667102143,1545,838,707,54.239482200647245,2.0304026191509683,2.886317792363722,MUTATED
1711,Gen 1711: قفل أرباح T2 في P1 = 10.59 ATR (8%),1318.0106667755358,27.495989439401264,5672.042667102143,1545,838,707,54.239482200647245,2.0304026191509683,2.886317792363722,MUTATED
1712,Gen 1712: قفل أرباح T2 في P1 = 10.5 ATR (11%),1318.0106667755358,27.495989439401264,5672.042667102143,1545,838,707,54.239482200647245,2.0304026191509683,2.886317792363722,MUTATED
1713,Gen 1713: قفل أرباح T2 في P1 = 10.7 ATR (11%),1318.0106667755358,27.495989439401264,5672.042667102143,1545,838,707,54.239482200647245,2.0304026191509683,2.886317792363722,MUTATED
1714,Gen 1714: قفل أرباح T2 في P1 = 10.23 ATR (10%),1318.0106667755358,27.495989439401264,5672.042667102143,1545,838,707,54.239482200647245,2.0304026191509683,2.886317792363722,MUTATED
1715,Gen 1715: قفل أرباح T2 في P1 = 9.93 ATR (11%),1318.0106667755358,27.495989439401264,5672.042667102143,1545,838,707,54.239482200647245,2.0304026191509683,2.886317792363722,MUTATED
1716,Gen 1716: قفل أرباح T2 في P1 = 10.43 ATR (12%),1318.0106667755358,27.495989439401264,5672.042667102143,1545,838,707,54.239482200647245,2.0304026191509683,2.886317792363722,MUTATED
1717,Gen 1717: قفل أرباح T2 في P1 = 11.21 ATR (8%),1318.0106667755358,27.495989439401264,5672.042667102143,1545,838,707,54.239482200647245,2.0304026191509683,2.886317792363722,MUTATED
1718,Gen 1718: قفل أرباح T2 في P1 = 10.44 ATR (12%),1318.0106667755358,27.495989439401264,5672.042667102143,1545,838,707,54.239482200647245,2.0304026191509683,2.886317792363722,MUTATED
1719,Gen 1719: قفل أرباح T2 في P1 = 9.87 ATR (9%),1318.0106667755358,27.495989439401264,5672.042667102143,1545,838,707,54.239482200647245,2.0304026191509683,2.886317792363722,MUTATED
1720,Gen 1720: قفل أرباح T2 في P1 = 11.17 ATR (12%),1318.0106667755358,27.495989439401264,5672.042667102143,1545,838,707,54.239482200647245,2.0304026191509683,2.886317792363722,MUTATED
1721,Gen 1721: قفل أرباح T2 في P1 = 10.94 ATR (10%),1318.0106667755358,27.495989439401264,5672.042667102143,1545,838,707,54.239482200647245,2.0304026191509683,2.886317792363722,MUTATED
1722,Gen 1722: قفل أرباح T2 في P1 = 10.16 ATR (14%),1318.0106667755358,27.495989439401264,5672.042667102143,1545,838,707,54.239482200647245,2.0304026191509683,2.886317792363722,MUTATED
1723,Gen 1723: قفل أرباح T2 في P1 = 10.32 ATR (14%),1318.0106667755358,27.495989439401264,5672.042667102143,1545,838,707,54.239482200647245,2.0304026191509683,2.886317792363722,MUTATED
1724,Gen 1724: قفل أرباح T2 في P1 = 10.16 ATR (9%),1318.0106667755358,27.495989439401264,5672.042667102143,1545,838,707,54.239482200647245,2.0304026191509683,2.886317792363722,MUTATED
1725,Gen 1725: قفل أرباح T2 في P1 = 11.06 ATR (13%),1318.0106667755358,27.495989439401264,5672.042667102143,1545,838,707,54.239482200647245,2.0304026191509683,2.886317792363722,MUTATED
1726,Gen 1726: قفل أرباح T2 في P1 = 11.08 ATR (14%),1318.0106667755358,27.495989439401264,5672.042667102143,1545,838,707,54.239482200647245,2.0304026191509683,2.886317792363722,MUTATED
1727,Gen 1727: قفل أرباح T2 في P1 = 10.98 ATR (13%),1318.0106667755358,27.495989439401264,5672.042667102143,1545,838,707,54.239482200647245,2.0304026191509683,2.886317792363722,MUTATED
1728,Gen 1728: قفل أرباح T2 في P1 = 10.47 ATR (10%),1318.0106667755358,27.495989439401264,5672.042667102143,1545,838,707,54.239482200647245,2.0304026191509683,2.886317792363722,MUTATED
1729,Gen 1729: قفل أرباح T2 في P1 = 10.35 ATR (10%),1318.0106667755358,27.495989439401264,5672.042667102143,1545,838,707,54.239482200647245,2.0304026191509683,2.886317792363722,MUTATED
1730,Gen 1730: قفل أرباح T2 في P1 = 10.59 ATR (13%),1318.0106667755358,27.495989439401264,5672.042667102143,1545,838,707,54.239482200647245,2.0304026191509683,2.886317792363722,MUTATED
1731,Gen 1731: قفل أرباح T2 في P1 = 10.32 ATR (11%),1318.0106667755358,27.495989439401264,5672.042667102143,1545,838,707,54.239482200647245,2.0304026191509683,2.886317792363722,MUTATED
1732,Gen 1732: قفل أرباح T2 في P1 = 11.3 ATR (11%),1318.0106667755358,27.495989439401264,5672.042667102143,1545,838,707,54.239482200647245,2.0304026191509683,2.886317792363722,MUTATED
1733,Gen 1733: قفل أرباح T2 في P1 = 11.16 ATR (13%),1318.0106667755358,27.495989439401264,5672.042667102143,1545,838,707,54.239482200647245,2.0304026191509683,2.886317792363722,MUTATED
1734,Gen 1734: قفل أرباح T2 في P1 = 11.09 ATR (10%),1318.0106667755358,27.495989439401264,5672.042667102143,1545,838,707,54.239482200647245,2.0304026191509683,2.886317792363722,MUTATED
1735,Gen 1735: قفل أرباح T2 في P1 = 10.15 ATR (10%),1318.0106667755358,27.495989439401264,5672.042667102143,1545,838,707,54.239482200647245,2.0304026191509683,2.886317792363722,MUTATED
1736,Gen 1736: قفل أرباح T2 في P1 = 9.88 ATR (14%),1318.0106667755358,27.495989439401264,5672.042667102143,1545,838,707,54.239482200647245,2.0304026191509683,2.886317792363722,MUTATED
1737,Gen 1737: قفل أرباح T2 في P1 = 11.06 ATR (8%),1318.0106667755358,27.495989439401264,5672.042667102143,1545,838,707,54.239482200647245,2.0304026191509683,2.886317792363722,MUTATED
1738,Gen 1738: قفل أرباح T2 في P1 = 10.74 ATR (12%),1318.0106667755358,27.495989439401264,5672.042667102143,1545,838,707,54.239482200647245,2.0304026191509683,2.886317792363722,MUTATED
1739,Gen 1739: قفل أرباح T2 في P1 = 11.02 ATR (10%),1318.0106667755358,27.495989439401264,5672.042667102143,1545,838,707,54.239482200647245,2.0304026191509683,2.886317792363722,MUTATED
1740,Gen 1740: قفل أرباح T2 في P1 = 10.13 ATR (10%),1318.0106667755358,27.495989439401264,5672.042667102143,1545,838,707,54.239482200647245,2.0304026191509683,2.886317792363722,MUTATED
1741,Gen 1741: قفل أرباح T2 في P1 = 10.77 ATR (10%),1318.0106667755358,27.495989439401264,5672.042667102143,1545,838,707,54.239482200647245,2.0304026191509683,2.886317792363722,MUTATED
1742,Gen 1742: قفل أرباح T2 في P1 = 10.74 ATR (15%),1318.0106667755358,27.495989439401264,5672.042667102143,1545,838,707,54.239482200647245,2.0304026191509683,2.886317792363722,MUTATED
1743,Gen 1743: قفل أرباح T2 في P1 = 10.37 ATR (13%),1318.0106667755358,27.495989439401264,5672.042667102143,1545,838,707,54.239482200647245,2.0304026191509683,2.886317792363722,MUTATED
1744,Gen 1744: قفل أرباح T2 في P1 = 10.63 ATR (13%),1318.0106667755358,27.495989439401264,5672.042667102143,1545,838,707,54.239482200647245,2.0304026191509683,2.886317792363722,MUTATED
1745,Gen 1745: قفل أرباح T2 في P1 = 11.06 ATR (11%),1318.0106667755358,27.495989439401264,5672.042667102143,1545,838,707,54.239482200647245,2.0304026191509683,2.886317792363722,MUTATED
1746,Gen 1746: قفل أرباح T2 في P1 = 11.05 ATR (10%),1318.0106667755358,27.495989439401264,5672.042667102143,1545,838,707,54.239482200647245,2.0304026191509683,2.886317792363722,MUTATED
1747,Gen 1747: قفل أرباح T2 في P1 = 10.04 ATR (12%),1318.0106667755358,27.495989439401264,5672.042667102143,1545,838,707,54.239482200647245,2.0304026191509683,2.886317792363722,MUTATED
1748,Gen 1748: قفل أرباح T2 في P1 = 10.11 ATR (14%),1318.0106667755358,27.495989439401264,5672.042667102143,1545,838,707,54.239482200647245,2.0304026191509683,2.886317792363722,MUTATED
1749,Gen 1749: قفل أرباح T2 في P1 = 11.48 ATR (15%),1318.0106667755358,27.495989439401264,5672.042667102143,1545,838,707,54.239482200647245,2.0304026191509683,2.886317792363722,MUTATED
1750,Gen 1750: قفل أرباح T2 في P1 = 10.69 ATR (14%),1318.0106667755358,27.495989439401264,5672.042667102143,1545,838,707,54.239482200647245,2.0304026191509683,2.886317792363722,MUTATED
1751,Gen 1751: قفل أرباح T2 في P1 = 9.93 ATR (14%),1318.0106667755358,27.495989439401264,5672.042667102143,1545,838,707,54.239482200647245,2.0304026191509683,2.886317792363722,MUTATED
1752,Gen 1752: قفل أرباح T2 في P1 = 9.88 ATR (8%),1318.0106667755358,27.495989439401264,5672.042667102143,1545,838,707,54.239482200647245,2.0304026191509683,2.886317792363722,MUTATED
1753,Gen 1753: قفل أرباح T2 في P1 = 10.03 ATR (12%),1318.0106667755358,27.495989439401264,5672.042667102143,1545,838,707,54.239482200647245,2.0304026191509683,2.886317792363722,MUTATED
1754,Gen 1754: قفل أرباح T2 في P1 = 9.92 ATR (9%),1318.0106667755358,27.495989439401264,5672.042667102143,1545,838,707,54.239482200647245,2.0304026191509683,2.886317792363722,MUTATED
1755,Gen 1755: قفل أرباح T2 في P1 = 10.17 ATR (11%),1318.0106667755358,27.495989439401264,5672.042667102143,1545,838,707,54.239482200647245,2.0304026191509683,2.886317792363722,MUTATED
1756,Gen 1756: قفل أرباح T2 في P1 = 9.9 ATR (12%),1318.0106667755358,27.495989439401264,5672.042667102143,1545,838,707,54.239482200647245,2.0304026191509683,2.886317792363722,MUTATED
1757,Gen 1757: قفل أرباح T2 في P1 = 11.39 ATR (14%),1318.0106667755358,27.495989439401264,5672.042667102143,1545,838,707,54.239482200647245,2.0304026191509683,2.886317792363722,MUTATED
1758,Gen 1758: قفل أرباح T2 في P1 = 10.92 ATR (8%),1318.0106667755358,27.495989439401264,5672.042667102143,1545,838,707,54.239482200647245,2.0304026191509683,2.886317792363722,MUTATED
1759,Gen 1759: قفل أرباح T2 في P1 = 10.7 ATR (11%),1318.0106667755358,27.495989439401264,5672.042667102143,1545,838,707,54.239482200647245,2.0304026191509683,2.886317792363722,MUTATED
1760,Gen 1760: قفل أرباح T2 في P1 = 9.83 ATR (13%),1318.0106667755358,27.495989439401264,5672.042667102143,1545,838,707,54.239482200647245,2.0304026191509683,2.886317792363722,MUTATED
1761,Gen 1761: قفل أرباح T2 في P1 = 10.71 ATR (10%),1318.0106667755358,27.495989439401264,5672.042667102143,1545,838,707,54.239482200647245,2.0304026191509683,2.886317792363722,MUTATED
1762,Gen 1762: قفل أرباح T2 في P1 = 10.65 ATR (13%),1318.0106667755358,27.495989439401264,5672.042667102143,1545,838,707,54.239482200647245,2.0304026191509683,2.886317792363722,MUTATED
1763,Gen 1763: قفل أرباح T2 في P1 = 10.53 ATR (15%),1318.0106667755358,27.495989439401264,5672.042667102143,1545,838,707,54.239482200647245,2.0304026191509683,2.886317792363722,MUTATED
1764,Gen 1764: قفل أرباح T2 في P1 = 10.1 ATR (14%),1327.7737298024495,27.495989439401264,5711.094919209798,1545,838,707,54.239482200647245,2.0383845475265656,2.899891225959935,ADOPTED
1765,Gen 1765: قفل أرباح T2 في P1 = 10.69 ATR (10%),1327.7737298024495,27.495989439401264,5711.094919209798,1545,838,707,54.239482200647245,2.0383845475265656,2.899891225959935,MUTATED
1766,Gen 1766: قفل أرباح T2 في P1 = 10.85 ATR (10%),1327.7737298024495,27.495989439401264,5711.094919209798,1545,838,707,54.239482200647245,2.0383845475265656,2.899891225959935,MUTATED
1767,Gen 1767: قفل أرباح T2 في P1 = 10.4 ATR (14%),1327.7737298024495,27.495989439401264,5711.094919209798,1545,838,707,54.239482200647245,2.0383845475265656,2.899891225959935,MUTATED
1768,Gen 1768: قفل أرباح T2 في P1 = 9.93 ATR (15%),1327.7737298024495,27.495989439401264,5711.094919209798,1545,838,707,54.239482200647245,2.0383845475265656,2.899891225959935,MUTATED
1769,Gen 1769: قفل أرباح T2 في P1 = 10.58 ATR (10%),1327.7737298024495,27.495989439401264,5711.094919209798,1545,838,707,54.239482200647245,2.0383845475265656,2.899891225959935,MUTATED
1770,Gen 1770: قفل أرباح T2 في P1 = 10.99 ATR (10%),1327.7737298024495,27.495989439401264,5711.094919209798,1545,838,707,54.239482200647245,2.0383845475265656,2.899891225959935,MUTATED
1771,Gen 1771: قفل أرباح T2 في P1 = 11.21 ATR (9%),1327.7737298024495,27.495989439401264,5711.094919209798,1545,838,707,54.239482200647245,2.0383845475265656,2.899891225959935,MUTATED
1772,Gen 1772: قفل أرباح T2 في P1 = 11.49 ATR (13%),1327.7737298024495,27.495989439401264,5711.094919209798,1545,838,707,54.239482200647245,2.0383845475265656,2.899891225959935,MUTATED
1773,Gen 1773: قفل أرباح T2 في P1 = 9.85 ATR (11%),1327.7737298024495,27.495989439401264,5711.094919209798,1545,838,707,54.239482200647245,2.0383845475265656,2.899891225959935,MUTATED
1774,Gen 1774: قفل أرباح T2 في P1 = 10.44 ATR (11%),1327.7737298024495,27.495989439401264,5711.094919209798,1545,838,707,54.239482200647245,2.0383845475265656,2.899891225959935,MUTATED
1775,Gen 1775: قفل أرباح T2 في P1 = 10.88 ATR (13%),1327.7737298024495,27.495989439401264,5711.094919209798,1545,838,707,54.239482200647245,2.0383845475265656,2.899891225959935,MUTATED
1776,Gen 1776: قفل أرباح T2 في P1 = 9.94 ATR (14%),1327.7737298024495,27.495989439401264,5711.094919209798,1545,838,707,54.239482200647245,2.0383845475265656,2.899891225959935,MUTATED
1777,Gen 1777: قفل أرباح T2 في P1 = 10.9 ATR (10%),1327.7737298024495,27.495989439401264,5711.094919209798,1545,838,707,54.239482200647245,2.0383845475265656,2.899891225959935,MUTATED
1778,Gen 1778: قفل أرباح T2 في P1 = 11.46 ATR (15%),1327.7737298024495,27.495989439401264,5711.094919209798,1545,838,707,54.239482200647245,2.0383845475265656,2.899891225959935,MUTATED
1779,Gen 1779: قفل أرباح T2 في P1 = 11.32 ATR (14%),1327.7737298024495,27.495989439401264,5711.094919209798,1545,838,707,54.239482200647245,2.0383845475265656,2.899891225959935,MUTATED
1780,Gen 1780: قفل أرباح T2 في P1 = 10.19 ATR (14%),1327.7737298024495,27.495989439401264,5711.094919209798,1545,838,707,54.239482200647245,2.0383845475265656,2.899891225959935,MUTATED
1781,Gen 1781: قفل أرباح T2 في P1 = 10.98 ATR (12%),1327.7737298024495,27.495989439401264,5711.094919209798,1545,838,707,54.239482200647245,2.0383845475265656,2.899891225959935,MUTATED
1782,Gen 1782: قفل أرباح T2 في P1 = 10.26 ATR (14%),1327.7737298024495,27.495989439401264,5711.094919209798,1545,838,707,54.239482200647245,2.0383845475265656,2.899891225959935,MUTATED
1783,Gen 1783: قفل أرباح T2 في P1 = 10.96 ATR (10%),1327.7737298024495,27.495989439401264,5711.094919209798,1545,838,707,54.239482200647245,2.0383845475265656,2.899891225959935,MUTATED
1784,Gen 1784: قفل أرباح T2 في P1 = 10.72 ATR (13%),1327.7737298024495,27.495989439401264,5711.094919209798,1545,838,707,54.239482200647245,2.0383845475265656,2.899891225959935,MUTATED
1785,Gen 1785: قفل أرباح T2 في P1 = 10.1 ATR (14%),1327.7737298024495,27.495989439401264,5711.094919209798,1545,838,707,54.239482200647245,2.0383845475265656,2.899891225959935,MUTATED
1786,Gen 1786: قفل أرباح T2 في P1 = 9.83 ATR (9%),1327.7737298024495,27.495989439401264,5711.094919209798,1545,838,707,54.239482200647245,2.0383845475265656,2.899891225959935,MUTATED
1787,Gen 1787: قفل أرباح T2 في P1 = 10.05 ATR (14%),1327.7737298024495,27.495989439401264,5711.094919209798,1545,838,707,54.239482200647245,2.0383845475265656,2.899891225959935,MUTATED
1788,Gen 1788: قفل أرباح T2 في P1 = 11.2 ATR (15%),1327.7737298024495,27.495989439401264,5711.094919209798,1545,838,707,54.239482200647245,2.0383845475265656,2.899891225959935,MUTATED
1789,Gen 1789: قفل أرباح T2 في P1 = 10.31 ATR (12%),1327.7737298024495,27.495989439401264,5711.094919209798,1545,838,707,54.239482200647245,2.0383845475265656,2.899891225959935,MUTATED
1790,Gen 1790: قفل أرباح T2 في P1 = 10.76 ATR (14%),1327.7737298024495,27.495989439401264,5711.094919209798,1545,838,707,54.239482200647245,2.0383845475265656,2.899891225959935,MUTATED
1791,Gen 1791: قفل أرباح T2 في P1 = 10.95 ATR (12%),1327.7737298024495,27.495989439401264,5711.094919209798,1545,838,707,54.239482200647245,2.0383845475265656,2.899891225959935,MUTATED
1792,Gen 1792: قفل أرباح T2 في P1 = 10.45 ATR (13%),1327.7737298024495,27.495989439401264,5711.094919209798,1545,838,707,54.239482200647245,2.0383845475265656,2.899891225959935,MUTATED
1793,Gen 1793: قفل أرباح T2 في P1 = 11.14 ATR (13%),1327.7737298024495,27.495989439401264,5711.094919209798,1545,838,707,54.239482200647245,2.0383845475265656,2.899891225959935,MUTATED
1794,Gen 1794: قفل أرباح T2 في P1 = 9.93 ATR (13%),1327.7737298024495,27.495989439401264,5711.094919209798,1545,838,707,54.239482200647245,2.0383845475265656,2.899891225959935,MUTATED
1795,Gen 1795: قفل أرباح T2 في P1 = 10.39 ATR (9%),1327.7737298024495,27.495989439401264,5711.094919209798,1545,838,707,54.239482200647245,2.0383845475265656,2.899891225959935,MUTATED
1796,Gen 1796: قفل أرباح T2 في P1 = 10.19 ATR (9%),1327.7737298024495,27.495989439401264,5711.094919209798,1545,838,707,54.239482200647245,2.0383845475265656,2.899891225959935,MUTATED
1797,Gen 1797: قفل أرباح T2 في P1 = 10.83 ATR (12%),1327.7737298024495,27.495989439401264,5711.094919209798,1545,838,707,54.239482200647245,2.0383845475265656,2.899891225959935,MUTATED
1798,Gen 1798: قفل أرباح T2 في P1 = 10.81 ATR (15%),1327.7737298024495,27.495989439401264,5711.094919209798,1545,838,707,54.239482200647245,2.0383845475265656,2.899891225959935,MUTATED
1799,Gen 1799: قفل أرباح T2 في P1 = 10.35 ATR (12%),1327.7737298024495,27.495989439401264,5711.094919209798,1545,838,707,54.239482200647245,2.0383845475265656,2.899891225959935,MUTATED
1800,Gen 1800: قفل أرباح T2 في P1 = 11.13 ATR (11%),1327.7737298024495,27.495989439401264,5711.094919209798,1545,838,707,54.239482200647245,2.0383845475265656,2.899891225959935,MUTATED
1801,Gen 1801: عتبة التلاقي P2 = 0.199,1327.7737298024495,27.495989439401264,5711.094919209798,1545,838,707,54.239482200647245,2.0383845475265656,2.899891225959935,MUTATED
1802,Gen 1802: عتبة التلاقي P2 = 0.212,1327.7737298024495,27.495989439401264,5711.094919209798,1545,838,707,54.239482200647245,2.0383845475265656,2.899891225959935,MUTATED
1803,Gen 1803: عتبة التلاقي P2 = 0.205,1327.7737298024495,27.495989439401264,5711.094919209798,1545,838,707,54.239482200647245,2.0383845475265656,2.899891225959935,MUTATED
1804,Gen 1804: عتبة التلاقي P2 = 0.197,1327.7737298024495,27.495989439401264,5711.094919209798,1545,838,707,54.239482200647245,2.0383845475265656,2.899891225959935,MUTATED
1805,Gen 1805: عتبة التلاقي P2 = 0.213,1327.7737298024495,27.495989439401264,5711.094919209798,1545,838,707,54.239482200647245,2.0383845475265656,2.899891225959935,MUTATED
1806,Gen 1806: عتبة التلاقي P2 = 0.205,1327.7737298024495,27.495989439401264,5711.094919209798,1545,838,707,54.239482200647245,2.0383845475265656,2.899891225959935,MUTATED
1807,Gen 1807: عتبة التلاقي P2 = 0.221,1327.7737298024495,27.495989439401264,5711.094919209798,1545,838,707,54.239482200647245,2.0383845475265656,2.899891225959935,MUTATED
1808,Gen 1808: عتبة التلاقي P2 = 0.202,1327.7737298024495,27.495989439401264,5711.094919209798,1545,838,707,54.239482200647245,2.0383845475265656,2.899891225959935,MUTATED
1809,Gen 1809: عتبة التلاقي P2 = 0.2,1327.7737298024495,27.495989439401264,5711.094919209798,1545,838,707,54.239482200647245,2.0383845475265656,2.899891225959935,MUTATED
1810,Gen 1810: عتبة التلاقي P2 = 0.193,1327.7737298024495,27.495989439401264,5711.094919209798,1545,838,707,54.239482200647245,2.0383845475265656,2.899891225959935,MUTATED
1811,Gen 1811: عتبة التلاقي P2 = 0.201,1327.7737298024495,27.495989439401264,5711.094919209798,1545,838,707,54.239482200647245,2.0383845475265656,2.899891225959935,MUTATED
1812,Gen 1812: عتبة التلاقي P2 = 0.205,1327.7737298024495,27.495989439401264,5711.094919209798,1545,838,707,54.239482200647245,2.0383845475265656,2.899891225959935,MUTATED
1813,Gen 1813: عتبة التلاقي P2 = 0.221,1327.7737298024495,27.495989439401264,5711.094919209798,1545,838,707,54.239482200647245,2.0383845475265656,2.899891225959935,MUTATED
1814,Gen 1814: عتبة التلاقي P2 = 0.196,1327.7737298024495,27.495989439401264,5711.094919209798,1545,838,707,54.239482200647245,2.0383845475265656,2.899891225959935,MUTATED
1815,Gen 1815: عتبة التلاقي P2 = 0.206,1327.7737298024495,27.495989439401264,5711.094919209798,1545,838,707,54.239482200647245,2.0383845475265656,2.899891225959935,MUTATED
1816,Gen 1816: عتبة التلاقي P2 = 0.204,1327.7737298024495,27.495989439401264,5711.094919209798,1545,838,707,54.239482200647245,2.0383845475265656,2.899891225959935,MUTATED
1817,Gen 1817: عتبة التلاقي P2 = 0.194,1327.7737298024495,27.495989439401264,5711.094919209798,1545,838,707,54.239482200647245,2.0383845475265656,2.899891225959935,MUTATED
1818,Gen 1818: عتبة التلاقي P2 = 0.228,1327.7737298024495,27.495989439401264,5711.094919209798,1545,838,707,54.239482200647245,2.0383845475265656,2.899891225959935,MUTATED
1819,Gen 1819: عتبة التلاقي P2 = 0.208,1327.7737298024495,27.495989439401264,5711.094919209798,1545,838,707,54.239482200647245,2.0383845475265656,2.899891225959935,MUTATED
1820,Gen 1820: عتبة التلاقي P2 = 0.22,1327.7737298024495,27.495989439401264,5711.094919209798,1545,838,707,54.239482200647245,2.0383845475265656,2.899891225959935,MUTATED
1821,Gen 1821: عتبة التلاقي P2 = 0.194,1327.7737298024495,27.495989439401264,5711.094919209798,1545,838,707,54.239482200647245,2.0383845475265656,2.899891225959935,MUTATED
1822,Gen 1822: عتبة التلاقي P2 = 0.193,1327.7737298024495,27.495989439401264,5711.094919209798,1545,838,707,54.239482200647245,2.0383845475265656,2.899891225959935,MUTATED
1823,Gen 1823: عتبة التلاقي P2 = 0.207,1327.7737298024495,27.495989439401264,5711.094919209798,1545,838,707,54.239482200647245,2.0383845475265656,2.899891225959935,MUTATED
1824,Gen 1824: عتبة التلاقي P2 = 0.212,1327.7737298024495,27.495989439401264,5711.094919209798,1545,838,707,54.239482200647245,2.0383845475265656,2.899891225959935,MUTATED
1825,Gen 1825: عتبة التلاقي P2 = 0.21,1327.7737298024495,27.495989439401264,5711.094919209798,1545,838,707,54.239482200647245,2.0383845475265656,2.899891225959935,MUTATED
1826,Gen 1826: عتبة التلاقي P2 = 0.194,1327.7737298024495,27.495989439401264,5711.094919209798,1545,838,707,54.239482200647245,2.0383845475265656,2.899891225959935,MUTATED
1827,Gen 1827: عتبة التلاقي P2 = 0.194,1327.7737298024495,27.495989439401264,5711.094919209798,1545,838,707,54.239482200647245,2.0383845475265656,2.899891225959935,MUTATED
1828,Gen 1828: عتبة التلاقي P2 = 0.212,1327.7737298024495,27.495989439401264,5711.094919209798,1545,838,707,54.239482200647245,2.0383845475265656,2.899891225959935,MUTATED
1829,Gen 1829: عتبة التلاقي P2 = 0.214,1327.7737298024495,27.495989439401264,5711.094919209798,1545,838,707,54.239482200647245,2.0383845475265656,2.899891225959935,MUTATED
1830,Gen 1830: عتبة التلاقي P2 = 0.221,1327.7737298024495,27.495989439401264,5711.094919209798,1545,838,707,54.239482200647245,2.0383845475265656,2.899891225959935,MUTATED
1831,Gen 1831: عتبة التلاقي P2 = 0.225,1327.7737298024495,27.495989439401264,5711.094919209798,1545,838,707,54.239482200647245,2.0383845475265656,2.899891225959935,MUTATED
1832,Gen 1832: عتبة التلاقي P2 = 0.19,1327.7737298024495,27.495989439401264,5711.094919209798,1545,838,707,54.239482200647245,2.0383845475265656,2.899891225959935,MUTATED
1833,Gen 1833: عتبة التلاقي P2 = 0.207,1327.7737298024495,27.495989439401264,5711.094919209798,1545,838,707,54.239482200647245,2.0383845475265656,2.899891225959935,MUTATED
1834,Gen 1834: عتبة التلاقي P2 = 0.221,1327.7737298024495,27.495989439401264,5711.094919209798,1545,838,707,54.239482200647245,2.0383845475265656,2.899891225959935,MUTATED
1835,Gen 1835: عتبة التلاقي P2 = 0.219,1327.7737298024495,27.495989439401264,5711.094919209798,1545,838,707,54.239482200647245,2.0383845475265656,2.899891225959935,MUTATED
1836,Gen 1836: عتبة التلاقي P2 = 0.212,1327.7737298024495,27.495989439401264,5711.094919209798,1545,838,707,54.239482200647245,2.0383845475265656,2.899891225959935,MUTATED
1837,Gen 1837: عتبة التلاقي P2 = 0.23,1327.7737298024495,27.495989439401264,5711.094919209798,1545,838,707,54.239482200647245,2.0383845475265656,2.899891225959935,MUTATED
1838,Gen 1838: عتبة التلاقي P2 = 0.2,1327.7737298024495,27.495989439401264,5711.094919209798,1545,838,707,54.239482200647245,2.0383845475265656,2.899891225959935,MUTATED
1839,Gen 1839: عتبة التلاقي P2 = 0.211,1327.7737298024495,27.495989439401264,5711.094919209798,1545,838,707,54.239482200647245,2.0383845475265656,2.899891225959935,MUTATED
1840,Gen 1840: عتبة التلاقي P2 = 0.217,1327.7737298024495,27.495989439401264,5711.094919209798,1545,838,707,54.239482200647245,2.0383845475265656,2.899891225959935,MUTATED
1841,Gen 1841: عتبة التلاقي P2 = 0.197,1327.7737298024495,27.495989439401264,5711.094919209798,1545,838,707,54.239482200647245,2.0383845475265656,2.899891225959935,MUTATED
1842,Gen 1842: عتبة التلاقي P2 = 0.201,1327.7737298024495,27.495989439401264,5711.094919209798,1545,838,707,54.239482200647245,2.0383845475265656,2.899891225959935,MUTATED
1843,Gen 1843: عتبة التلاقي P2 = 0.201,1327.7737298024495,27.495989439401264,5711.094919209798,1545,838,707,54.239482200647245,2.0383845475265656,2.899891225959935,MUTATED
1844,Gen 1844: عتبة التلاقي P2 = 0.196,1327.7737298024495,27.495989439401264,5711.094919209798,1545,838,707,54.239482200647245,2.0383845475265656,2.899891225959935,MUTATED
1845,Gen 1845: عتبة التلاقي P2 = 0.197,1327.7737298024495,27.495989439401264,5711.094919209798,1545,838,707,54.239482200647245,2.0383845475265656,2.899891225959935,MUTATED
1846,Gen 1846: عتبة التلاقي P2 = 0.201,1327.7737298024495,27.495989439401264,5711.094919209798,1545,838,707,54.239482200647245,2.0383845475265656,2.899891225959935,MUTATED
1847,Gen 1847: عتبة التلاقي P2 = 0.202,1327.7737298024495,27.495989439401264,5711.094919209798,1545,838,707,54.239482200647245,2.0383845475265656,2.899891225959935,MUTATED
1848,Gen 1848: عتبة التلاقي P2 = 0.221,1327.7737298024495,27.495989439401264,5711.094919209798,1545,838,707,54.239482200647245,2.0383845475265656,2.899891225959935,MUTATED
1849,Gen 1849: عتبة التلاقي P2 = 0.204,1327.7737298024495,27.495989439401264,5711.094919209798,1545,838,707,54.239482200647245,2.0383845475265656,2.899891225959935,MUTATED
1850,Gen 1850: عتبة التلاقي P2 = 0.228,1327.7737298024495,27.495989439401264,5711.094919209798,1545,838,707,54.239482200647245,2.0383845475265656,2.899891225959935,MUTATED
1851,Gen 1851: عتبة التلاقي P2 = 0.219,1327.7737298024495,27.495989439401264,5711.094919209798,1545,838,707,54.239482200647245,2.0383845475265656,2.899891225959935,MUTATED
1852,Gen 1852: عتبة التلاقي P2 = 0.21,1327.7737298024495,27.495989439401264,5711.094919209798,1545,838,707,54.239482200647245,2.0383845475265656,2.899891225959935,MUTATED
1853,Gen 1853: عتبة التلاقي P2 = 0.215,1327.7737298024495,27.495989439401264,5711.094919209798,1545,838,707,54.239482200647245,2.0383845475265656,2.899891225959935,MUTATED
1854,Gen 1854: عتبة التلاقي P2 = 0.208,1327.7737298024495,27.495989439401264,5711.094919209798,1545,838,707,54.239482200647245,2.0383845475265656,2.899891225959935,MUTATED
1855,Gen 1855: عتبة التلاقي P2 = 0.195,1327.7737298024495,27.495989439401264,5711.094919209798,1545,838,707,54.239482200647245,2.0383845475265656,2.899891225959935,MUTATED
1856,Gen 1856: عتبة التلاقي P2 = 0.19,1327.7737298024495,27.495989439401264,5711.094919209798,1545,838,707,54.239482200647245,2.0383845475265656,2.899891225959935,MUTATED
1857,Gen 1857: عتبة التلاقي P2 = 0.206,1327.7737298024495,27.495989439401264,5711.094919209798,1545,838,707,54.239482200647245,2.0383845475265656,2.899891225959935,MUTATED
1858,Gen 1858: عتبة التلاقي P2 = 0.224,1327.7737298024495,27.495989439401264,5711.094919209798,1545,838,707,54.239482200647245,2.0383845475265656,2.899891225959935,MUTATED
1859,Gen 1859: عتبة التلاقي P2 = 0.205,1327.7737298024495,27.495989439401264,5711.094919209798,1545,838,707,54.239482200647245,2.0383845475265656,2.899891225959935,MUTATED
1860,Gen 1860: عتبة التلاقي P2 = 0.224,1327.7737298024495,27.495989439401264,5711.094919209798,1545,838,707,54.239482200647245,2.0383845475265656,2.899891225959935,MUTATED
1861,Gen 1861: عتبة التلاقي P2 = 0.208,1327.7737298024495,27.495989439401264,5711.094919209798,1545,838,707,54.239482200647245,2.0383845475265656,2.899891225959935,MUTATED
1862,Gen 1862: عتبة التلاقي P2 = 0.207,1327.7737298024495,27.495989439401264,5711.094919209798,1545,838,707,54.239482200647245,2.0383845475265656,2.899891225959935,MUTATED
1863,Gen 1863: عتبة التلاقي P2 = 0.223,1327.7737298024495,27.495989439401264,5711.094919209798,1545,838,707,54.239482200647245,2.0383845475265656,2.899891225959935,MUTATED
1864,Gen 1864: عتبة التلاقي P2 = 0.216,1327.7737298024495,27.495989439401264,5711.094919209798,1545,838,707,54.239482200647245,2.0383845475265656,2.899891225959935,MUTATED
1865,Gen 1865: عتبة التلاقي P2 = 0.214,1327.7737298024495,27.495989439401264,5711.094919209798,1545,838,707,54.239482200647245,2.0383845475265656,2.899891225959935,MUTATED
1866,Gen 1866: عتبة التلاقي P2 = 0.202,1327.7737298024495,27.495989439401264,5711.094919209798,1545,838,707,54.239482200647245,2.0383845475265656,2.899891225959935,MUTATED
1867,Gen 1867: عتبة التلاقي P2 = 0.214,1327.7737298024495,27.495989439401264,5711.094919209798,1545,838,707,54.239482200647245,2.0383845475265656,2.899891225959935,MUTATED
1868,Gen 1868: عتبة التلاقي P2 = 0.218,1327.7737298024495,27.495989439401264,5711.094919209798,1545,838,707,54.239482200647245,2.0383845475265656,2.899891225959935,MUTATED
1869,Gen 1869: عتبة التلاقي P2 = 0.209,1327.7737298024495,27.495989439401264,5711.094919209798,1545,838,707,54.239482200647245,2.0383845475265656,2.899891225959935,MUTATED
1870,Gen 1870: عتبة التلاقي P2 = 0.197,1327.7737298024495,27.495989439401264,5711.094919209798,1545,838,707,54.239482200647245,2.0383845475265656,2.899891225959935,MUTATED
1871,Gen 1871: عتبة التلاقي P2 = 0.206,1327.7737298024495,27.495989439401264,5711.094919209798,1545,838,707,54.239482200647245,2.0383845475265656,2.899891225959935,MUTATED
1872,Gen 1872: عتبة التلاقي P2 = 0.203,1327.7737298024495,27.495989439401264,5711.094919209798,1545,838,707,54.239482200647245,2.0383845475265656,2.899891225959935,MUTATED
1873,Gen 1873: عتبة التلاقي P2 = 0.219,1327.7737298024495,27.495989439401264,5711.094919209798,1545,838,707,54.239482200647245,2.0383845475265656,2.899891225959935,MUTATED
1874,Gen 1874: عتبة التلاقي P2 = 0.215,1327.7737298024495,27.495989439401264,5711.094919209798,1545,838,707,54.239482200647245,2.0383845475265656,2.899891225959935,MUTATED
1875,Gen 1875: عتبة التلاقي P2 = 0.229,1327.7737298024495,27.495989439401264,5711.094919209798,1545,838,707,54.239482200647245,2.0383845475265656,2.899891225959935,MUTATED
1876,Gen 1876: عتبة التلاقي P2 = 0.221,1327.7737298024495,27.495989439401264,5711.094919209798,1545,838,707,54.239482200647245,2.0383845475265656,2.899891225959935,MUTATED
1877,Gen 1877: عتبة التلاقي P2 = 0.203,1327.7737298024495,27.495989439401264,5711.094919209798,1545,838,707,54.239482200647245,2.0383845475265656,2.899891225959935,MUTATED
1878,Gen 1878: عتبة التلاقي P2 = 0.201,1327.7737298024495,27.495989439401264,5711.094919209798,1545,838,707,54.239482200647245,2.0383845475265656,2.899891225959935,MUTATED
1879,Gen 1879: عتبة التلاقي P2 = 0.221,1327.7737298024495,27.495989439401264,5711.094919209798,1545,838,707,54.239482200647245,2.0383845475265656,2.899891225959935,MUTATED
1880,Gen 1880: عتبة التلاقي P2 = 0.205,1327.7737298024495,27.495989439401264,5711.094919209798,1545,838,707,54.239482200647245,2.0383845475265656,2.899891225959935,MUTATED
1881,Gen 1881: عتبة التلاقي P2 = 0.227,1327.7737298024495,27.495989439401264,5711.094919209798,1545,838,707,54.239482200647245,2.0383845475265656,2.899891225959935,MUTATED
1882,Gen 1882: عتبة التلاقي P2 = 0.198,1327.7737298024495,27.495989439401264,5711.094919209798,1545,838,707,54.239482200647245,2.0383845475265656,2.899891225959935,MUTATED
1883,Gen 1883: عتبة التلاقي P2 = 0.23,1327.7737298024495,27.495989439401264,5711.094919209798,1545,838,707,54.239482200647245,2.0383845475265656,2.899891225959935,MUTATED
1884,Gen 1884: عتبة التلاقي P2 = 0.197,1327.7737298024495,27.495989439401264,5711.094919209798,1545,838,707,54.239482200647245,2.0383845475265656,2.899891225959935,MUTATED
1885,Gen 1885: عتبة التلاقي P2 = 0.221,1327.7737298024495,27.495989439401264,5711.094919209798,1545,838,707,54.239482200647245,2.0383845475265656,2.899891225959935,MUTATED
1886,Gen 1886: عتبة التلاقي P2 = 0.191,1327.7737298024495,27.495989439401264,5711.094919209798,1545,838,707,54.239482200647245,2.0383845475265656,2.899891225959935,MUTATED
1887,Gen 1887: عتبة التلاقي P2 = 0.219,1327.7737298024495,27.495989439401264,5711.094919209798,1545,838,707,54.239482200647245,2.0383845475265656,2.899891225959935,MUTATED
1888,Gen 1888: عتبة التلاقي P2 = 0.228,1327.7737298024495,27.495989439401264,5711.094919209798,1545,838,707,54.239482200647245,2.0383845475265656,2.899891225959935,MUTATED
1889,Gen 1889: عتبة التلاقي P2 = 0.198,1327.7737298024495,27.495989439401264,5711.094919209798,1545,838,707,54.239482200647245,2.0383845475265656,2.899891225959935,MUTATED
1890,Gen 1890: عتبة التلاقي P2 = 0.222,1327.7737298024495,27.495989439401264,5711.094919209798,1545,838,707,54.239482200647245,2.0383845475265656,2.899891225959935,MUTATED
1891,Gen 1891: عتبة التلاقي P2 = 0.223,1327.7737298024495,27.495989439401264,5711.094919209798,1545,838,707,54.239482200647245,2.0383845475265656,2.899891225959935,MUTATED
1892,Gen 1892: عتبة التلاقي P2 = 0.193,1327.7737298024495,27.495989439401264,5711.094919209798,1545,838,707,54.239482200647245,2.0383845475265656,2.899891225959935,MUTATED
1893,Gen 1893: عتبة التلاقي P2 = 0.224,1327.7737298024495,27.495989439401264,5711.094919209798,1545,838,707,54.239482200647245,2.0383845475265656,2.899891225959935,MUTATED
1894,Gen 1894: عتبة التلاقي P2 = 0.222,1327.7737298024495,27.495989439401264,5711.094919209798,1545,838,707,54.239482200647245,2.0383845475265656,2.899891225959935,MUTATED
1895,Gen 1895: عتبة التلاقي P2 = 0.217,1327.7737298024495,27.495989439401264,5711.094919209798,1545,838,707,54.239482200647245,2.0383845475265656,2.899891225959935,MUTATED
1896,Gen 1896: عتبة التلاقي P2 = 0.196,1327.7737298024495,27.495989439401264,5711.094919209798,1545,838,707,54.239482200647245,2.0383845475265656,2.899891225959935,MUTATED
1897,Gen 1897: عتبة التلاقي P2 = 0.202,1327.7737298024495,27.495989439401264,5711.094919209798,1545,838,707,54.239482200647245,2.0383845475265656,2.899891225959935,MUTATED
1898,Gen 1898: عتبة التلاقي P2 = 0.2,1327.7737298024495,27.495989439401264,5711.094919209798,1545,838,707,54.239482200647245,2.0383845475265656,2.899891225959935,MUTATED
1899,Gen 1899: عتبة التلاقي P2 = 0.196,1327.7737298024495,27.495989439401264,5711.094919209798,1545,838,707,54.239482200647245,2.0383845475265656,2.899891225959935,MUTATED
1900,Gen 1900: عتبة التلاقي P2 = 0.207,1327.7737298024495,27.495989439401264,5711.094919209798,1545,838,707,54.239482200647245,2.0383845475265656,2.899891225959935,MUTATED
1901,Gen 1901: هدف T1 في P2 = 4.29 ATR,1327.7737298024495,27.495989439401264,5711.094919209798,1545,838,707,54.239482200647245,2.0383845475265656,2.899891225959935,MUTATED
1902,Gen 1902: هدف T1 في P2 = 4.32 ATR,1327.7737298024495,27.495989439401264,5711.094919209798,1545,838,707,54.239482200647245,2.0383845475265656,2.899891225959935,MUTATED
1903,Gen 1903: هدف T1 في P2 = 4.4 ATR,1327.7737298024495,27.495989439401264,5711.094919209798,1545,838,707,54.239482200647245,2.0383845475265656,2.899891225959935,MUTATED
1904,Gen 1904: هدف T1 في P2 = 4.39 ATR,1327.7737298024495,27.495989439401264,5711.094919209798,1545,838,707,54.239482200647245,2.0383845475265656,2.899891225959935,MUTATED
1905,Gen 1905: هدف T1 في P2 = 4.37 ATR,1327.7737298024495,27.495989439401264,5711.094919209798,1545,838,707,54.239482200647245,2.0383845475265656,2.899891225959935,MUTATED
1906,Gen 1906: هدف T1 في P2 = 4.56 ATR,1327.7737298024495,27.495989439401264,5711.094919209798,1545,838,707,54.239482200647245,2.0383845475265656,2.899891225959935,MUTATED
1907,Gen 1907: هدف T1 في P2 = 4.53 ATR,1327.7737298024495,27.495989439401264,5711.094919209798,1545,838,707,54.239482200647245,2.0383845475265656,2.899891225959935,MUTATED
1908,Gen 1908: هدف T1 في P2 = 4.31 ATR,1327.7737298024495,27.495989439401264,5711.094919209798,1545,838,707,54.239482200647245,2.0383845475265656,2.899891225959935,MUTATED
1909,Gen 1909: هدف T1 في P2 = 4.12 ATR,1327.7737298024495,27.495989439401264,5711.094919209798,1545,838,707,54.239482200647245,2.0383845475265656,2.899891225959935,MUTATED
1910,Gen 1910: هدف T1 في P2 = 4.58 ATR,1327.7737298024495,27.495989439401264,5711.094919209798,1545,838,707,54.239482200647245,2.0383845475265656,2.899891225959935,MUTATED
1911,Gen 1911: هدف T1 في P2 = 4.45 ATR,1327.7737298024495,27.495989439401264,5711.094919209798,1545,838,707,54.239482200647245,2.0383845475265656,2.899891225959935,MUTATED
1912,Gen 1912: هدف T1 في P2 = 4.51 ATR,1327.7737298024495,27.495989439401264,5711.094919209798,1545,838,707,54.239482200647245,2.0383845475265656,2.899891225959935,MUTATED
1913,Gen 1913: هدف T1 في P2 = 4.4 ATR,1327.7737298024495,27.495989439401264,5711.094919209798,1545,838,707,54.239482200647245,2.0383845475265656,2.899891225959935,MUTATED
1914,Gen 1914: هدف T1 في P2 = 4.56 ATR,1327.7737298024495,27.495989439401264,5711.094919209798,1545,838,707,54.239482200647245,2.0383845475265656,2.899891225959935,MUTATED
1915,Gen 1915: هدف T1 في P2 = 4.15 ATR,1327.7737298024495,27.495989439401264,5711.094919209798,1545,838,707,54.239482200647245,2.0383845475265656,2.899891225959935,MUTATED
1916,Gen 1916: هدف T1 في P2 = 4.22 ATR,1327.7737298024495,27.495989439401264,5711.094919209798,1545,838,707,54.239482200647245,2.0383845475265656,2.899891225959935,MUTATED
1917,Gen 1917: هدف T1 في P2 = 4.43 ATR,1327.7737298024495,27.495989439401264,5711.094919209798,1545,838,707,54.239482200647245,2.0383845475265656,2.899891225959935,MUTATED
1918,Gen 1918: هدف T1 في P2 = 4.18 ATR,1327.7737298024495,27.495989439401264,5711.094919209798,1545,838,707,54.239482200647245,2.0383845475265656,2.899891225959935,MUTATED
1919,Gen 1919: هدف T1 في P2 = 4.41 ATR,1327.7737298024495,27.495989439401264,5711.094919209798,1545,838,707,54.239482200647245,2.0383845475265656,2.899891225959935,MUTATED
1920,Gen 1920: هدف T1 في P2 = 4.38 ATR,1327.7737298024495,27.495989439401264,5711.094919209798,1545,838,707,54.239482200647245,2.0383845475265656,2.899891225959935,MUTATED
1921,Gen 1921: هدف T1 في P2 = 4.42 ATR,1327.7737298024495,27.495989439401264,5711.094919209798,1545,838,707,54.239482200647245,2.0383845475265656,2.899891225959935,MUTATED
1922,Gen 1922: هدف T1 في P2 = 4.42 ATR,1327.7737298024495,27.495989439401264,5711.094919209798,1545,838,707,54.239482200647245,2.0383845475265656,2.899891225959935,MUTATED
1923,Gen 1923: هدف T1 في P2 = 4.58 ATR,1327.7737298024495,27.495989439401264,5711.094919209798,1545,838,707,54.239482200647245,2.0383845475265656,2.899891225959935,MUTATED
1924,Gen 1924: هدف T1 في P2 = 4.27 ATR,1327.7737298024495,27.495989439401264,5711.094919209798,1545,838,707,54.239482200647245,2.0383845475265656,2.899891225959935,MUTATED
1925,Gen 1925: هدف T1 في P2 = 4.5 ATR,1327.7737298024495,27.495989439401264,5711.094919209798,1545,838,707,54.239482200647245,2.0383845475265656,2.899891225959935,MUTATED
1926,Gen 1926: هدف T1 في P2 = 4.15 ATR,1327.7737298024495,27.495989439401264,5711.094919209798,1545,838,707,54.239482200647245,2.0383845475265656,2.899891225959935,MUTATED
1927,Gen 1927: هدف T1 في P2 = 4.15 ATR,1327.7737298024495,27.495989439401264,5711.094919209798,1545,838,707,54.239482200647245,2.0383845475265656,2.899891225959935,MUTATED
1928,Gen 1928: هدف T1 في P2 = 4.21 ATR,1327.7737298024495,27.495989439401264,5711.094919209798,1545,838,707,54.239482200647245,2.0383845475265656,2.899891225959935,MUTATED
1929,Gen 1929: هدف T1 في P2 = 4.47 ATR,1327.7737298024495,27.495989439401264,5711.094919209798,1545,838,707,54.239482200647245,2.0383845475265656,2.899891225959935,MUTATED
1930,Gen 1930: هدف T1 في P2 = 4.38 ATR,1327.7737298024495,27.495989439401264,5711.094919209798,1545,838,707,54.239482200647245,2.0383845475265656,2.899891225959935,MUTATED
1931,Gen 1931: هدف T1 في P2 = 4.44 ATR,1327.7737298024495,27.495989439401264,5711.094919209798,1545,838,707,54.239482200647245,2.0383845475265656,2.899891225959935,MUTATED
1932,Gen 1932: هدف T1 في P2 = 4.21 ATR,1327.7737298024495,27.495989439401264,5711.094919209798,1545,838,707,54.239482200647245,2.0383845475265656,2.899891225959935,MUTATED
1933,Gen 1933: هدف T1 في P2 = 4.29 ATR,1327.7737298024495,27.495989439401264,5711.094919209798,1545,838,707,54.239482200647245,2.0383845475265656,2.899891225959935,MUTATED
1934,Gen 1934: هدف T1 في P2 = 4.33 ATR,1327.7737298024495,27.495989439401264,5711.094919209798,1545,838,707,54.239482200647245,2.0383845475265656,2.899891225959935,MUTATED
1935,Gen 1935: هدف T1 في P2 = 4.44 ATR,1327.7737298024495,27.495989439401264,5711.094919209798,1545,838,707,54.239482200647245,2.0383845475265656,2.899891225959935,MUTATED
1936,Gen 1936: هدف T1 في P2 = 4.45 ATR,1327.7737298024495,27.495989439401264,5711.094919209798,1545,838,707,54.239482200647245,2.0383845475265656,2.899891225959935,MUTATED
1937,Gen 1937: هدف T1 في P2 = 4.18 ATR,1327.7737298024495,27.495989439401264,5711.094919209798,1545,838,707,54.239482200647245,2.0383845475265656,2.899891225959935,MUTATED
1938,Gen 1938: هدف T1 في P2 = 4.6 ATR,1327.7737298024495,27.495989439401264,5711.094919209798,1545,838,707,54.239482200647245,2.0383845475265656,2.899891225959935,MUTATED
1939,Gen 1939: هدف T1 في P2 = 4.34 ATR,1327.7737298024495,27.495989439401264,5711.094919209798,1545,838,707,54.239482200647245,2.0383845475265656,2.899891225959935,MUTATED
1940,Gen 1940: هدف T1 في P2 = 4.25 ATR,1327.7737298024495,27.495989439401264,5711.094919209798,1545,838,707,54.239482200647245,2.0383845475265656,2.899891225959935,MUTATED
1941,Gen 1941: هدف T1 في P2 = 4.56 ATR,1327.7737298024495,27.495989439401264,5711.094919209798,1545,838,707,54.239482200647245,2.0383845475265656,2.899891225959935,MUTATED
1942,Gen 1942: هدف T1 في P2 = 4.14 ATR,1327.7737298024495,27.495989439401264,5711.094919209798,1545,838,707,54.239482200647245,2.0383845475265656,2.899891225959935,MUTATED
1943,Gen 1943: هدف T1 في P2 = 4.52 ATR,1327.7737298024495,27.495989439401264,5711.094919209798,1545,838,707,54.239482200647245,2.0383845475265656,2.899891225959935,MUTATED
1944,Gen 1944: هدف T1 في P2 = 4.47 ATR,1327.7737298024495,27.495989439401264,5711.094919209798,1545,838,707,54.239482200647245,2.0383845475265656,2.899891225959935,MUTATED
1945,Gen 1945: هدف T1 في P2 = 4.27 ATR,1327.7737298024495,27.495989439401264,5711.094919209798,1545,838,707,54.239482200647245,2.0383845475265656,2.899891225959935,MUTATED
1946,Gen 1946: هدف T1 في P2 = 4.27 ATR,1327.7737298024495,27.495989439401264,5711.094919209798,1545,838,707,54.239482200647245,2.0383845475265656,2.899891225959935,MUTATED
1947,Gen 1947: هدف T1 في P2 = 4.49 ATR,1327.7737298024495,27.495989439401264,5711.094919209798,1545,838,707,54.239482200647245,2.0383845475265656,2.899891225959935,MUTATED
1948,Gen 1948: هدف T1 في P2 = 4.36 ATR,1327.7737298024495,27.495989439401264,5711.094919209798,1545,838,707,54.239482200647245,2.0383845475265656,2.899891225959935,MUTATED
1949,Gen 1949: هدف T1 في P2 = 4.27 ATR,1327.7737298024495,27.495989439401264,5711.094919209798,1545,838,707,54.239482200647245,2.0383845475265656,2.899891225959935,MUTATED
1950,Gen 1950: هدف T1 في P2 = 4.15 ATR,1327.7737298024495,27.495989439401264,5711.094919209798,1545,838,707,54.239482200647245,2.0383845475265656,2.899891225959935,MUTATED
1951,Gen 1951: هدف T1 في P2 = 4.46 ATR,1327.7737298024495,27.495989439401264,5711.094919209798,1545,838,707,54.239482200647245,2.0383845475265656,2.899891225959935,MUTATED
1952,Gen 1952: هدف T1 في P2 = 4.33 ATR,1327.7737298024495,27.495989439401264,5711.094919209798,1545,838,707,54.239482200647245,2.0383845475265656,2.899891225959935,MUTATED
1953,Gen 1953: هدف T1 في P2 = 4.13 ATR,1327.7737298024495,27.495989439401264,5711.094919209798,1545,838,707,54.239482200647245,2.0383845475265656,2.899891225959935,MUTATED
1954,Gen 1954: هدف T1 في P2 = 4.12 ATR,1327.7737298024495,27.495989439401264,5711.094919209798,1545,838,707,54.239482200647245,2.0383845475265656,2.899891225959935,MUTATED
1955,Gen 1955: هدف T1 في P2 = 4.46 ATR,1327.7737298024495,27.495989439401264,5711.094919209798,1545,838,707,54.239482200647245,2.0383845475265656,2.899891225959935,MUTATED
1956,Gen 1956: هدف T1 في P2 = 4.11 ATR,1327.7737298024495,27.495989439401264,5711.094919209798,1545,838,707,54.239482200647245,2.0383845475265656,2.899891225959935,MUTATED
1957,Gen 1957: هدف T1 في P2 = 4.27 ATR,1327.7737298024495,27.495989439401264,5711.094919209798,1545,838,707,54.239482200647245,2.0383845475265656,2.899891225959935,MUTATED
1958,Gen 1958: هدف T1 في P2 = 4.15 ATR,1327.7737298024495,27.495989439401264,5711.094919209798,1545,838,707,54.239482200647245,2.0383845475265656,2.899891225959935,MUTATED
1959,Gen 1959: هدف T1 في P2 = 4.5 ATR,1327.7737298024495,27.495989439401264,5711.094919209798,1545,838,707,54.239482200647245,2.0383845475265656,2.899891225959935,MUTATED
1960,Gen 1960: هدف T1 في P2 = 4.56 ATR,1327.7737298024495,27.495989439401264,5711.094919209798,1545,838,707,54.239482200647245,2.0383845475265656,2.899891225959935,MUTATED
1961,Gen 1961: هدف T1 في P2 = 4.47 ATR,1327.7737298024495,27.495989439401264,5711.094919209798,1545,838,707,54.239482200647245,2.0383845475265656,2.899891225959935,MUTATED
1962,Gen 1962: هدف T1 في P2 = 4.36 ATR,1327.7737298024495,27.495989439401264,5711.094919209798,1545,838,707,54.239482200647245,2.0383845475265656,2.899891225959935,MUTATED
1963,Gen 1963: هدف T1 في P2 = 4.38 ATR,1327.7737298024495,27.495989439401264,5711.094919209798,1545,838,707,54.239482200647245,2.0383845475265656,2.899891225959935,MUTATED
1964,Gen 1964: هدف T1 في P2 = 4.27 ATR,1327.7737298024495,27.495989439401264,5711.094919209798,1545,838,707,54.239482200647245,2.0383845475265656,2.899891225959935,MUTATED
1965,Gen 1965: هدف T1 في P2 = 4.31 ATR,1327.7737298024495,27.495989439401264,5711.094919209798,1545,838,707,54.239482200647245,2.0383845475265656,2.899891225959935,MUTATED
1966,Gen 1966: هدف T1 في P2 = 4.33 ATR,1327.7737298024495,27.495989439401264,5711.094919209798,1545,838,707,54.239482200647245,2.0383845475265656,2.899891225959935,MUTATED
1967,Gen 1967: هدف T1 في P2 = 4.5 ATR,1327.7737298024495,27.495989439401264,5711.094919209798,1545,838,707,54.239482200647245,2.0383845475265656,2.899891225959935,MUTATED
1968,Gen 1968: هدف T1 في P2 = 4.41 ATR,1327.7737298024495,27.495989439401264,5711.094919209798,1545,838,707,54.239482200647245,2.0383845475265656,2.899891225959935,MUTATED
1969,Gen 1969: هدف T1 في P2 = 4.19 ATR,1327.7737298024495,27.495989439401264,5711.094919209798,1545,838,707,54.239482200647245,2.0383845475265656,2.899891225959935,MUTATED
1970,Gen 1970: هدف T1 في P2 = 4.43 ATR,1327.7737298024495,27.495989439401264,5711.094919209798,1545,838,707,54.239482200647245,2.0383845475265656,2.899891225959935,MUTATED
1971,Gen 1971: هدف T1 في P2 = 4.3 ATR,1327.7737298024495,27.495989439401264,5711.094919209798,1545,838,707,54.239482200647245,2.0383845475265656,2.899891225959935,MUTATED
1972,Gen 1972: هدف T1 في P2 = 4.47 ATR,1327.7737298024495,27.495989439401264,5711.094919209798,1545,838,707,54.239482200647245,2.0383845475265656,2.899891225959935,MUTATED
1973,Gen 1973: هدف T1 في P2 = 4.54 ATR,1327.7737298024495,27.495989439401264,5711.094919209798,1545,838,707,54.239482200647245,2.0383845475265656,2.899891225959935,MUTATED
1974,Gen 1974: هدف T1 في P2 = 4.32 ATR,1327.7737298024495,27.495989439401264,5711.094919209798,1545,838,707,54.239482200647245,2.0383845475265656,2.899891225959935,MUTATED
1975,Gen 1975: هدف T1 في P2 = 4.31 ATR,1327.7737298024495,27.495989439401264,5711.094919209798,1545,838,707,54.239482200647245,2.0383845475265656,2.899891225959935,MUTATED
1976,Gen 1976: هدف T1 في P2 = 4.1 ATR,1327.7737298024495,27.495989439401264,5711.094919209798,1545,838,707,54.239482200647245,2.0383845475265656,2.899891225959935,MUTATED
1977,Gen 1977: هدف T1 في P2 = 4.21 ATR,1327.7737298024495,27.495989439401264,5711.094919209798,1545,838,707,54.239482200647245,2.0383845475265656,2.899891225959935,MUTATED
1978,Gen 1978: هدف T1 في P2 = 4.24 ATR,1327.7737298024495,27.495989439401264,5711.094919209798,1545,838,707,54.239482200647245,2.0383845475265656,2.899891225959935,MUTATED
1979,Gen 1979: هدف T1 في P2 = 4.45 ATR,1327.7737298024495,27.495989439401264,5711.094919209798,1545,838,707,54.239482200647245,2.0383845475265656,2.899891225959935,MUTATED
1980,Gen 1980: هدف T1 في P2 = 4.5 ATR,1327.7737298024495,27.495989439401264,5711.094919209798,1545,838,707,54.239482200647245,2.0383845475265656,2.899891225959935,MUTATED
1981,Gen 1981: هدف T1 في P2 = 4.39 ATR,1327.7737298024495,27.495989439401264,5711.094919209798,1545,838,707,54.239482200647245,2.0383845475265656,2.899891225959935,MUTATED
1982,Gen 1982: هدف T1 في P2 = 4.5 ATR,1327.7737298024495,27.495989439401264,5711.094919209798,1545,838,707,54.239482200647245,2.0383845475265656,2.899891225959935,MUTATED
1983,Gen 1983: هدف T1 في P2 = 4.37 ATR,1327.7737298024495,27.495989439401264,5711.094919209798,1545,838,707,54.239482200647245,2.0383845475265656,2.899891225959935,MUTATED
1984,Gen 1984: هدف T1 في P2 = 4.28 ATR,1327.7737298024495,27.495989439401264,5711.094919209798,1545,838,707,54.239482200647245,2.0383845475265656,2.899891225959935,MUTATED
1985,Gen 1985: هدف T1 في P2 = 4.2 ATR,1327.7737298024495,27.495989439401264,5711.094919209798,1545,838,707,54.239482200647245,2.0383845475265656,2.899891225959935,MUTATED
1986,Gen 1986: هدف T1 في P2 = 4.16 ATR,1327.7737298024495,27.495989439401264,5711.094919209798,1545,838,707,54.239482200647245,2.0383845475265656,2.899891225959935,MUTATED
1987,Gen 1987: هدف T1 في P2 = 4.44 ATR,1327.7737298024495,27.495989439401264,5711.094919209798,1545,838,707,54.239482200647245,2.0383845475265656,2.899891225959935,MUTATED
1988,Gen 1988: هدف T1 في P2 = 4.34 ATR,1327.7737298024495,27.495989439401264,5711.094919209798,1545,838,707,54.239482200647245,2.0383845475265656,2.899891225959935,MUTATED
1989,Gen 1989: هدف T1 في P2 = 4.58 ATR,1327.7737298024495,27.495989439401264,5711.094919209798,1545,838,707,54.239482200647245,2.0383845475265656,2.899891225959935,MUTATED
1990,Gen 1990: هدف T1 في P2 = 4.26 ATR,1327.7737298024495,27.495989439401264,5711.094919209798,1545,838,707,54.239482200647245,2.0383845475265656,2.899891225959935,MUTATED
1991,Gen 1991: هدف T1 في P2 = 4.29 ATR,1327.7737298024495,27.495989439401264,5711.094919209798,1545,838,707,54.239482200647245,2.0383845475265656,2.899891225959935,MUTATED
1992,Gen 1992: هدف T1 في P2 = 4.3 ATR,1327.7737298024495,27.495989439401264,5711.094919209798,1545,838,707,54.239482200647245,2.0383845475265656,2.899891225959935,MUTATED
1993,Gen 1993: هدف T1 في P2 = 4.16 ATR,1327.7737298024495,27.495989439401264,5711.094919209798,1545,838,707,54.239482200647245,2.0383845475265656,2.899891225959935,MUTATED
1994,Gen 1994: هدف T1 في P2 = 4.28 ATR,1327.7737298024495,27.495989439401264,5711.094919209798,1545,838,707,54.239482200647245,2.0383845475265656,2.899891225959935,MUTATED
1995,Gen 1995: هدف T1 في P2 = 4.33 ATR,1327.7737298024495,27.495989439401264,5711.094919209798,1545,838,707,54.239482200647245,2.0383845475265656,2.899891225959935,MUTATED
1996,Gen 1996: هدف T1 في P2 = 4.19 ATR,1327.7737298024495,27.495989439401264,5711.094919209798,1545,838,707,54.239482200647245,2.0383845475265656,2.899891225959935,MUTATED
1997,Gen 1997: هدف T1 في P2 = 4.44 ATR,1327.7737298024495,27.495989439401264,5711.094919209798,1545,838,707,54.239482200647245,2.0383845475265656,2.899891225959935,MUTATED
1998,Gen 1998: هدف T1 في P2 = 4.5 ATR,1327.7737298024495,27.495989439401264,5711.094919209798,1545,838,707,54.239482200647245,2.0383845475265656,2.899891225959935,MUTATED
1999,Gen 1999: هدف T1 في P2 = 4.56 ATR,1327.7737298024495,27.495989439401264,5711.094919209798,1545,838,707,54.239482200647245,2.0383845475265656,2.899891225959935,MUTATED
2000,Gen 2000: هدف T1 في P2 = 4.4 ATR,1327.7737298024495,27.495989439401264,5711.094919209798,1545,838,707,54.239482200647245,2.0383845475265656,2.899891225959935,MUTATED
2001,Gen 2001: ترايلينغ S2 = 1.15 ATR,1327.7737298024495,27.495989439401264,5711.094919209798,1545,838,707,54.239482200647245,2.0383845475265656,2.899891225959935,MUTATED
2002,Gen 2002: ترايلينغ S2 = 1.04 ATR,1327.7737298024495,27.495989439401264,5711.094919209798,1545,838,707,54.239482200647245,2.0383845475265656,2.899891225959935,MUTATED
2003,Gen 2003: ترايلينغ S2 = 1.02 ATR,1327.7737298024495,27.495989439401264,5711.094919209798,1545,838,707,54.239482200647245,2.0383845475265656,2.899891225959935,MUTATED
2004,Gen 2004: ترايلينغ S2 = 0.99 ATR,1327.7737298024495,27.495989439401264,5711.094919209798,1545,838,707,54.239482200647245,2.0383845475265656,2.899891225959935,MUTATED
2005,Gen 2005: ترايلينغ S2 = 1.06 ATR,1327.7737298024495,27.495989439401264,5711.094919209798,1545,838,707,54.239482200647245,2.0383845475265656,2.899891225959935,MUTATED
2006,Gen 2006: ترايلينغ S2 = 0.99 ATR,1327.7737298024495,27.495989439401264,5711.094919209798,1545,838,707,54.239482200647245,2.0383845475265656,2.899891225959935,MUTATED
2007,Gen 2007: ترايلينغ S2 = 1.07 ATR,1327.7737298024495,27.495989439401264,5711.094919209798,1545,838,707,54.239482200647245,2.0383845475265656,2.899891225959935,MUTATED
2008,Gen 2008: ترايلينغ S2 = 1.13 ATR,1327.7737298024495,27.495989439401264,5711.094919209798,1545,838,707,54.239482200647245,2.0383845475265656,2.899891225959935,MUTATED
2009,Gen 2009: ترايلينغ S2 = 1.12 ATR,1327.7737298024495,27.495989439401264,5711.094919209798,1545,838,707,54.239482200647245,2.0383845475265656,2.899891225959935,MUTATED
2010,Gen 2010: ترايلينغ S2 = 1.08 ATR,1327.7737298024495,27.495989439401264,5711.094919209798,1545,838,707,54.239482200647245,2.0383845475265656,2.899891225959935,MUTATED
2011,Gen 2011: ترايلينغ S2 = 1.1 ATR,1327.7737298024495,27.495989439401264,5711.094919209798,1545,838,707,54.239482200647245,2.0383845475265656,2.899891225959935,MUTATED
2012,Gen 2012: ترايلينغ S2 = 1.11 ATR,1327.7737298024495,27.495989439401264,5711.094919209798,1545,838,707,54.239482200647245,2.0383845475265656,2.899891225959935,MUTATED
2013,Gen 2013: ترايلينغ S2 = 1.23 ATR,1327.7737298024495,27.495989439401264,5711.094919209798,1545,838,707,54.239482200647245,2.0383845475265656,2.899891225959935,MUTATED
2014,Gen 2014: ترايلينغ S2 = 1.23 ATR,1327.7737298024495,27.495989439401264,5711.094919209798,1545,838,707,54.239482200647245,2.0383845475265656,2.899891225959935,MUTATED
2015,Gen 2015: ترايلينغ S2 = 1.0 ATR,1327.7737298024495,27.495989439401264,5711.094919209798,1545,838,707,54.239482200647245,2.0383845475265656,2.899891225959935,MUTATED
2016,Gen 2016: ترايلينغ S2 = 1.0 ATR,1327.7737298024495,27.495989439401264,5711.094919209798,1545,838,707,54.239482200647245,2.0383845475265656,2.899891225959935,MUTATED
2017,Gen 2017: ترايلينغ S2 = 1.04 ATR,1327.7737298024495,27.495989439401264,5711.094919209798,1545,838,707,54.239482200647245,2.0383845475265656,2.899891225959935,MUTATED
2018,Gen 2018: ترايلينغ S2 = 1.01 ATR,1327.7737298024495,27.495989439401264,5711.094919209798,1545,838,707,54.239482200647245,2.0383845475265656,2.899891225959935,MUTATED
2019,Gen 2019: ترايلينغ S2 = 1.2 ATR,1327.7737298024495,27.495989439401264,5711.094919209798,1545,838,707,54.239482200647245,2.0383845475265656,2.899891225959935,MUTATED
2020,Gen 2020: ترايلينغ S2 = 1.14 ATR,1327.7737298024495,27.495989439401264,5711.094919209798,1545,838,707,54.239482200647245,2.0383845475265656,2.899891225959935,MUTATED
2021,Gen 2021: ترايلينغ S2 = 1.21 ATR,1327.7737298024495,27.495989439401264,5711.094919209798,1545,838,707,54.239482200647245,2.0383845475265656,2.899891225959935,MUTATED
2022,Gen 2022: ترايلينغ S2 = 1.24 ATR,1327.7737298024495,27.495989439401264,5711.094919209798,1545,838,707,54.239482200647245,2.0383845475265656,2.899891225959935,MUTATED
2023,Gen 2023: ترايلينغ S2 = 1.1 ATR,1327.7737298024495,27.495989439401264,5711.094919209798,1545,838,707,54.239482200647245,2.0383845475265656,2.899891225959935,MUTATED
2024,Gen 2024: ترايلينغ S2 = 1.01 ATR,1327.7737298024495,27.495989439401264,5711.094919209798,1545,838,707,54.239482200647245,2.0383845475265656,2.899891225959935,MUTATED
2025,Gen 2025: ترايلينغ S2 = 1.07 ATR,1327.7737298024495,27.495989439401264,5711.094919209798,1545,838,707,54.239482200647245,2.0383845475265656,2.899891225959935,MUTATED
2026,Gen 2026: ترايلينغ S2 = 1.12 ATR,1327.7737298024495,27.495989439401264,5711.094919209798,1545,838,707,54.239482200647245,2.0383845475265656,2.899891225959935,MUTATED
2027,Gen 2027: ترايلينغ S2 = 1.15 ATR,1327.7737298024495,27.495989439401264,5711.094919209798,1545,838,707,54.239482200647245,2.0383845475265656,2.899891225959935,MUTATED
2028,Gen 2028: ترايلينغ S2 = 1.07 ATR,1327.7737298024495,27.495989439401264,5711.094919209798,1545,838,707,54.239482200647245,2.0383845475265656,2.899891225959935,MUTATED
2029,Gen 2029: ترايلينغ S2 = 1.1 ATR,1327.7737298024495,27.495989439401264,5711.094919209798,1545,838,707,54.239482200647245,2.0383845475265656,2.899891225959935,MUTATED
2030,Gen 2030: ترايلينغ S2 = 1.16 ATR,1327.7737298024495,27.495989439401264,5711.094919209798,1545,838,707,54.239482200647245,2.0383845475265656,2.899891225959935,MUTATED
2031,Gen 2031: ترايلينغ S2 = 1.08 ATR,1327.7737298024495,27.495989439401264,5711.094919209798,1545,838,707,54.239482200647245,2.0383845475265656,2.899891225959935,MUTATED
2032,Gen 2032: ترايلينغ S2 = 1.0 ATR,1327.7737298024495,27.495989439401264,5711.094919209798,1545,838,707,54.239482200647245,2.0383845475265656,2.899891225959935,MUTATED
2033,Gen 2033: ترايلينغ S2 = 1.12 ATR,1327.7737298024495,27.495989439401264,5711.094919209798,1545,838,707,54.239482200647245,2.0383845475265656,2.899891225959935,MUTATED
2034,Gen 2034: ترايلينغ S2 = 1.19 ATR,1327.7737298024495,27.495989439401264,5711.094919209798,1545,838,707,54.239482200647245,2.0383845475265656,2.899891225959935,MUTATED
2035,Gen 2035: ترايلينغ S2 = 1.02 ATR,1327.7737298024495,27.495989439401264,5711.094919209798,1545,838,707,54.239482200647245,2.0383845475265656,2.899891225959935,MUTATED
2036,Gen 2036: ترايلينغ S2 = 0.96 ATR,1327.7737298024495,27.495989439401264,5711.094919209798,1545,838,707,54.239482200647245,2.0383845475265656,2.899891225959935,MUTATED
2037,Gen 2037: ترايلينغ S2 = 1.02 ATR,1327.7737298024495,27.495989439401264,5711.094919209798,1545,838,707,54.239482200647245,2.0383845475265656,2.899891225959935,MUTATED
2038,Gen 2038: ترايلينغ S2 = 1.04 ATR,1327.7737298024495,27.495989439401264,5711.094919209798,1545,838,707,54.239482200647245,2.0383845475265656,2.899891225959935,MUTATED
2039,Gen 2039: ترايلينغ S2 = 1.18 ATR,1327.7737298024495,27.495989439401264,5711.094919209798,1545,838,707,54.239482200647245,2.0383845475265656,2.899891225959935,MUTATED
2040,Gen 2040: ترايلينغ S2 = 1.12 ATR,1327.7737298024495,27.495989439401264,5711.094919209798,1545,838,707,54.239482200647245,2.0383845475265656,2.899891225959935,MUTATED
2041,Gen 2041: ترايلينغ S2 = 1.18 ATR,1327.7737298024495,27.495989439401264,5711.094919209798,1545,838,707,54.239482200647245,2.0383845475265656,2.899891225959935,MUTATED
2042,Gen 2042: ترايلينغ S2 = 1.1 ATR,1327.7737298024495,27.495989439401264,5711.094919209798,1545,838,707,54.239482200647245,2.0383845475265656,2.899891225959935,MUTATED
2043,Gen 2043: ترايلينغ S2 = 1.1 ATR,1327.7737298024495,27.495989439401264,5711.094919209798,1545,838,707,54.239482200647245,2.0383845475265656,2.899891225959935,MUTATED
2044,Gen 2044: ترايلينغ S2 = 1.12 ATR,1327.7737298024495,27.495989439401264,5711.094919209798,1545,838,707,54.239482200647245,2.0383845475265656,2.899891225959935,MUTATED
2045,Gen 2045: ترايلينغ S2 = 1.03 ATR,1327.7737298024495,27.495989439401264,5711.094919209798,1545,838,707,54.239482200647245,2.0383845475265656,2.899891225959935,MUTATED
2046,Gen 2046: ترايلينغ S2 = 1.11 ATR,1327.7737298024495,27.495989439401264,5711.094919209798,1545,838,707,54.239482200647245,2.0383845475265656,2.899891225959935,MUTATED
2047,Gen 2047: ترايلينغ S2 = 1.25 ATR,1327.7737298024495,27.495989439401264,5711.094919209798,1545,838,707,54.239482200647245,2.0383845475265656,2.899891225959935,MUTATED
2048,Gen 2048: ترايلينغ S2 = 1.11 ATR,1327.7737298024495,27.495989439401264,5711.094919209798,1545,838,707,54.239482200647245,2.0383845475265656,2.899891225959935,MUTATED
2049,Gen 2049: ترايلينغ S2 = 1.18 ATR,1327.7737298024495,27.495989439401264,5711.094919209798,1545,838,707,54.239482200647245,2.0383845475265656,2.899891225959935,MUTATED
2050,Gen 2050: ترايلينغ S2 = 1.18 ATR,1327.7737298024495,27.495989439401264,5711.094919209798,1545,838,707,54.239482200647245,2.0383845475265656,2.899891225959935,MUTATED
2051,Gen 2051: ترايلينغ S2 = 1.08 ATR,1327.7737298024495,27.495989439401264,5711.094919209798,1545,838,707,54.239482200647245,2.0383845475265656,2.899891225959935,MUTATED
2052,Gen 2052: ترايلينغ S2 = 1.02 ATR,1327.7737298024495,27.495989439401264,5711.094919209798,1545,838,707,54.239482200647245,2.0383845475265656,2.899891225959935,MUTATED
2053,Gen 2053: ترايلينغ S2 = 1.08 ATR,1327.7737298024495,27.495989439401264,5711.094919209798,1545,838,707,54.239482200647245,2.0383845475265656,2.899891225959935,MUTATED
2054,Gen 2054: ترايلينغ S2 = 1.17 ATR,1327.7737298024495,27.495989439401264,5711.094919209798,1545,838,707,54.239482200647245,2.0383845475265656,2.899891225959935,MUTATED
2055,Gen 2055: ترايلينغ S2 = 1.15 ATR,1327.7737298024495,27.495989439401264,5711.094919209798,1545,838,707,54.239482200647245,2.0383845475265656,2.899891225959935,MUTATED
2056,Gen 2056: ترايلينغ S2 = 1.02 ATR,1327.7737298024495,27.495989439401264,5711.094919209798,1545,838,707,54.239482200647245,2.0383845475265656,2.899891225959935,MUTATED
2057,Gen 2057: ترايلينغ S2 = 1.21 ATR,1327.7737298024495,27.495989439401264,5711.094919209798,1545,838,707,54.239482200647245,2.0383845475265656,2.899891225959935,MUTATED
2058,Gen 2058: ترايلينغ S2 = 0.96 ATR,1327.7737298024495,27.495989439401264,5711.094919209798,1545,838,707,54.239482200647245,2.0383845475265656,2.899891225959935,MUTATED
2059,Gen 2059: ترايلينغ S2 = 1.03 ATR,1327.7737298024495,27.495989439401264,5711.094919209798,1545,838,707,54.239482200647245,2.0383845475265656,2.899891225959935,MUTATED
2060,Gen 2060: ترايلينغ S2 = 1.21 ATR,1327.7737298024495,27.495989439401264,5711.094919209798,1545,838,707,54.239482200647245,2.0383845475265656,2.899891225959935,MUTATED
2061,Gen 2061: ترايلينغ S2 = 0.98 ATR,1327.7737298024495,27.495989439401264,5711.094919209798,1545,838,707,54.239482200647245,2.0383845475265656,2.899891225959935,MUTATED
2062,Gen 2062: ترايلينغ S2 = 1.21 ATR,1327.7737298024495,27.495989439401264,5711.094919209798,1545,838,707,54.239482200647245,2.0383845475265656,2.899891225959935,MUTATED
2063,Gen 2063: ترايلينغ S2 = 0.99 ATR,1327.7737298024495,27.495989439401264,5711.094919209798,1545,838,707,54.239482200647245,2.0383845475265656,2.899891225959935,MUTATED
2064,Gen 2064: ترايلينغ S2 = 1.19 ATR,1327.7737298024495,27.495989439401264,5711.094919209798,1545,838,707,54.239482200647245,2.0383845475265656,2.899891225959935,MUTATED
2065,Gen 2065: ترايلينغ S2 = 1.01 ATR,1327.7737298024495,27.495989439401264,5711.094919209798,1545,838,707,54.239482200647245,2.0383845475265656,2.899891225959935,MUTATED
2066,Gen 2066: ترايلينغ S2 = 1.17 ATR,1327.7737298024495,27.495989439401264,5711.094919209798,1545,838,707,54.239482200647245,2.0383845475265656,2.899891225959935,MUTATED
2067,Gen 2067: ترايلينغ S2 = 1.16 ATR,1327.7737298024495,27.495989439401264,5711.094919209798,1545,838,707,54.239482200647245,2.0383845475265656,2.899891225959935,MUTATED
2068,Gen 2068: ترايلينغ S2 = 1.21 ATR,1327.7737298024495,27.495989439401264,5711.094919209798,1545,838,707,54.239482200647245,2.0383845475265656,2.899891225959935,MUTATED
2069,Gen 2069: ترايلينغ S2 = 1.13 ATR,1327.7737298024495,27.495989439401264,5711.094919209798,1545,838,707,54.239482200647245,2.0383845475265656,2.899891225959935,MUTATED
2070,Gen 2070: ترايلينغ S2 = 1.08 ATR,1327.7737298024495,27.495989439401264,5711.094919209798,1545,838,707,54.239482200647245,2.0383845475265656,2.899891225959935,MUTATED
2071,Gen 2071: ترايلينغ S2 = 1.13 ATR,1327.7737298024495,27.495989439401264,5711.094919209798,1545,838,707,54.239482200647245,2.0383845475265656,2.899891225959935,MUTATED
2072,Gen 2072: ترايلينغ S2 = 1.19 ATR,1327.7737298024495,27.495989439401264,5711.094919209798,1545,838,707,54.239482200647245,2.0383845475265656,2.899891225959935,MUTATED
2073,Gen 2073: ترايلينغ S2 = 1.19 ATR,1327.7737298024495,27.495989439401264,5711.094919209798,1545,838,707,54.239482200647245,2.0383845475265656,2.899891225959935,MUTATED
2074,Gen 2074: ترايلينغ S2 = 1.19 ATR,1327.7737298024495,27.495989439401264,5711.094919209798,1545,838,707,54.239482200647245,2.0383845475265656,2.899891225959935,MUTATED
2075,Gen 2075: ترايلينغ S2 = 1.12 ATR,1327.7737298024495,27.495989439401264,5711.094919209798,1545,838,707,54.239482200647245,2.0383845475265656,2.899891225959935,MUTATED
2076,Gen 2076: ترايلينغ S2 = 1.11 ATR,1327.7737298024495,27.495989439401264,5711.094919209798,1545,838,707,54.239482200647245,2.0383845475265656,2.899891225959935,MUTATED
2077,Gen 2077: ترايلينغ S2 = 1.13 ATR,1327.7737298024495,27.495989439401264,5711.094919209798,1545,838,707,54.239482200647245,2.0383845475265656,2.899891225959935,MUTATED
2078,Gen 2078: ترايلينغ S2 = 1.0 ATR,1327.7737298024495,27.495989439401264,5711.094919209798,1545,838,707,54.239482200647245,2.0383845475265656,2.899891225959935,MUTATED
2079,Gen 2079: ترايلينغ S2 = 1.24 ATR,1327.7737298024495,27.495989439401264,5711.094919209798,1545,838,707,54.239482200647245,2.0383845475265656,2.899891225959935,MUTATED
2080,Gen 2080: ترايلينغ S2 = 1.04 ATR,1327.7737298024495,27.495989439401264,5711.094919209798,1545,838,707,54.239482200647245,2.0383845475265656,2.899891225959935,MUTATED
2081,Gen 2081: ترايلينغ S2 = 1.12 ATR,1327.7737298024495,27.495989439401264,5711.094919209798,1545,838,707,54.239482200647245,2.0383845475265656,2.899891225959935,MUTATED
2082,Gen 2082: ترايلينغ S2 = 1.24 ATR,1327.7737298024495,27.495989439401264,5711.094919209798,1545,838,707,54.239482200647245,2.0383845475265656,2.899891225959935,MUTATED
2083,Gen 2083: ترايلينغ S2 = 1.1 ATR,1327.7737298024495,27.495989439401264,5711.094919209798,1545,838,707,54.239482200647245,2.0383845475265656,2.899891225959935,MUTATED
2084,Gen 2084: ترايلينغ S2 = 1.22 ATR,1327.7737298024495,27.495989439401264,5711.094919209798,1545,838,707,54.239482200647245,2.0383845475265656,2.899891225959935,MUTATED
2085,Gen 2085: ترايلينغ S2 = 1.19 ATR,1327.7737298024495,27.495989439401264,5711.094919209798,1545,838,707,54.239482200647245,2.0383845475265656,2.899891225959935,MUTATED
2086,Gen 2086: ترايلينغ S2 = 0.99 ATR,1327.7737298024495,27.495989439401264,5711.094919209798,1545,838,707,54.239482200647245,2.0383845475265656,2.899891225959935,MUTATED
2087,Gen 2087: ترايلينغ S2 = 1.18 ATR,1327.7737298024495,27.495989439401264,5711.094919209798,1545,838,707,54.239482200647245,2.0383845475265656,2.899891225959935,MUTATED
2088,Gen 2088: ترايلينغ S2 = 1.07 ATR,1327.7737298024495,27.495989439401264,5711.094919209798,1545,838,707,54.239482200647245,2.0383845475265656,2.899891225959935,MUTATED
2089,Gen 2089: ترايلينغ S2 = 0.97 ATR,1327.7737298024495,27.495989439401264,5711.094919209798,1545,838,707,54.239482200647245,2.0383845475265656,2.899891225959935,MUTATED
2090,Gen 2090: ترايلينغ S2 = 1.03 ATR,1327.7737298024495,27.495989439401264,5711.094919209798,1545,838,707,54.239482200647245,2.0383845475265656,2.899891225959935,MUTATED
2091,Gen 2091: ترايلينغ S2 = 1.15 ATR,1327.7737298024495,27.495989439401264,5711.094919209798,1545,838,707,54.239482200647245,2.0383845475265656,2.899891225959935,MUTATED
2092,Gen 2092: ترايلينغ S2 = 1.16 ATR,1327.7737298024495,27.495989439401264,5711.094919209798,1545,838,707,54.239482200647245,2.0383845475265656,2.899891225959935,MUTATED
2093,Gen 2093: ترايلينغ S2 = 0.99 ATR,1327.7737298024495,27.495989439401264,5711.094919209798,1545,838,707,54.239482200647245,2.0383845475265656,2.899891225959935,MUTATED
2094,Gen 2094: ترايلينغ S2 = 0.99 ATR,1327.7737298024495,27.495989439401264,5711.094919209798,1545,838,707,54.239482200647245,2.0383845475265656,2.899891225959935,MUTATED
2095,Gen 2095: ترايلينغ S2 = 1.05 ATR,1327.7737298024495,27.495989439401264,5711.094919209798,1545,838,707,54.239482200647245,2.0383845475265656,2.899891225959935,MUTATED
2096,Gen 2096: ترايلينغ S2 = 1.02 ATR,1327.7737298024495,27.495989439401264,5711.094919209798,1545,838,707,54.239482200647245,2.0383845475265656,2.899891225959935,MUTATED
2097,Gen 2097: ترايلينغ S2 = 1.2 ATR,1327.7737298024495,27.495989439401264,5711.094919209798,1545,838,707,54.239482200647245,2.0383845475265656,2.899891225959935,MUTATED
2098,Gen 2098: ترايلينغ S2 = 1.07 ATR,1327.7737298024495,27.495989439401264,5711.094919209798,1545,838,707,54.239482200647245,2.0383845475265656,2.899891225959935,MUTATED
2099,Gen 2099: ترايلينغ S2 = 0.99 ATR,1327.7737298024495,27.495989439401264,5711.094919209798,1545,838,707,54.239482200647245,2.0383845475265656,2.899891225959935,MUTATED
2100,Gen 2100: ترايلينغ S2 = 1.14 ATR,1327.7737298024495,27.495989439401264,5711.094919209798,1545,838,707,54.239482200647245,2.0383845475265656,2.899891225959935,MUTATED
2101,Gen 2101: تصعيد P1 = 4.51 ATR (12%),1327.7737298024495,27.495989439401264,5711.094919209798,1545,838,707,54.239482200647245,2.0383845475265656,2.899891225959935,MUTATED
2102,Gen 2102: تصعيد P1 = 4.24 ATR (13%),1327.7737298024495,27.495989439401264,5711.094919209798,1545,838,707,54.239482200647245,2.0383845475265656,2.899891225959935,MUTATED
2103,Gen 2103: تصعيد P1 = 4.58 ATR (12%),1327.7737298024495,27.495989439401264,5711.094919209798,1545,838,707,54.239482200647245,2.0383845475265656,2.899891225959935,MUTATED
2104,Gen 2104: تصعيد P1 = 4.57 ATR (13%),1327.7737298024495,27.495989439401264,5711.094919209798,1545,838,707,54.239482200647245,2.0383845475265656,2.899891225959935,MUTATED
2105,Gen 2105: تصعيد P1 = 4.64 ATR (12%),1327.7737298024495,27.495989439401264,5711.094919209798,1545,838,707,54.239482200647245,2.0383845475265656,2.899891225959935,MUTATED
2106,Gen 2106: تصعيد P1 = 4.44 ATR (12%),1327.7737298024495,27.495989439401264,5711.094919209798,1545,838,707,54.239482200647245,2.0383845475265656,2.899891225959935,MUTATED
2107,Gen 2107: تصعيد P1 = 4.63 ATR (13%),1327.7737298024495,27.495989439401264,5711.094919209798,1545,838,707,54.239482200647245,2.0383845475265656,2.899891225959935,MUTATED
2108,Gen 2108: تصعيد P1 = 4.25 ATR (14%),1327.7737298024495,27.495989439401264,5711.094919209798,1545,838,707,54.239482200647245,2.0383845475265656,2.899891225959935,MUTATED
2109,Gen 2109: تصعيد P1 = 4.52 ATR (13%),1327.7737298024495,27.495989439401264,5711.094919209798,1545,838,707,54.239482200647245,2.0383845475265656,2.899891225959935,MUTATED
2110,Gen 2110: تصعيد P1 = 4.63 ATR (13%),1327.7737298024495,27.495989439401264,5711.094919209798,1545,838,707,54.239482200647245,2.0383845475265656,2.899891225959935,MUTATED
2111,Gen 2111: تصعيد P1 = 4.4 ATR (14%),1327.7737298024495,27.495989439401264,5711.094919209798,1545,838,707,54.239482200647245,2.0383845475265656,2.899891225959935,MUTATED
2112,Gen 2112: تصعيد P1 = 4.61 ATR (12%),1327.7737298024495,27.495989439401264,5711.094919209798,1545,838,707,54.239482200647245,2.0383845475265656,2.899891225959935,MUTATED
2113,Gen 2113: تصعيد P1 = 4.36 ATR (11%),1327.7737298024495,27.495989439401264,5711.094919209798,1545,838,707,54.239482200647245,2.0383845475265656,2.899891225959935,MUTATED
2114,Gen 2114: تصعيد P1 = 4.47 ATR (11%),1327.7737298024495,27.495989439401264,5711.094919209798,1545,838,707,54.239482200647245,2.0383845475265656,2.899891225959935,MUTATED
2115,Gen 2115: تصعيد P1 = 4.63 ATR (13%),1327.7737298024495,27.495989439401264,5711.094919209798,1545,838,707,54.239482200647245,2.0383845475265656,2.899891225959935,MUTATED
2116,Gen 2116: تصعيد P1 = 4.65 ATR (13%),1327.7737298024495,27.495989439401264,5711.094919209798,1545,838,707,54.239482200647245,2.0383845475265656,2.899891225959935,MUTATED
2117,Gen 2117: تصعيد P1 = 4.22 ATR (13%),1327.7737298024495,27.495989439401264,5711.094919209798,1545,838,707,54.239482200647245,2.0383845475265656,2.899891225959935,MUTATED
2118,Gen 2118: تصعيد P1 = 4.62 ATR (10%),1327.7737298024495,27.495989439401264,5711.094919209798,1545,838,707,54.239482200647245,2.0383845475265656,2.899891225959935,MUTATED
2119,Gen 2119: تصعيد P1 = 4.66 ATR (11%),1327.7737298024495,27.495989439401264,5711.094919209798,1545,838,707,54.239482200647245,2.0383845475265656,2.899891225959935,MUTATED
2120,Gen 2120: تصعيد P1 = 4.43 ATR (14%),1327.7737298024495,27.495989439401264,5711.094919209798,1545,838,707,54.239482200647245,2.0383845475265656,2.899891225959935,MUTATED
2121,Gen 2121: تصعيد P1 = 4.41 ATR (14%),1327.7737298024495,27.495989439401264,5711.094919209798,1545,838,707,54.239482200647245,2.0383845475265656,2.899891225959935,MUTATED
2122,Gen 2122: تصعيد P1 = 4.65 ATR (14%),1327.7737298024495,27.495989439401264,5711.094919209798,1545,838,707,54.239482200647245,2.0383845475265656,2.899891225959935,MUTATED
2123,Gen 2123: تصعيد P1 = 4.35 ATR (13%),1327.7737298024495,27.495989439401264,5711.094919209798,1545,838,707,54.239482200647245,2.0383845475265656,2.899891225959935,MUTATED
2124,Gen 2124: تصعيد P1 = 4.64 ATR (10%),1327.7737298024495,27.495989439401264,5711.094919209798,1545,838,707,54.239482200647245,2.0383845475265656,2.899891225959935,MUTATED
2125,Gen 2125: تصعيد P1 = 4.38 ATR (10%),1327.7737298024495,27.495989439401264,5711.094919209798,1545,838,707,54.239482200647245,2.0383845475265656,2.899891225959935,MUTATED
2126,Gen 2126: تصعيد P1 = 4.53 ATR (13%),1327.7737298024495,27.495989439401264,5711.094919209798,1545,838,707,54.239482200647245,2.0383845475265656,2.899891225959935,MUTATED
2127,Gen 2127: تصعيد P1 = 4.23 ATR (13%),1327.7737298024495,27.495989439401264,5711.094919209798,1545,838,707,54.239482200647245,2.0383845475265656,2.899891225959935,MUTATED
2128,Gen 2128: تصعيد P1 = 4.56 ATR (13%),1327.7737298024495,27.495989439401264,5711.094919209798,1545,838,707,54.239482200647245,2.0383845475265656,2.899891225959935,MUTATED
2129,Gen 2129: تصعيد P1 = 4.41 ATR (10%),1327.7737298024495,27.495989439401264,5711.094919209798,1545,838,707,54.239482200647245,2.0383845475265656,2.899891225959935,MUTATED
2130,Gen 2130: تصعيد P1 = 4.25 ATR (11%),1327.7737298024495,27.495989439401264,5711.094919209798,1545,838,707,54.239482200647245,2.0383845475265656,2.899891225959935,MUTATED
2131,Gen 2131: تصعيد P1 = 4.24 ATR (12%),1327.7737298024495,27.495989439401264,5711.094919209798,1545,838,707,54.239482200647245,2.0383845475265656,2.899891225959935,MUTATED
2132,Gen 2132: تصعيد P1 = 4.46 ATR (12%),1327.7737298024495,27.495989439401264,5711.094919209798,1545,838,707,54.239482200647245,2.0383845475265656,2.899891225959935,MUTATED
2133,Gen 2133: تصعيد P1 = 4.2 ATR (11%),1327.7737298024495,27.495989439401264,5711.094919209798,1545,838,707,54.239482200647245,2.0383845475265656,2.899891225959935,MUTATED
2134,Gen 2134: تصعيد P1 = 4.26 ATR (13%),1327.7737298024495,27.495989439401264,5711.094919209798,1545,838,707,54.239482200647245,2.0383845475265656,2.899891225959935,MUTATED
2135,Gen 2135: تصعيد P1 = 4.55 ATR (12%),1327.7737298024495,27.495989439401264,5711.094919209798,1545,838,707,54.239482200647245,2.0383845475265656,2.899891225959935,MUTATED
2136,Gen 2136: تصعيد P1 = 4.31 ATR (10%),1327.7737298024495,27.495989439401264,5711.094919209798,1545,838,707,54.239482200647245,2.0383845475265656,2.899891225959935,MUTATED
2137,Gen 2137: تصعيد P1 = 4.6 ATR (10%),1327.7737298024495,27.495989439401264,5711.094919209798,1545,838,707,54.239482200647245,2.0383845475265656,2.899891225959935,MUTATED
2138,Gen 2138: تصعيد P1 = 4.38 ATR (11%),1327.7737298024495,27.495989439401264,5711.094919209798,1545,838,707,54.239482200647245,2.0383845475265656,2.899891225959935,MUTATED
2139,Gen 2139: تصعيد P1 = 4.39 ATR (13%),1327.7737298024495,27.495989439401264,5711.094919209798,1545,838,707,54.239482200647245,2.0383845475265656,2.899891225959935,MUTATED
2140,Gen 2140: تصعيد P1 = 4.64 ATR (13%),1327.7737298024495,27.495989439401264,5711.094919209798,1545,838,707,54.239482200647245,2.0383845475265656,2.899891225959935,MUTATED
2141,Gen 2141: تصعيد P1 = 4.54 ATR (10%),1327.7737298024495,27.495989439401264,5711.094919209798,1545,838,707,54.239482200647245,2.0383845475265656,2.899891225959935,MUTATED
2142,Gen 2142: تصعيد P1 = 4.48 ATR (12%),1327.7737298024495,27.495989439401264,5711.094919209798,1545,838,707,54.239482200647245,2.0383845475265656,2.899891225959935,MUTATED
2143,Gen 2143: تصعيد P1 = 4.28 ATR (11%),1327.7737298024495,27.495989439401264,5711.094919209798,1545,838,707,54.239482200647245,2.0383845475265656,2.899891225959935,MUTATED
2144,Gen 2144: تصعيد P1 = 4.31 ATR (13%),1327.7737298024495,27.495989439401264,5711.094919209798,1545,838,707,54.239482200647245,2.0383845475265656,2.899891225959935,MUTATED
2145,Gen 2145: تصعيد P1 = 4.66 ATR (12%),1327.7737298024495,27.495989439401264,5711.094919209798,1545,838,707,54.239482200647245,2.0383845475265656,2.899891225959935,MUTATED
2146,Gen 2146: تصعيد P1 = 4.42 ATR (11%),1327.7737298024495,27.495989439401264,5711.094919209798,1545,838,707,54.239482200647245,2.0383845475265656,2.899891225959935,MUTATED
2147,Gen 2147: تصعيد P1 = 4.65 ATR (11%),1327.7737298024495,27.495989439401264,5711.094919209798,1545,838,707,54.239482200647245,2.0383845475265656,2.899891225959935,MUTATED
2148,Gen 2148: تصعيد P1 = 4.26 ATR (13%),1327.7737298024495,27.495989439401264,5711.094919209798,1545,838,707,54.239482200647245,2.0383845475265656,2.899891225959935,MUTATED
2149,Gen 2149: تصعيد P1 = 4.38 ATR (12%),1327.7737298024495,27.495989439401264,5711.094919209798,1545,838,707,54.239482200647245,2.0383845475265656,2.899891225959935,MUTATED
2150,Gen 2150: تصعيد P1 = 4.6 ATR (11%),1327.7737298024495,27.495989439401264,5711.094919209798,1545,838,707,54.239482200647245,2.0383845475265656,2.899891225959935,MUTATED
2151,Gen 2151: تصعيد P1 = 4.52 ATR (11%),1327.7737298024495,27.495989439401264,5711.094919209798,1545,838,707,54.239482200647245,2.0383845475265656,2.899891225959935,MUTATED
2152,Gen 2152: تصعيد P1 = 4.5 ATR (13%),1327.7737298024495,27.495989439401264,5711.094919209798,1545,838,707,54.239482200647245,2.0383845475265656,2.899891225959935,MUTATED
2153,Gen 2153: تصعيد P1 = 4.34 ATR (14%),1327.7737298024495,27.495989439401264,5711.094919209798,1545,838,707,54.239482200647245,2.0383845475265656,2.899891225959935,MUTATED
2154,Gen 2154: تصعيد P1 = 4.21 ATR (13%),1327.7737298024495,27.495989439401264,5711.094919209798,1545,838,707,54.239482200647245,2.0383845475265656,2.899891225959935,MUTATED
2155,Gen 2155: تصعيد P1 = 4.64 ATR (11%),1327.7737298024495,27.495989439401264,5711.094919209798,1545,838,707,54.239482200647245,2.0383845475265656,2.899891225959935,MUTATED
2156,Gen 2156: تصعيد P1 = 4.5 ATR (11%),1327.7737298024495,27.495989439401264,5711.094919209798,1545,838,707,54.239482200647245,2.0383845475265656,2.899891225959935,MUTATED
2157,Gen 2157: تصعيد P1 = 4.4 ATR (13%),1327.7737298024495,27.495989439401264,5711.094919209798,1545,838,707,54.239482200647245,2.0383845475265656,2.899891225959935,MUTATED
2158,Gen 2158: تصعيد P1 = 4.59 ATR (13%),1327.7737298024495,27.495989439401264,5711.094919209798,1545,838,707,54.239482200647245,2.0383845475265656,2.899891225959935,MUTATED
2159,Gen 2159: تصعيد P1 = 4.32 ATR (12%),1327.7737298024495,27.495989439401264,5711.094919209798,1545,838,707,54.239482200647245,2.0383845475265656,2.899891225959935,MUTATED
2160,Gen 2160: تصعيد P1 = 4.32 ATR (13%),1327.7737298024495,27.495989439401264,5711.094919209798,1545,838,707,54.239482200647245,2.0383845475265656,2.899891225959935,MUTATED
2161,Gen 2161: تصعيد P1 = 4.24 ATR (14%),1327.7737298024495,27.495989439401264,5711.094919209798,1545,838,707,54.239482200647245,2.0383845475265656,2.899891225959935,MUTATED
2162,Gen 2162: تصعيد P1 = 4.21 ATR (11%),1327.7737298024495,27.495989439401264,5711.094919209798,1545,838,707,54.239482200647245,2.0383845475265656,2.899891225959935,MUTATED
2163,Gen 2163: تصعيد P1 = 4.36 ATR (12%),1327.7737298024495,27.495989439401264,5711.094919209798,1545,838,707,54.239482200647245,2.0383845475265656,2.899891225959935,MUTATED
2164,Gen 2164: تصعيد P1 = 4.62 ATR (12%),1327.7737298024495,27.495989439401264,5711.094919209798,1545,838,707,54.239482200647245,2.0383845475265656,2.899891225959935,MUTATED
2165,Gen 2165: تصعيد P1 = 4.47 ATR (11%),1327.7737298024495,27.495989439401264,5711.094919209798,1545,838,707,54.239482200647245,2.0383845475265656,2.899891225959935,MUTATED
2166,Gen 2166: تصعيد P1 = 4.44 ATR (14%),1327.7737298024495,27.495989439401264,5711.094919209798,1545,838,707,54.239482200647245,2.0383845475265656,2.899891225959935,MUTATED
2167,Gen 2167: تصعيد P1 = 4.24 ATR (12%),1327.7737298024495,27.495989439401264,5711.094919209798,1545,838,707,54.239482200647245,2.0383845475265656,2.899891225959935,MUTATED
2168,Gen 2168: تصعيد P1 = 4.21 ATR (11%),1327.7737298024495,27.495989439401264,5711.094919209798,1545,838,707,54.239482200647245,2.0383845475265656,2.899891225959935,MUTATED
2169,Gen 2169: تصعيد P1 = 4.66 ATR (14%),1327.7737298024495,27.495989439401264,5711.094919209798,1545,838,707,54.239482200647245,2.0383845475265656,2.899891225959935,MUTATED
2170,Gen 2170: تصعيد P1 = 4.4 ATR (11%),1327.7737298024495,27.495989439401264,5711.094919209798,1545,838,707,54.239482200647245,2.0383845475265656,2.899891225959935,MUTATED
2171,Gen 2171: تصعيد P1 = 4.56 ATR (13%),1327.7737298024495,27.495989439401264,5711.094919209798,1545,838,707,54.239482200647245,2.0383845475265656,2.899891225959935,MUTATED
2172,Gen 2172: تصعيد P1 = 4.41 ATR (12%),1327.7737298024495,27.495989439401264,5711.094919209798,1545,838,707,54.239482200647245,2.0383845475265656,2.899891225959935,MUTATED
2173,Gen 2173: تصعيد P1 = 4.52 ATR (12%),1327.7737298024495,27.495989439401264,5711.094919209798,1545,838,707,54.239482200647245,2.0383845475265656,2.899891225959935,MUTATED
2174,Gen 2174: تصعيد P1 = 4.28 ATR (10%),1327.7737298024495,27.495989439401264,5711.094919209798,1545,838,707,54.239482200647245,2.0383845475265656,2.899891225959935,MUTATED
2175,Gen 2175: تصعيد P1 = 4.24 ATR (14%),1327.7737298024495,27.495989439401264,5711.094919209798,1545,838,707,54.239482200647245,2.0383845475265656,2.899891225959935,MUTATED
2176,Gen 2176: تصعيد P1 = 4.69 ATR (11%),1327.7737298024495,27.495989439401264,5711.094919209798,1545,838,707,54.239482200647245,2.0383845475265656,2.899891225959935,MUTATED
2177,Gen 2177: تصعيد P1 = 4.36 ATR (12%),1327.7737298024495,27.495989439401264,5711.094919209798,1545,838,707,54.239482200647245,2.0383845475265656,2.899891225959935,MUTATED
2178,Gen 2178: تصعيد P1 = 4.58 ATR (13%),1327.7737298024495,27.495989439401264,5711.094919209798,1545,838,707,54.239482200647245,2.0383845475265656,2.899891225959935,MUTATED
2179,Gen 2179: تصعيد P1 = 4.52 ATR (11%),1327.7737298024495,27.495989439401264,5711.094919209798,1545,838,707,54.239482200647245,2.0383845475265656,2.899891225959935,MUTATED
2180,Gen 2180: تصعيد P1 = 4.42 ATR (14%),1327.7737298024495,27.495989439401264,5711.094919209798,1545,838,707,54.239482200647245,2.0383845475265656,2.899891225959935,MUTATED
2181,Gen 2181: تصعيد P1 = 4.32 ATR (11%),1327.7737298024495,27.495989439401264,5711.094919209798,1545,838,707,54.239482200647245,2.0383845475265656,2.899891225959935,MUTATED
2182,Gen 2182: تصعيد P1 = 4.66 ATR (10%),1327.7737298024495,27.495989439401264,5711.094919209798,1545,838,707,54.239482200647245,2.0383845475265656,2.899891225959935,MUTATED
2183,Gen 2183: تصعيد P1 = 4.51 ATR (10%),1327.7737298024495,27.495989439401264,5711.094919209798,1545,838,707,54.239482200647245,2.0383845475265656,2.899891225959935,MUTATED
2184,Gen 2184: تصعيد P1 = 4.53 ATR (13%),1327.7737298024495,27.495989439401264,5711.094919209798,1545,838,707,54.239482200647245,2.0383845475265656,2.899891225959935,MUTATED
2185,Gen 2185: تصعيد P1 = 4.29 ATR (10%),1327.7737298024495,27.495989439401264,5711.094919209798,1545,838,707,54.239482200647245,2.0383845475265656,2.899891225959935,MUTATED
2186,Gen 2186: تصعيد P1 = 4.27 ATR (10%),1327.7737298024495,27.495989439401264,5711.094919209798,1545,838,707,54.239482200647245,2.0383845475265656,2.899891225959935,MUTATED
2187,Gen 2187: تصعيد P1 = 4.45 ATR (11%),1327.7737298024495,27.495989439401264,5711.094919209798,1545,838,707,54.239482200647245,2.0383845475265656,2.899891225959935,MUTATED
2188,Gen 2188: تصعيد P1 = 4.46 ATR (13%),1328.9993728856857,27.495989439401264,5715.997491542743,1546,838,708,54.20439844760673,2.03895898747203,2.901362199043807,ADOPTED
2189,Gen 2189: تصعيد P1 = 4.33 ATR (11%),1328.9993728856857,27.495989439401264,5715.997491542743,1546,838,708,54.20439844760673,2.03895898747203,2.901362199043807,MUTATED
2190,Gen 2190: تصعيد P1 = 4.57 ATR (13%),1328.9993728856857,27.495989439401264,5715.997491542743,1546,838,708,54.20439844760673,2.03895898747203,2.901362199043807,MUTATED
2191,Gen 2191: تصعيد P1 = 4.57 ATR (10%),1328.9993728856857,27.495989439401264,5715.997491542743,1546,838,708,54.20439844760673,2.03895898747203,2.901362199043807,MUTATED
2192,Gen 2192: تصعيد P1 = 4.65 ATR (11%),1328.9993728856857,27.495989439401264,5715.997491542743,1546,838,708,54.20439844760673,2.03895898747203,2.901362199043807,MUTATED
2193,Gen 2193: تصعيد P1 = 4.41 ATR (12%),1328.9993728856857,27.495989439401264,5715.997491542743,1546,838,708,54.20439844760673,2.03895898747203,2.901362199043807,MUTATED
2194,Gen 2194: تصعيد P1 = 4.33 ATR (14%),1328.9993728856857,27.495989439401264,5715.997491542743,1546,838,708,54.20439844760673,2.03895898747203,2.901362199043807,MUTATED
2195,Gen 2195: تصعيد P1 = 4.51 ATR (12%),1328.9993728856857,27.495989439401264,5715.997491542743,1546,838,708,54.20439844760673,2.03895898747203,2.901362199043807,MUTATED
2196,Gen 2196: تصعيد P1 = 4.46 ATR (10%),1328.9993728856857,27.495989439401264,5715.997491542743,1546,838,708,54.20439844760673,2.03895898747203,2.901362199043807,MUTATED
2197,Gen 2197: تصعيد P1 = 4.63 ATR (11%),1328.9993728856857,27.495989439401264,5715.997491542743,1546,838,708,54.20439844760673,2.03895898747203,2.901362199043807,MUTATED
2198,Gen 2198: تصعيد P1 = 4.28 ATR (13%),1328.9993728856857,27.495989439401264,5715.997491542743,1546,838,708,54.20439844760673,2.03895898747203,2.901362199043807,MUTATED
2199,Gen 2199: تصعيد P1 = 4.65 ATR (13%),1328.9993728856857,27.495989439401264,5715.997491542743,1546,838,708,54.20439844760673,2.03895898747203,2.901362199043807,MUTATED
2200,Gen 2200: تصعيد P1 = 4.26 ATR (13%),1328.9993728856857,27.495989439401264,5715.997491542743,1546,838,708,54.20439844760673,2.03895898747203,2.901362199043807,MUTATED
2201,Gen 2201: ضبط الوقف P1 = 1.89 ATR,1328.9993728856857,27.495989439401264,5715.997491542743,1546,838,708,54.20439844760673,2.03895898747203,2.901362199043807,MUTATED
2202,Gen 2202: ضبط الوقف P1 = 1.924 ATR,1328.9993728856857,27.495989439401264,5715.997491542743,1546,838,708,54.20439844760673,2.03895898747203,2.901362199043807,MUTATED
2203,Gen 2203: ضبط الوقف P1 = 1.89 ATR,1328.9993728856857,27.495989439401264,5715.997491542743,1546,838,708,54.20439844760673,2.03895898747203,2.901362199043807,MUTATED
2204,Gen 2204: ضبط الوقف P1 = 1.892 ATR,1328.9993728856857,27.495989439401264,5715.997491542743,1546,838,708,54.20439844760673,2.03895898747203,2.901362199043807,MUTATED
2205,Gen 2205: ضبط الوقف P1 = 1.905 ATR,1328.9993728856857,27.495989439401264,5715.997491542743,1546,838,708,54.20439844760673,2.03895898747203,2.901362199043807,MUTATED
2206,Gen 2206: ضبط الوقف P1 = 1.927 ATR,1328.9993728856857,27.495989439401264,5715.997491542743,1546,838,708,54.20439844760673,2.03895898747203,2.901362199043807,MUTATED
2207,Gen 2207: ضبط الوقف P1 = 1.897 ATR,1328.9993728856857,27.495989439401264,5715.997491542743,1546,838,708,54.20439844760673,2.03895898747203,2.901362199043807,MUTATED
2208,Gen 2208: ضبط الوقف P1 = 1.928 ATR,1328.9993728856857,27.495989439401264,5715.997491542743,1546,838,708,54.20439844760673,2.03895898747203,2.901362199043807,MUTATED
2209,Gen 2209: ضبط الوقف P1 = 1.891 ATR,1328.9993728856857,27.495989439401264,5715.997491542743,1546,838,708,54.20439844760673,2.03895898747203,2.901362199043807,MUTATED
2210,Gen 2210: ضبط الوقف P1 = 1.922 ATR,1328.9993728856857,27.495989439401264,5715.997491542743,1546,838,708,54.20439844760673,2.03895898747203,2.901362199043807,MUTATED
2211,Gen 2211: ضبط الوقف P1 = 1.919 ATR,1328.9993728856857,27.495989439401264,5715.997491542743,1546,838,708,54.20439844760673,2.03895898747203,2.901362199043807,MUTATED
2212,Gen 2212: ضبط الوقف P1 = 1.916 ATR,1328.9993728856857,27.495989439401264,5715.997491542743,1546,838,708,54.20439844760673,2.03895898747203,2.901362199043807,MUTATED
2213,Gen 2213: ضبط الوقف P1 = 1.899 ATR,1328.9993728856857,27.495989439401264,5715.997491542743,1546,838,708,54.20439844760673,2.03895898747203,2.901362199043807,MUTATED
2214,Gen 2214: ضبط الوقف P1 = 1.9 ATR,1328.9993728856857,27.495989439401264,5715.997491542743,1546,838,708,54.20439844760673,2.03895898747203,2.901362199043807,MUTATED
2215,Gen 2215: ضبط الوقف P1 = 1.927 ATR,1328.9993728856857,27.495989439401264,5715.997491542743,1546,838,708,54.20439844760673,2.03895898747203,2.901362199043807,MUTATED
2216,Gen 2216: ضبط الوقف P1 = 1.903 ATR,1328.9993728856857,27.495989439401264,5715.997491542743,1546,838,708,54.20439844760673,2.03895898747203,2.901362199043807,MUTATED
2217,Gen 2217: ضبط الوقف P1 = 1.923 ATR,1328.9993728856857,27.495989439401264,5715.997491542743,1546,838,708,54.20439844760673,2.03895898747203,2.901362199043807,MUTATED
2218,Gen 2218: ضبط الوقف P1 = 1.913 ATR,1328.9993728856857,27.495989439401264,5715.997491542743,1546,838,708,54.20439844760673,2.03895898747203,2.901362199043807,MUTATED
2219,Gen 2219: ضبط الوقف P1 = 1.895 ATR,1328.9993728856857,27.495989439401264,5715.997491542743,1546,838,708,54.20439844760673,2.03895898747203,2.901362199043807,MUTATED
2220,Gen 2220: ضبط الوقف P1 = 1.917 ATR,1328.9993728856857,27.495989439401264,5715.997491542743,1546,838,708,54.20439844760673,2.03895898747203,2.901362199043807,MUTATED
2221,Gen 2221: ضبط الوقف P1 = 1.892 ATR,1328.9993728856857,27.495989439401264,5715.997491542743,1546,838,708,54.20439844760673,2.03895898747203,2.901362199043807,MUTATED
2222,Gen 2222: ضبط الوقف P1 = 1.899 ATR,1328.9993728856857,27.495989439401264,5715.997491542743,1546,838,708,54.20439844760673,2.03895898747203,2.901362199043807,MUTATED
2223,Gen 2223: ضبط الوقف P1 = 1.911 ATR,1328.9993728856857,27.495989439401264,5715.997491542743,1546,838,708,54.20439844760673,2.03895898747203,2.901362199043807,MUTATED
2224,Gen 2224: ضبط الوقف P1 = 1.892 ATR,1328.9993728856857,27.495989439401264,5715.997491542743,1546,838,708,54.20439844760673,2.03895898747203,2.901362199043807,MUTATED
2225,Gen 2225: ضبط الوقف P1 = 1.906 ATR,1328.9993728856857,27.495989439401264,5715.997491542743,1546,838,708,54.20439844760673,2.03895898747203,2.901362199043807,MUTATED
2226,Gen 2226: ضبط الوقف P1 = 1.925 ATR,1328.9993728856857,27.495989439401264,5715.997491542743,1546,838,708,54.20439844760673,2.03895898747203,2.901362199043807,MUTATED
2227,Gen 2227: ضبط الوقف P1 = 1.925 ATR,1328.9993728856857,27.495989439401264,5715.997491542743,1546,838,708,54.20439844760673,2.03895898747203,2.901362199043807,MUTATED
2228,Gen 2228: ضبط الوقف P1 = 1.921 ATR,1328.9993728856857,27.495989439401264,5715.997491542743,1546,838,708,54.20439844760673,2.03895898747203,2.901362199043807,MUTATED
2229,Gen 2229: ضبط الوقف P1 = 1.902 ATR,1328.9993728856857,27.495989439401264,5715.997491542743,1546,838,708,54.20439844760673,2.03895898747203,2.901362199043807,MUTATED
2230,Gen 2230: ضبط الوقف P1 = 1.893 ATR,1328.9993728856857,27.495989439401264,5715.997491542743,1546,838,708,54.20439844760673,2.03895898747203,2.901362199043807,MUTATED
2231,Gen 2231: ضبط الوقف P1 = 1.908 ATR,1328.9993728856857,27.495989439401264,5715.997491542743,1546,838,708,54.20439844760673,2.03895898747203,2.901362199043807,MUTATED
2232,Gen 2232: ضبط الوقف P1 = 1.905 ATR,1328.9993728856857,27.495989439401264,5715.997491542743,1546,838,708,54.20439844760673,2.03895898747203,2.901362199043807,MUTATED
2233,Gen 2233: ضبط الوقف P1 = 1.902 ATR,1328.9993728856857,27.495989439401264,5715.997491542743,1546,838,708,54.20439844760673,2.03895898747203,2.901362199043807,MUTATED
2234,Gen 2234: ضبط الوقف P1 = 1.921 ATR,1328.9993728856857,27.495989439401264,5715.997491542743,1546,838,708,54.20439844760673,2.03895898747203,2.901362199043807,MUTATED
2235,Gen 2235: ضبط الوقف P1 = 1.92 ATR,1328.9993728856857,27.495989439401264,5715.997491542743,1546,838,708,54.20439844760673,2.03895898747203,2.901362199043807,MUTATED
2236,Gen 2236: ضبط الوقف P1 = 1.9 ATR,1328.9993728856857,27.495989439401264,5715.997491542743,1546,838,708,54.20439844760673,2.03895898747203,2.901362199043807,MUTATED
2237,Gen 2237: ضبط الوقف P1 = 1.905 ATR,1328.9993728856857,27.495989439401264,5715.997491542743,1546,838,708,54.20439844760673,2.03895898747203,2.901362199043807,MUTATED
2238,Gen 2238: ضبط الوقف P1 = 1.929 ATR,1328.9993728856857,27.495989439401264,5715.997491542743,1546,838,708,54.20439844760673,2.03895898747203,2.901362199043807,MUTATED
2239,Gen 2239: ضبط الوقف P1 = 1.93 ATR,1328.9993728856857,27.495989439401264,5715.997491542743,1546,838,708,54.20439844760673,2.03895898747203,2.901362199043807,MUTATED
2240,Gen 2240: ضبط الوقف P1 = 1.921 ATR,1328.9993728856857,27.495989439401264,5715.997491542743,1546,838,708,54.20439844760673,2.03895898747203,2.901362199043807,MUTATED
2241,Gen 2241: ضبط الوقف P1 = 1.919 ATR,1328.9993728856857,27.495989439401264,5715.997491542743,1546,838,708,54.20439844760673,2.03895898747203,2.901362199043807,MUTATED
2242,Gen 2242: ضبط الوقف P1 = 1.912 ATR,1328.9993728856857,27.495989439401264,5715.997491542743,1546,838,708,54.20439844760673,2.03895898747203,2.901362199043807,MUTATED
2243,Gen 2243: ضبط الوقف P1 = 1.922 ATR,1328.9993728856857,27.495989439401264,5715.997491542743,1546,838,708,54.20439844760673,2.03895898747203,2.901362199043807,MUTATED
2244,Gen 2244: ضبط الوقف P1 = 1.896 ATR,1328.9993728856857,27.495989439401264,5715.997491542743,1546,838,708,54.20439844760673,2.03895898747203,2.901362199043807,MUTATED
2245,Gen 2245: ضبط الوقف P1 = 1.927 ATR,1328.9993728856857,27.495989439401264,5715.997491542743,1546,838,708,54.20439844760673,2.03895898747203,2.901362199043807,MUTATED
2246,Gen 2246: ضبط الوقف P1 = 1.891 ATR,1328.9993728856857,27.495989439401264,5715.997491542743,1546,838,708,54.20439844760673,2.03895898747203,2.901362199043807,MUTATED
2247,Gen 2247: ضبط الوقف P1 = 1.912 ATR,1328.9993728856857,27.495989439401264,5715.997491542743,1546,838,708,54.20439844760673,2.03895898747203,2.901362199043807,MUTATED
2248,Gen 2248: ضبط الوقف P1 = 1.915 ATR,1328.9993728856857,27.495989439401264,5715.997491542743,1546,838,708,54.20439844760673,2.03895898747203,2.901362199043807,MUTATED
2249,Gen 2249: ضبط الوقف P1 = 1.918 ATR,1328.9993728856857,27.495989439401264,5715.997491542743,1546,838,708,54.20439844760673,2.03895898747203,2.901362199043807,MUTATED
2250,Gen 2250: ضبط الوقف P1 = 1.89 ATR,1328.9993728856857,27.495989439401264,5715.997491542743,1546,838,708,54.20439844760673,2.03895898747203,2.901362199043807,MUTATED
2251,Gen 2251: ضبط الوقف P1 = 1.903 ATR,1328.9993728856857,27.495989439401264,5715.997491542743,1546,838,708,54.20439844760673,2.03895898747203,2.901362199043807,MUTATED
2252,Gen 2252: ضبط الوقف P1 = 1.92 ATR,1328.9993728856857,27.495989439401264,5715.997491542743,1546,838,708,54.20439844760673,2.03895898747203,2.901362199043807,MUTATED
2253,Gen 2253: ضبط الوقف P1 = 1.905 ATR,1328.9993728856857,27.495989439401264,5715.997491542743,1546,838,708,54.20439844760673,2.03895898747203,2.901362199043807,MUTATED
2254,Gen 2254: ضبط الوقف P1 = 1.92 ATR,1328.9993728856857,27.495989439401264,5715.997491542743,1546,838,708,54.20439844760673,2.03895898747203,2.901362199043807,MUTATED
2255,Gen 2255: ضبط الوقف P1 = 1.902 ATR,1328.9993728856857,27.495989439401264,5715.997491542743,1546,838,708,54.20439844760673,2.03895898747203,2.901362199043807,MUTATED
2256,Gen 2256: ضبط الوقف P1 = 1.898 ATR,1328.9993728856857,27.495989439401264,5715.997491542743,1546,838,708,54.20439844760673,2.03895898747203,2.901362199043807,MUTATED
2257,Gen 2257: ضبط الوقف P1 = 1.929 ATR,1328.9993728856857,27.495989439401264,5715.997491542743,1546,838,708,54.20439844760673,2.03895898747203,2.901362199043807,MUTATED
2258,Gen 2258: ضبط الوقف P1 = 1.907 ATR,1328.9993728856857,27.495989439401264,5715.997491542743,1546,838,708,54.20439844760673,2.03895898747203,2.901362199043807,MUTATED
2259,Gen 2259: ضبط الوقف P1 = 1.928 ATR,1328.9993728856857,27.495989439401264,5715.997491542743,1546,838,708,54.20439844760673,2.03895898747203,2.901362199043807,MUTATED
2260,Gen 2260: ضبط الوقف P1 = 1.929 ATR,1328.9993728856857,27.495989439401264,5715.997491542743,1546,838,708,54.20439844760673,2.03895898747203,2.901362199043807,MUTATED
2261,Gen 2261: ضبط الوقف P1 = 1.896 ATR,1328.9993728856857,27.495989439401264,5715.997491542743,1546,838,708,54.20439844760673,2.03895898747203,2.901362199043807,MUTATED
2262,Gen 2262: ضبط الوقف P1 = 1.901 ATR,1328.9993728856857,27.495989439401264,5715.997491542743,1546,838,708,54.20439844760673,2.03895898747203,2.901362199043807,MUTATED
2263,Gen 2263: ضبط الوقف P1 = 1.892 ATR,1328.9993728856857,27.495989439401264,5715.997491542743,1546,838,708,54.20439844760673,2.03895898747203,2.901362199043807,MUTATED
2264,Gen 2264: ضبط الوقف P1 = 1.899 ATR,1328.9993728856857,27.495989439401264,5715.997491542743,1546,838,708,54.20439844760673,2.03895898747203,2.901362199043807,MUTATED
2265,Gen 2265: ضبط الوقف P1 = 1.924 ATR,1328.9993728856857,27.495989439401264,5715.997491542743,1546,838,708,54.20439844760673,2.03895898747203,2.901362199043807,MUTATED
2266,Gen 2266: ضبط الوقف P1 = 1.907 ATR,1328.9993728856857,27.495989439401264,5715.997491542743,1546,838,708,54.20439844760673,2.03895898747203,2.901362199043807,MUTATED
2267,Gen 2267: ضبط الوقف P1 = 1.926 ATR,1328.9993728856857,27.495989439401264,5715.997491542743,1546,838,708,54.20439844760673,2.03895898747203,2.901362199043807,MUTATED
2268,Gen 2268: ضبط الوقف P1 = 1.908 ATR,1328.9993728856857,27.495989439401264,5715.997491542743,1546,838,708,54.20439844760673,2.03895898747203,2.901362199043807,MUTATED
2269,Gen 2269: ضبط الوقف P1 = 1.92 ATR,1328.9993728856857,27.495989439401264,5715.997491542743,1546,838,708,54.20439844760673,2.03895898747203,2.901362199043807,MUTATED
2270,Gen 2270: ضبط الوقف P1 = 1.913 ATR,1328.9993728856857,27.495989439401264,5715.997491542743,1546,838,708,54.20439844760673,2.03895898747203,2.901362199043807,MUTATED
2271,Gen 2271: ضبط الوقف P1 = 1.91 ATR,1328.9993728856857,27.495989439401264,5715.997491542743,1546,838,708,54.20439844760673,2.03895898747203,2.901362199043807,MUTATED
2272,Gen 2272: ضبط الوقف P1 = 1.915 ATR,1328.9993728856857,27.495989439401264,5715.997491542743,1546,838,708,54.20439844760673,2.03895898747203,2.901362199043807,MUTATED
2273,Gen 2273: ضبط الوقف P1 = 1.906 ATR,1328.9993728856857,27.495989439401264,5715.997491542743,1546,838,708,54.20439844760673,2.03895898747203,2.901362199043807,MUTATED
2274,Gen 2274: ضبط الوقف P1 = 1.914 ATR,1328.9993728856857,27.495989439401264,5715.997491542743,1546,838,708,54.20439844760673,2.03895898747203,2.901362199043807,MUTATED
2275,Gen 2275: ضبط الوقف P1 = 1.892 ATR,1328.9993728856857,27.495989439401264,5715.997491542743,1546,838,708,54.20439844760673,2.03895898747203,2.901362199043807,MUTATED
2276,Gen 2276: ضبط الوقف P1 = 1.916 ATR,1328.9993728856857,27.495989439401264,5715.997491542743,1546,838,708,54.20439844760673,2.03895898747203,2.901362199043807,MUTATED
2277,Gen 2277: ضبط الوقف P1 = 1.895 ATR,1328.9993728856857,27.495989439401264,5715.997491542743,1546,838,708,54.20439844760673,2.03895898747203,2.901362199043807,MUTATED
2278,Gen 2278: ضبط الوقف P1 = 1.902 ATR,1328.9993728856857,27.495989439401264,5715.997491542743,1546,838,708,54.20439844760673,2.03895898747203,2.901362199043807,MUTATED
2279,Gen 2279: ضبط الوقف P1 = 1.924 ATR,1328.9993728856857,27.495989439401264,5715.997491542743,1546,838,708,54.20439844760673,2.03895898747203,2.901362199043807,MUTATED
2280,Gen 2280: ضبط الوقف P1 = 1.927 ATR,1328.9993728856857,27.495989439401264,5715.997491542743,1546,838,708,54.20439844760673,2.03895898747203,2.901362199043807,MUTATED
2281,Gen 2281: ضبط الوقف P1 = 1.906 ATR,1328.9993728856857,27.495989439401264,5715.997491542743,1546,838,708,54.20439844760673,2.03895898747203,2.901362199043807,MUTATED
2282,Gen 2282: ضبط الوقف P1 = 1.923 ATR,1328.9993728856857,27.495989439401264,5715.997491542743,1546,838,708,54.20439844760673,2.03895898747203,2.901362199043807,MUTATED
2283,Gen 2283: ضبط الوقف P1 = 1.903 ATR,1328.9993728856857,27.495989439401264,5715.997491542743,1546,838,708,54.20439844760673,2.03895898747203,2.901362199043807,MUTATED
2284,Gen 2284: ضبط الوقف P1 = 1.908 ATR,1328.9993728856857,27.495989439401264,5715.997491542743,1546,838,708,54.20439844760673,2.03895898747203,2.901362199043807,MUTATED
2285,Gen 2285: ضبط الوقف P1 = 1.899 ATR,1328.9993728856857,27.495989439401264,5715.997491542743,1546,838,708,54.20439844760673,2.03895898747203,2.901362199043807,MUTATED
2286,Gen 2286: ضبط الوقف P1 = 1.928 ATR,1328.9993728856857,27.495989439401264,5715.997491542743,1546,838,708,54.20439844760673,2.03895898747203,2.901362199043807,MUTATED
2287,Gen 2287: ضبط الوقف P1 = 1.895 ATR,1328.9993728856857,27.495989439401264,5715.997491542743,1546,838,708,54.20439844760673,2.03895898747203,2.901362199043807,MUTATED
2288,Gen 2288: ضبط الوقف P1 = 1.921 ATR,1328.9993728856857,27.495989439401264,5715.997491542743,1546,838,708,54.20439844760673,2.03895898747203,2.901362199043807,MUTATED
2289,Gen 2289: ضبط الوقف P1 = 1.894 ATR,1328.9993728856857,27.495989439401264,5715.997491542743,1546,838,708,54.20439844760673,2.03895898747203,2.901362199043807,MUTATED
2290,Gen 2290: ضبط الوقف P1 = 1.894 ATR,1328.9993728856857,27.495989439401264,5715.997491542743,1546,838,708,54.20439844760673,2.03895898747203,2.901362199043807,MUTATED
2291,Gen 2291: ضبط الوقف P1 = 1.908 ATR,1328.9993728856857,27.495989439401264,5715.997491542743,1546,838,708,54.20439844760673,2.03895898747203,2.901362199043807,MUTATED
2292,Gen 2292: ضبط الوقف P1 = 1.903 ATR,1328.9993728856857,27.495989439401264,5715.997491542743,1546,838,708,54.20439844760673,2.03895898747203,2.901362199043807,MUTATED
2293,Gen 2293: ضبط الوقف P1 = 1.895 ATR,1328.9993728856857,27.495989439401264,5715.997491542743,1546,838,708,54.20439844760673,2.03895898747203,2.901362199043807,MUTATED
2294,Gen 2294: ضبط الوقف P1 = 1.904 ATR,1328.9993728856857,27.495989439401264,5715.997491542743,1546,838,708,54.20439844760673,2.03895898747203,2.901362199043807,MUTATED
2295,Gen 2295: ضبط الوقف P1 = 1.921 ATR,1328.9993728856857,27.495989439401264,5715.997491542743,1546,838,708,54.20439844760673,2.03895898747203,2.901362199043807,MUTATED
2296,Gen 2296: ضبط الوقف P1 = 1.908 ATR,1328.9993728856857,27.495989439401264,5715.997491542743,1546,838,708,54.20439844760673,2.03895898747203,2.901362199043807,MUTATED
2297,Gen 2297: ضبط الوقف P1 = 1.909 ATR,1328.9993728856857,27.495989439401264,5715.997491542743,1546,838,708,54.20439844760673,2.03895898747203,2.901362199043807,MUTATED
2298,Gen 2298: ضبط الوقف P1 = 1.924 ATR,1328.9993728856857,27.495989439401264,5715.997491542743,1546,838,708,54.20439844760673,2.03895898747203,2.901362199043807,MUTATED
2299,Gen 2299: ضبط الوقف P1 = 1.894 ATR,1328.9993728856857,27.495989439401264,5715.997491542743,1546,838,708,54.20439844760673,2.03895898747203,2.901362199043807,MUTATED
2300,Gen 2300: ضبط الوقف P1 = 1.922 ATR,1328.9993728856857,27.495989439401264,5715.997491542743,1546,838,708,54.20439844760673,2.03895898747203,2.901362199043807,MUTATED
